{"config": {"model_config": {"dropout": 0.0, "hidden_size": 64, "input_size": 6, "num_layers": 2, "rnn_arch": "LSTM", "use_attn": true}, "tra_config": {"dropout": 0.0, "hidden_size": 32, "num_layers": 1, "num_states": 3, "rnn_arch": "LSTM", "src_info": "LR_TPE", "tau": 1.0}, "model_type": "RNN", "lr": 0.001, "n_epochs": 200, "early_stop": 20, "max_steps_per_epoch": null, "lamb": 1.0, "rho": 0.99, "alpha": 0.5, "seed": null, "logdir": "output/Alpha360", "pretrain": true, "init_state": null, "transport_method": "router", "use_daily_transport": false}, "best_eval_metric": -0.08205284422052192, "metrics": {"train": {"MSE": 0.14575657459337996, "MAE": 0.30433705213470774, "IC": 0.12816786172852673, "ICIR": 1.0108454040050912}, "valid": {"MSE": 0.15402222825874204, "MAE": 0.31410103330273803, "IC": 0.08201127767497814, "ICIR": 0.5810185850438012}, "test": {"MSE": 0.15708736738125248, "MAE": 0.31670759164037693, "IC": 0.058820615477898366, "ICIR": 0.48153924826851374}}}