{"config": {"model_config": {"input_size": 158, "hidden_size": 256, "num_layers": 2, "rnn_arch": "LSTM", "use_attn": true, "dropout": 0.2}, "tra_config": {"num_states": 3, "rnn_arch": "LSTM", "hidden_size": 32, "num_layers": 1, "dropout": 0.0, "tau": 1.0, "src_info": "LR_TPE"}, "model_type": "RNN", "lr": 0.001, "n_epochs": 1, "early_stop": 1, "max_steps_per_epoch": null, "lamb": 1.0, "rho": 0.99, "alpha": 0.5, "seed": 0, "logdir": "output/Alpha158_full", "pretrain": true, "init_state": null, "transport_method": "router", "use_daily_transport": false}, "best_eval_metric": -0.08221985643372082, "metrics": {"train": {"MSE": 0.14664480132145782, "MAE": 0.3065460539240597, "IC": 0.11754670571905516, "ICIR": 0.9997682106176091}, "valid": {"MSE": 0.15197042428928373, "MAE": 0.3134298698580937, "IC": 0.08269611061304061, "ICIR": 0.622520858096763}, "test": {"MSE": 0.15755087890015068, "MAE": 0.3187689913115661, "IC": 0.05169194967965268, "ICIR": 0.4350709565032711}}}