{"config": {"model_config": {"dropout": 0.0, "hidden_size": 64, "input_size": 20, "num_layers": 2, "rnn_arch": "LSTM", "use_attn": true}, "tra_config": {"dropout": 0.0, "hidden_size": 32, "num_layers": 1, "num_states": 3, "rnn_arch": "LSTM", "src_info": "LR_TPE", "tau": 1.0}, "model_type": "RNN", "lr": 0.001, "n_epochs": 100, "early_stop": 20, "max_steps_per_epoch": null, "lamb": 1.0, "rho": 0.99, "alpha": 0.5, "seed": null, "logdir": "output/Alpha158", "pretrain": true, "init_state": null, "transport_method": "router", "use_daily_transport": false}, "best_eval_metric": -0.07698984083032268, "metrics": {"train": {"MSE": 0.14429616181324517, "MAE": 0.3031020003453421, "IC": 0.13478789193949348, "ICIR": 1.113168784000669}, "valid": {"MSE": 0.15446199183446413, "MAE": 0.3155477509680899, "IC": 0.07704442817221226, "ICIR": 0.5401543788432198}, "test": {"MSE": 0.15923322940957482, "MAE": 0.3204052184603202, "IC": 0.04674195985318406, "ICIR": 0.3953135075614364}}}