dimension,group,horizon,rows,rmse,mae,bias,pearson,rank_ic,prediction_mean,prediction_std,target_mean,target_std,accuracy,balanced_accuracy,mcc,auc,target_up_rate,prediction_up_rate
date,2026-01-05,5,47185,0.0036574277441856337,0.0020359615509120267,-0.0003217351884411563,-0.0016806769605489256,0.01975976562501028,-0.0001360708488133926,4.7098224146874844e-05,0.00018566433962776367,0.003642865522340143,0.5073260851099974,0.5003903562153945,0.008521811231724189,0.5064807625250932,0.4930349103881763,0.0021022679011297035
date,2026-01-05,15,47092,0.00646768506415579,0.0035958247492448693,-0.0008581250326721435,0.019099181880154352,0.04396012220697562,-0.00020522709201696202,0.00015907781150006241,0.0006528979406551814,0.006411569678954689,0.4899868191674816,0.5001630065691046,0.001883075166444854,0.5195051171022536,0.5103320719418343,0.00754708958714231
date,2026-01-05,30,46997,0.009020929883221816,0.005227665606817071,-0.001509970519369227,0.0481142739254294,0.0637667751639933,-0.00025086011189376335,0.00024690938295465504,0.0012591104074754637,0.008902118438213855,0.4700142738447773,0.5009537787717827,0.005014855318515899,0.5325480469645435,0.5334370139968896,0.03741025586399369
date,2026-01-05,60,46845,0.012733862684694989,0.007863139470639713,-0.0030717176299499996,0.04342160863363896,0.06213407582656792,-0.0002894620489366774,0.0004537358803702533,0.0027822555810133225,0.01236920887901833,0.47235869611654635,0.5200453968182769,0.049497471477349515,0.545138827026243,0.5786303242619729,0.19991882770111505
date,2026-01-05,120,46802,0.017556920829811265,0.01144063792305878,-0.005455110877915131,0.007270439833147181,0.02996906178969392,-0.00029005645283602916,0.001256469229711667,0.005165054425079102,0.016649706073493007,0.5325568971043915,0.5342106512674286,0.06585339585616971,0.5461337732626577,0.6357303130676354,0.5031947857677103
date,2026-01-05,240,47262,0.02557621730411846,0.017682024990714484,-0.011094400345128057,0.00388623825384882,0.026701133438604925,-0.0005670999989298503,0.0026096611536608476,0.010527300346198207,0.02290658131546741,0.5631930923558791,0.5666154926432345,0.11739473517942078,0.5896216553327381,0.737407940404639,0.5244222466773893
date,2026-01-05,480,47095,0.03910995053500927,0.026135305408164666,-0.01581092030184639,-0.06790933580400547,-0.02457157853587001,0.0005878485610048294,0.0047095362262593475,0.016398768862851222,0.03514178571113098,0.5933186085035892,0.5330202599200717,0.06393334519416834,0.5364819964704156,0.7014611561823048,0.6629571422503504
date,2026-01-06,5,46078,0.0037789814208459196,0.0021589817844615217,-0.00036122119996459827,-0.01825341364188153,0.02261441949293018,-0.0001414700579158874,4.370180399841981e-05,0.00021975114204871086,0.0037606263068100205,0.5015761897515055,0.5000876105028694,0.005942459280426154,0.5075153682561186,0.49851077244168096,0.0002174054829662804
date,2026-01-06,15,45991,0.006943170776520664,0.003972399273640282,-0.0007729323368877015,-0.03330949684947566,0.020399778813997103,-0.00021668386760226898,0.0001569228152600896,0.0005562484692854325,0.006893004534973345,0.4914981167403279,0.5000864816788948,0.0014035306426852232,0.5106923032314781,0.5086542857764909,0.003810062920467658
date,2026-01-06,30,45865,0.009901717284578664,0.005835651863487999,-0.0014763873520169787,-0.04763619421637182,0.02133405168484632,-0.00027011477569486236,0.00024291781892529898,0.0012062725763221163,0.009776452145048402,0.48404197299243,0.5002741681051454,0.001973943397158573,0.5141863998539519,0.5168960928467026,0.019655751652522962
date,2026-01-06,60,45678,0.013115334255565363,0.008114375787646655,-0.0019620829852462288,-0.06290812590885139,-0.009605431367579262,-0.00032343397719817457,0.00045081319624920145,0.001638649008048054,0.012931570538944436,0.49419572454879973,0.5035293254306499,0.00979838852901698,0.49829844836293036,0.5134483967057999,0.15307955142807078
date,2026-01-06,120,45475,0.018143947588148603,0.011902804428659985,-0.0030936192981187976,-0.047911246489578195,0.012473886723589333,-0.00039447805999062437,0.0012564236357336194,0.002699141238128173,0.017773966376948187,0.5103706147586056,0.5124298364436397,0.024944372765724008,0.5124841241755872,0.5218519740459694,0.4534257120862202
date,2026-01-06,240,46075,0.025271268910009307,0.01736049753647233,-0.005071344768018584,-0.028350697302291644,0.017790263591587453,-0.0008105486291369733,0.0026178228460753436,0.004260796138881611,0.024544292321535092,0.5035057633446935,0.5043723428403806,0.008749365384673474,0.5147713462149927,0.5178110143920811,0.47582868430763886
date,2026-01-06,480,45563,0.03732907478972796,0.024299365342761257,-0.01144082203149675,-0.05589825111609278,-0.015678411294359536,0.0002370728629499604,0.004628625642771973,0.011677894894446709,0.03497208089605535,0.5353513181289373,0.5052690784428611,0.01059617146056884,0.5163986953896178,0.6181267423228044,0.6285751915183178
date,2026-01-07,5,45673,0.004125964615800101,0.002418880124246512,-0.00022540616220740632,-0.004026272316909982,0.0049351083988485945,-0.00014554067598020675,4.39170244934893e-05,7.986548622719958e-05,0.004119392014653087,0.5185697049468027,0.5000049876652869,0.0001853139574130222,0.495391307641508,0.4814083580125041,0.0007239223428759461
date,2026-01-07,15,45580,0.007157661786753228,0.004320294614196361,-0.000282425426895032,-0.007559463651526602,0.015527589936861515,-0.0002367265932858068,0.00017065879097489086,4.5698833609225236e-05,0.007148761335585996,0.5447116968698518,0.4999816976867382,-0.000408118079960769,0.5011605581185798,0.45509060955518943,0.00199890170236134
date,2026-01-07,30,45465,0.009916615024493097,0.0062259864406435566,-0.0004028333302403244,-0.006912478441391765,0.02764016849129682,-0.000303061562931174,0.0002634664053336345,9.977176730915039e-05,0.009903105226090949,0.5534204965662969,0.500497442415975,0.0044976749711894476,0.5053589631923106,0.4457430885719317,0.01223807008276105
date,2026-01-07,60,45287,0.013176778473077038,0.008485696618387661,-0.0010140320839973984,-0.023699553463707116,0.015795200656358616,-0.00038115273931560125,0.0004879630289001033,0.0006328793446817972,0.01311707806222602,0.5331580807634532,0.503271846896545,0.009919678717831787,0.49854126480092087,0.4603030838561456,0.1233100645047274
date,2026-01-07,120,45145,0.018051145816410135,0.011880703707366986,-0.002903224499782233,-0.05117089006666854,0.01001967344676474,-0.0005836820681817683,0.0013247583690322053,0.002319542431600465,0.01769916800183895,0.5000443085648456,0.5015894853812,0.0032657617194474984,0.5020460442049353,0.5067349018565289,0.38530727989720415
date,2026-01-07,240,45374,0.02554597818113379,0.01686982513980252,-0.007448418270976118,-0.06610568527535537,0.004267685430066601,-0.0011900584209125302,0.002720714546498294,0.006258359850063588,0.02410487561729115,0.5008157326160766,0.5193128473108507,0.03852059199919758,0.5265500515198264,0.5977776797918779,0.409189117685965
date,2026-01-07,480,45326,0.04205585222130604,0.027014262964037025,-0.016910694453613796,-0.11939030671026182,-0.05360092686379519,-0.0004477742291021203,0.0048410953251976085,0.016462920224511676,0.03762700641472841,0.5519075042474791,0.5243413973107385,0.045260873328367715,0.5271705390613948,0.6983076278105073,0.5791575649257519
date,2026-01-08,5,45544,0.0039186122996932166,0.002316996111070628,-0.0003581408896557806,0.004490512340061066,0.060318836584988066,-0.00014280835465500612,4.425287412884472e-05,0.00021533253500077447,0.003902159658564044,0.49649165255262523,0.5002543402672944,0.007125166485292329,0.5307889619976075,0.5037722983525065,0.0012757627081362868
date,2026-01-08,15,45441,0.006988198436349279,0.004115884906860696,-0.0009074383694624541,-0.015093000333305634,0.07227496872263572,-0.00022748164151176428,0.00016604122528384853,0.0006799567279506898,0.006924535846870898,0.48035348304206976,0.5005368628965633,0.007847879516595189,0.5429348269953036,0.5203737576305176,0.004694007977609802
date,2026-01-08,30,45307,0.009677440038019139,0.005796665841073612,-0.001497678324955018,-0.0348242598796127,0.08158570412684459,-0.0002885400397163549,0.00025101384698256526,0.0012091382852386634,0.009548814476401019,0.48661601660850745,0.5036709995325145,0.02424049167408371,0.5487596357344482,0.5178894827510049,0.023455099606873094
date,2026-01-08,60,45096,0.013501974060851534,0.008339258269665865,-0.00296141742646314,-0.05634285898029369,0.06917462426236289,-0.00034369797500362706,0.0004558833864898646,0.002617719451459513,0.013139652827037515,0.4835947378929388,0.521171149059341,0.057960697728285285,0.5562991498423627,0.5542959824300641,0.1562659449386605
date,2026-01-08,120,44944,0.018465002029561178,0.012135564329365113,-0.005008197192999079,-0.09900176172535284,-0.007636651736097638,-0.00046493407117698587,0.0012341055662371766,0.004543263121822093,0.017608195648772078,0.5006120223443794,0.5186998734918069,0.03735791777636525,0.5256739736313852,0.5947744419468988,0.4081187545901676
date,2026-01-08,240,45505,0.026177244265522787,0.017227868044531486,-0.00932052428258546,-0.12926847496702365,-0.05068805584954158,-0.0009603498012475025,0.002585013169463733,0.008360174481337957,0.023992888324345492,0.49206488767749595,0.5116172820184239,0.022644124131622985,0.5112134160215502,0.6317316569217919,0.42884776014419485
date,2026-01-08,480,44369,0.0478234913945076,0.03238809733052577,-0.023264015707193553,-0.1713948406200109,-0.10158994334267989,0.0001016420608830512,0.004555055578952533,0.023365657768076604,0.040761228237277444,0.5554128068158767,0.5090794613942435,0.015735748189414728,0.5120279383758615,0.7622557306105889,0.5930984740911037
date,2026-01-09,5,45597,0.004044688172446587,0.0023891578734968433,-0.00038969497537337663,-0.02202922504988628,0.012600516592523543,-0.00014319002956916237,4.2993858453868226e-05,0.00024650494580421423,0.0040246947732304585,0.4904951321890864,0.5000596415717212,0.003284849542357867,0.5077845450666295,0.5095707975298333,0.00032964859459815835
date,2026-01-09,15,45488,0.007622416487967618,0.004404281309577488,-0.0010662231404835827,-0.05489282821016769,-0.011783333165496531,-0.00022215119685856574,0.0001636914511647851,0.0008440719436250169,0.007536721052677223,0.46377162477439804,0.5003334892954787,0.006110455398806223,0.5061987919461811,0.53677862393802,0.00297134304705727
date,2026-01-09,30,45344,0.0109070278010879,0.006593690332345664,-0.0017127597257497469,-0.059430696797658125,-0.011158142902898273,-0.000279430693251093,0.0002476417921759757,0.0014333290324986538,0.010754154270117049,0.4613279784628285,0.506415051165383,0.04516636836039948,0.5112226697253442,0.5469470618090342,0.020411766003927887
date,2026-01-09,60,45119,0.015598023911091198,0.00998674433796223,-0.002738623551692833,-0.08007645489814613,-0.02878593380549764,-0.00032394694762801927,0.00044283023714543617,0.0024146766040648135,0.015313919183778385,0.4772555974285081,0.5065525558106728,0.017436556171228614,0.49709511455190025,0.5441143870538683,0.16852139215251608
date,2026-01-09,120,44876,0.02225161586916708,0.014604588397769187,-0.006014062755198287,-0.10323850687330667,-0.04220410120947866,-0.0004003557478212938,0.0011795136757545887,0.005613707007376994,0.02126955957609934,0.4904259824792136,0.5029371793162831,0.005876350011712772,0.4992000366684881,0.5783419897015225,0.4206103296850271
date,2026-01-09,240,44894,0.03294308388524094,0.02280403907476945,-0.015122892431056608,-0.1650107499414979,-0.08541175739081493,-0.0008154664863694341,0.0024600302077222753,0.014307425944687174,0.02876010930444006,0.4921589592800499,0.520662606877043,0.03754725596669672,0.5220093309102036,0.7152499331729484,0.44268466541922835
date,2026-01-09,480,45151,0.043722176872435965,0.029313985036161252,-0.0144670881761516,-0.02400013991166821,0.05078834960598095,0.00035522431029826014,0.004378442356110123,0.01482231248644986,0.040921400841361914,0.5913309264878513,0.5612935533422623,0.12090767640969985,0.5705016583497362,0.6452413120999357,0.6212097720879753
date,2026-01-12,5,44904,0.004042851294461561,0.0023483968537581705,-0.0003639681778793626,-0.020077958052917146,0.010935972385318142,-0.00014576774764336542,4.333064146746358e-05,0.0002182004302359972,0.00402533131651193,0.4844986292821004,0.5000174610280852,0.0013973614921246645,0.5094373117566818,0.5155236588138276,0.0001560166714957541
date,2026-01-12,15,44787,0.007844429756990814,0.0043965210622324115,-0.0005545526092324459,0.025483845187430874,0.025636292477356357,-0.0002306061086952798,0.00016953382695518584,0.00032394650053716605,0.007827288260932519,0.46384129040906147,0.5003916531620636,0.008151903111667422,0.5247709825819002,0.5367172315185094,0.002301110341592011
date,2026-01-12,30,44661,0.011116181644084589,0.006374780427404047,-0.0009194295214239209,0.03755593467839315,0.03490340854175773,-0.0002935172628256155,0.0002568825306362429,0.0006259122585983054,0.011084765889021382,0.45002240143369177,0.5017650965259732,0.01427762208522859,0.537886724613446,0.5533602150537634,0.015344982078853047
date,2026-01-12,60,44435,0.015226736580801167,0.009397263836857309,-0.0015864171003590847,0.07278898118365357,0.04812341236039977,-0.0003435516925598597,0.00045389540528300166,0.001242865407799225,0.015170140624924678,0.4628787537706542,0.5192634230440077,0.051472190356753246,0.5512570552268544,0.582796812390257,0.1626896582774301
date,2026-01-12,120,44293,0.020663669475037377,0.013898218007048877,-0.0022065067512071876,0.1108590053834462,0.06921836247335318,-0.0004595034186465952,0.0011730265063562852,0.0017470033325605924,0.020642463214427344,0.5224881463084218,0.5434631193080286,0.08729086003622923,0.5592478224220744,0.593655452698126,0.39616166177466694
date,2026-01-12,240,44827,0.027258164677670237,0.01949139360984759,0.000482563551809466,0.18830495550876117,0.16503861786526794,-0.0009603111282323461,0.002428901124326584,-0.0014428746800418122,0.02760667069146356,0.5662524263180205,0.5623590425714691,0.1264796920651144,0.5793985290776176,0.4766515695767609,0.41371232234889893
date,2026-01-12,480,44902,0.04047236885666376,0.02808759579404681,0.0028545173782815827,0.19459351781045653,0.15349207103838158,0.00010462658552782583,0.004581762387003881,-0.002749890792753757,0.04101223357315645,0.5328953229398664,0.5505963798719714,0.10252020126160763,0.554244013457987,0.4244543429844098,0.6095100222717149
date,2026-01-13,5,45742,0.005374050854181946,0.003114076041818202,9.457459694493422e-05,0.011273690671587865,0.036421135103760445,-0.000147908601653725,4.462744931131025e-05,-0.00024248319859865924,0.005373536418844319,0.5761966251559388,0.49996885237817823,-0.0032901891247270583,0.4952442425704796,0.42375960254754763,8.754459302707317e-05
date,2026-01-13,15,45603,0.008928494613332527,0.005501303322544914,-1.4473540328051941e-05,0.016046849744183155,0.08126086794795513,-0.00024583309097112526,0.00018062680484261777,-0.00023135955064307334,0.008929554580436875,0.5881978721070528,0.5005132691644091,0.011445790601728229,0.5156657869125115,0.41195568717779973,0.0019523966216957332
date,2026-01-13,30,45468,0.01190106128147727,0.007720002612224541,-0.00019030037653371007,0.011879967458015773,0.08763403201109196,-0.0003094120302021889,0.00028195162225060614,-0.00011911165366847885,0.011899548964748005,0.5777083516676934,0.5075633005097551,0.042183729537558036,0.5268148392219637,0.42479978878817215,0.03247381853383789
date,2026-01-13,60,45257,0.015354337194754741,0.01002141887835755,-0.0004905952793647411,-0.0037552795013330955,0.07605786520764161,-0.00037450760578416296,0.0005146639846896093,0.0001160876735805782,0.015335932583739945,0.5737049151343706,0.5185009307385624,0.0489752278899776,0.5156140800911383,0.4164824964639321,0.16641619519094766
date,2026-01-13,120,45176,0.020337160499498404,0.01366846591096787,-0.0014818383564589464,-0.041196728745111266,0.020468737768745977,-0.00048191167823402056,0.0013952446459319808,0.0009999266782249258,0.020177659440089774,0.511467788355103,0.502783500464608,0.005605383694121218,0.4978437854806297,0.44533982731901706,0.42025680761567413
date,2026-01-13,240,45875,0.02740850595803614,0.01851308007835822,-0.0004436007003601737,-0.031810997976251365,0.003035586195854258,-0.0010854076565958925,0.0029214441717320665,-0.0006418069562357188,0.027155978179806993,0.501558719016372,0.48637808793595444,-0.027144237916637663,0.4764316406513458,0.40886398814065533,0.41919731420723333
date,2026-01-13,480,45107,0.04025213709922387,0.029615013122795523,0.008460272427617588,0.16536690396672227,0.17256025154745874,0.0002535778514242126,0.005139075074819327,-0.008206694576193375,0.039875087000133,0.487584800248304,0.5315476876467393,0.06145527430387435,0.5473053279608796,0.3351660532966789,0.6229548175409036
date,2026-01-14,5,46490,0.004960173721368283,0.003158201946998762,-0.00011594902477789459,-0.013568873943107225,0.00844274639443417,-0.00014949896622641197,4.665672398235431e-05,-3.354994144851739e-05,0.004957965787479924,0.5199741574243566,0.5000500180458503,0.0038079965488195602,0.4982253678343759,0.480068913535049,0.00017228383762248303
date,2026-01-14,15,46392,0.008940609696735491,0.005809196002643625,-0.00022198093306014413,0.03381504412799657,0.0357792862395672,-0.0002431281712869271,0.0001796744376361758,-2.114723822678296e-05,0.008942125174353452,0.5097908130256631,0.5000076395231895,0.0001981526899512223,0.5139409462065906,0.49018762130687943,0.0014880310545611387
date,2026-01-14,30,46276,0.012619827804872284,0.008397571424116491,0.0001411757883535059,0.05425032431349061,0.04332781504142544,-0.00031335143891005046,0.00028281625727434904,-0.00045452722726355637,0.012631220710349177,0.509879799377378,0.5022863960607784,0.016278763124297532,0.5212254874347689,0.4920875129712902,0.020127118644067795
date,2026-01-14,60,46087,0.017534547391895822,0.012264151678885846,0.0016062732539815858,0.1245901439751344,0.1095115244312518,-0.00039144395800079,0.000517673052385551,-0.0019977172119823756,0.01751776063604003,0.5614191168493002,0.5192047595875144,0.05384512638900363,0.5379401991693287,0.43981772811109904,0.14696755994358252
date,2026-01-14,120,45957,0.023168182907066882,0.01727682642356301,0.0057382510288363515,0.21358212526700557,0.1868527358925244,-0.0004935594753010062,0.00137368378563179,-0.006231810504137358,0.022699559690931626,0.5461449742127826,0.5232672666009454,0.04388307041499871,0.535649713486242,0.32030552956281416,0.42798076295345244
date,2026-01-14,240,46022,0.030205309012781466,0.022449607638314543,0.007734530529190523,0.2841719951639433,0.23488015829323497,-0.0009880113482121972,0.0027769281115204345,-0.00872254187740272,0.029865732963071535,0.5625244490807145,0.5494215456267422,0.09411652734632825,0.571977937175487,0.33804928934672057,0.4435389229364976
date,2026-01-14,480,46035,0.04610627470590636,0.03359473822875429,0.008385699506232448,0.29524811329375433,0.24818414534652394,0.00014177312804085593,0.004979887446540019,-0.008243926378191593,0.04655723086825339,0.5283395972279551,0.5606173790060014,0.12176424882459311,0.5878791746452635,0.38376311616084813,0.6247528839260499
date,2026-01-15,5,46724,0.004317985528789588,0.0027176106385930284,-6.536411548783275e-05,0.022452460778342176,0.035280576159801236,-0.00015017756226961347,4.831377376471795e-05,-8.481344678178072e-05,0.004318305340660188,0.5433425574361285,0.5000449663043146,0.001974820767412959,0.5070920148196595,0.45665744256387153,0.0005148336443786602
date,2026-01-15,15,46620,0.007329120802383622,0.0044801434112319806,-9.722204387233872e-05,0.024049620779970443,0.01623112932436346,-0.00026797527560046866,0.00018997874497947792,-0.00017075323172812993,0.007330583424100589,0.5472646433404215,0.5004184421005947,0.005049597623261763,0.49072966831169507,0.45249908714049447,0.006851816053439869
date,2026-01-15,30,46502,0.010245675226004327,0.0062954023568733974,-0.00011925808097435998,0.032140302657857986,0.023005500257579702,-0.0003566416678988994,0.00029544352174414365,-0.0002373835869245394,0.010250220307999243,0.5596788428008697,0.5020359946268672,0.012170893151722076,0.48952554795778874,0.43885743806100264,0.028370320941946317
date,2026-01-15,60,46297,0.014524055880464765,0.009080958835519152,-4.530139618265391e-05,0.036378594800582496,0.0444108829103417,-0.0004872698734607322,0.000550607289081392,-0.0004419684772780783,0.014533588802112826,0.564559697460832,0.5076500980667579,0.022117501341495455,0.49735311816843464,0.42180443003781737,0.13491085899513777
date,2026-01-15,120,46164,0.020790324968829724,0.013883826296461562,0.0002684712189930769,0.0666170287784996,0.0776712409269654,-0.0008218714386438311,0.0015441339590926539,-0.001090342657636908,0.020834285422219986,0.5339443974950703,0.5055771578625847,0.011605757820016053,0.5093806668702445,0.4119049166829184,0.33801382478493575
date,2026-01-15,240,46659,0.02938220772190481,0.02068533441435354,-0.0017792220403879929,0.0935232848842604,0.08093675565576378,-0.001719940396528185,0.003134094384592235,5.9281643859807955e-05,0.02945493286225468,0.5278039787343509,0.5103937833512102,0.021862928061698816,0.5133560859753225,0.4462570742582747,0.3369061910478477
date,2026-01-15,480,46270,0.045292012604345594,0.03118696062527731,-0.012489041681784928,0.1305908593953234,0.11459751288587998,-0.0011099520840353802,0.005673151081187782,0.011379089597749548,0.04391208445672615,0.5389903794184413,0.5468748575805271,0.09153569381799168,0.5777116762022193,0.6107880229164415,0.4748027240298346
date,2026-01-16,5,47361,0.004049089074293976,0.002507918714836948,2.9035685747096613e-06,0.021473980817914833,0.05187266723099768,-0.00014670602088490917,4.745328371113084e-05,-0.00014960958945961885,0.004049829098461322,0.5411189432907856,0.5002793609272881,0.009820865428182172,0.518974836736797,0.45909273724095595,0.0008043860206176838
date,2026-01-16,15,47261,0.00742429001869318,0.004467827019211146,4.660188290035727e-05,0.0427742551325098,0.047199737760169405,-0.00025604198815145523,0.00017712418750853723,-0.0003026438710518125,0.007429610777737812,0.5567796610169492,0.5003230747161961,0.0036992351752142163,0.5144672908491386,0.44266949152542373,0.0075847457627118645
date,2026-01-16,30,47141,0.010525158016839268,0.006607130118576068,-0.0001553691553767949,0.05140368621554408,0.05708990084365693,-0.0003359854775097139,0.0002763419011002103,-0.000180616322132919,0.01053459703071856,0.5461919018196488,0.5065251449243229,0.035801672093827196,0.5207607088351807,0.45737520436545853,0.03414230205745589
date,2026-01-16,60,46907,0.015148951735080882,0.009905472203768877,-0.0015144735110972374,0.05343971501228651,0.05452718203988303,-0.0004621026379542694,0.0005297655626418129,0.0010523708731429678,0.015092083573622081,0.5021651485739883,0.5109672825065594,0.03251209868082839,0.5283677517464552,0.511913650035197,0.13084750101324688
date,2026-01-16,120,46768,0.020965632285919668,0.01441957334567172,-0.005315522268669283,0.05525897824400009,0.0487141440853945,-0.0006842397056224954,0.0014837715955691362,0.004631282563046787,0.02030841265737415,0.47853797292384026,0.5123037530390334,0.025550694417307798,0.5392812619608144,0.6003806916611416,0.3342814979575251
date,2026-01-16,240,47304,0.029719322181584736,0.0212701698407583,-0.011448373481679923,0.13006658980346444,0.11910361905379473,-0.0014439307089728587,0.0030032630108440873,0.010004442772707062,0.02765426029093721,0.47934286197564274,0.55078583206258,0.09904454644709991,0.6054614375822986,0.6944984776725305,0.3360960757780785
date,2026-01-16,480,47568,0.0411901694909217,0.029373908478121297,-0.006514079114680006,0.19275828643325774,0.19369335396499393,-0.0006185880897342323,0.005404555848608477,0.005895491024945774,0.04136636719237046,0.5781506244480888,0.5811119360188755,0.15988081013111474,0.6146479709150225,0.5847525335351751,0.49627854169294816
date,2026-01-19,5,47786,0.0038982215491086512,0.0022460625103835506,-0.00044656258384932675,0.002390086072891127,0.034086056991256664,-0.0001472967027075173,4.821670298448566e-05,0.0002992658811418095,0.0038723740489522446,0.49236224768139664,0.5000078071050913,0.00026625755570413743,0.5178613238508103,0.5076587351546435,0.0008602962776448864
date,2026-01-19,15,47673,0.006871695471592196,0.004002146231728279,-0.0008948197015208528,0.034794527936658354,0.0842836921030329,-0.0002606676520770772,0.00017873374514251457,0.0006341520494437756,0.006817062463508192,0.4888328605946003,0.5016461021104938,0.01968349032574208,0.5425914680363553,0.5129950625065658,0.007038554470007354
date,2026-01-19,30,47546,0.009579878918253772,0.005732764741042296,-0.0012059870183970028,0.06595892762968755,0.11291023655280322,-0.0003415351942128499,0.00028304420604764047,0.0008644518241841528,0.009518138220603843,0.487607134584202,0.5090718165529453,0.04480687984707909,0.5629807465561163,0.5234485227535958,0.04272748331122202
date,2026-01-19,60,47358,0.013623092736198944,0.00848194161173588,-0.0007984588777717482,0.10867142672937606,0.1405206862972487,-0.00047271292959888585,0.0005491395746408687,0.00032574594817286233,0.013648388966851856,0.5139493595975821,0.5155568498701331,0.044659212277665554,0.5707014793390937,0.502240351692945,0.14131123980217272
date,2026-01-19,120,47313,0.019194004375059852,0.012886847905885407,0.0010805577334103093,0.11558039041744785,0.12997270076427614,-0.0006948862949990025,0.0015675960259226738,-0.0017754440284093117,0.019281384119959555,0.528184201623816,0.5213174425961734,0.04515648445611362,0.5640333626620995,0.47919485791610283,0.334087449255751
date,2026-01-19,240,48178,0.027193177606817852,0.019679939217631746,0.003870797184486491,0.14258667729834476,0.14965691465612566,-0.0014355531727110965,0.0031272731534652313,-0.005306350357197587,0.02718361183264484,0.549646052604264,0.5235466612713243,0.049215973266770484,0.5660616697935015,0.418882730273401,0.3353054742479915
date,2026-01-19,480,47490,0.03599539454287276,0.02497140492025786,-0.0014468200796031413,0.06459193178354605,0.05962282174998502,-0.0006335097311911204,0.005611703894758982,0.0008133103484120206,0.03589014035606989,0.5214827295703454,0.5212831504547699,0.0426799277552551,0.5313510656249517,0.4972620050547599,0.46343723673125525
date,2026-01-20,5,48276,0.00425200906544933,0.0027018223394462484,3.278930049638545e-05,0.0271462108454039,0.04944272062099956,-0.00015280803555305696,4.467296990197494e-05,-0.00018559733604944242,0.004252860823570286,0.5423317212893585,0.5001380707346901,0.006929229736154606,0.514537829643955,0.45777205836567797,0.0003943626891384213
date,2026-01-20,15,48206,0.007690524649634853,0.004972370080506346,0.0004388919869187273,0.010983671635264057,0.030447485749562905,-0.0002643544980187498,0.00017995656031552106,-0.000703246484937477,0.007677858471455502,0.5647659786535986,0.5011638003540729,0.012225125080942784,0.5081618498935806,0.43521325636446695,0.008991237177623656
date,2026-01-20,30,48122,0.010701188426059235,0.00671209434700854,0.0007328301090616011,0.006617268393266376,0.033391374906738616,-0.0003420355668671056,0.00029569413919344463,-0.0010748656759287068,0.010673927572278103,0.5834944794460732,0.5042272786814127,0.01723814939908263,0.49920213443467076,0.40935271245295574,0.06200486557295241
date,2026-01-20,60,47936,0.014601390598856817,0.009380355065237036,5.14346140257555e-05,-0.018601854422758208,0.013294804208248988,-0.0004479156936473113,0.0005884905304580626,-0.0004993503076730668,0.014578493023206034,0.5512304063784934,0.49903076652960804,-0.0025274366569336786,0.4880270473715359,0.420133163574127,0.1733631107678821
date,2026-01-20,120,47766,0.01972155948746913,0.013398060367636973,-0.0019762710958061143,-0.03664814430053342,-0.026295041476952174,-0.0005874457654326905,0.0017014402120171432,0.0013888253303734237,0.0194861299818168,0.4934442024128686,0.4862208302357155,-0.02890202787739117,0.4778936930174503,0.47639493967828417,0.3476457774798928
date,2026-01-20,240,48078,0.02772205782621127,0.018872917131938043,-0.0071186438738869645,-0.04938779708949742,-0.043175571313795444,-0.00121796718016243,0.003321663274473633,0.005900676693724534,0.026422241288321123,0.46745869918022553,0.48666392242666257,-0.027657230388828526,0.4842025215635224,0.5661853439307561,0.35314801714452165
date,2026-01-20,480,48223,0.041777183007376484,0.02828450427576772,-0.017204704444184673,-0.03887192031813231,-0.02690070637818816,-0.0003374457193853713,0.006017405013645584,0.016867258724799303,0.03735833466099805,0.49749056368990835,0.5078585823196771,0.014267219384347954,0.5229631497567332,0.7106474760462897,0.4787009000788087
date,2026-01-21,5,48493,0.0040546383729787635,0.0023633516468190303,-0.00043318008740780194,-0.012382158435082962,0.02803466253990994,-0.00014677560173149393,4.5137552239165074e-05,0.000286404485676308,0.004030620860150488,0.5002482313516197,0.5000005340297656,1.6291450392383874e-05,0.5159167374816667,0.4997517686483803,0.0010756691903520748
date,2026-01-21,15,48398,0.007138535816177954,0.004081197596663526,-0.0012164921993777257,-0.00017228599882061288,0.03891418557764772,-0.0002489821455677313,0.0001738008531852115,0.0009675100538099945,0.007031942297108608,0.4821724366407156,0.4998755684365623,-0.001169842746751436,0.5203886003701842,0.5181174424382972,0.0114295179725029
date,2026-01-21,30,48260,0.010001436917476455,0.005904115141608228,-0.0020758993919294394,0.0012898041009960488,0.03630118432914036,-0.00031455757501614,0.0002841042217467187,0.0017613418169132994,0.009779868831770802,0.46251996929396877,0.5007805544586127,0.0034381300133274435,0.5235996943366305,0.5428950808108052,0.054088259092512296
date,2026-01-21,60,48015,0.013668864923334195,0.008438561384602541,-0.0033543187326029976,0.021094770756004376,0.042034772159540615,-0.00041574568136906113,0.0005701163726299055,0.0029385730512339362,0.013250664096319758,0.4501011111806033,0.506006755701464,0.01618396949585734,0.5387193542474175,0.5818583609564909,0.15950549336001835
date,2026-01-21,120,47838,0.018503972744253167,0.012258009486244377,-0.005393890189340625,0.02373039218534189,0.01640661597008592,-0.00054259974132302,0.0016608922863747086,0.004851290448017605,0.017661727497022266,0.4652587558808155,0.5033976663962638,0.006896635733096305,0.5264240123195854,0.625906952430737,0.34939884997386306
date,2026-01-21,240,48553,0.0258087373066631,0.017940650266236032,-0.010171498859609288,0.06874769336305787,0.05849049386576335,-0.0011682076407803343,0.003245106975700696,0.009003291218828953,0.02372097828563416,0.4702537903757416,0.5328204116782107,0.06350625938788138,0.5691268690432985,0.6924439683586026,0.350074159525379
date,2026-01-21,480,48474,0.04124271614756232,0.0292129243221398,-0.02261575633238387,0.02283831932336037,0.029602819460510226,-0.00029161206223853736,0.005820077178695618,0.022324144270145334,0.03412753168209839,0.556279914177257,0.572077217654647,0.11471403836892984,0.5960125695691816,0.8031234527149694,0.5176390493480773
date,2026-01-22,5,48552,0.0037897450238312726,0.0021888625081085615,-0.0002971573010211896,0.02041931210583045,0.05007662906888113,-0.00014952467956831931,4.116758681775915e-05,0.0001476326214528703,0.003778693287020615,0.49661506707946335,0.5000171261064232,0.000754114908600171,0.5267386960029201,0.503405572755418,0.0005159958720330237
date,2026-01-22,15,48478,0.006909996990394298,0.003871910900086603,-0.000819919056869155,0.01622658092027669,0.05585633016395517,-0.00025292090001406844,0.00016345168335694157,0.0005669981568550865,0.006861885581306426,0.49151736821441117,0.5002032495009551,0.005465354085279921,0.5279936184093794,0.5087099373876387,0.001384497757940198
date,2026-01-22,30,48388,0.009824164905059713,0.005670256401594385,-0.0015473021146734979,0.023298387748327848,0.0674072293642588,-0.00031920788256230813,0.0002550450791653887,0.0012280942321111897,0.009704140918526526,0.47381375915277374,0.5030001135223865,0.020477204791786854,0.5401463817305611,0.530509245852811,0.0218632358416415
date,2026-01-22,60,48217,0.013474219244360545,0.008187373965272476,-0.0029947169234456807,0.013266985442277583,0.06032962781038503,-0.00041678488558530253,0.00047596973303612846,0.0025779320378603783,0.01313489981223678,0.4685742742721972,0.5129219251899446,0.041655414252544404,0.5430275075902933,0.5561181084389849,0.1063224949681489
date,2026-01-22,120,48115,0.01888285817402977,0.012122033998659269,-0.006020483039797513,0.02303830771696774,0.06180116111595922,-0.0005758495948623261,0.0013295450496601379,0.005444633444935188,0.01787858175025444,0.4900823353293413,0.5277855855931954,0.05780180381689611,0.5496731887731442,0.6063290086493679,0.32861360612109114
date,2026-01-22,240,48519,0.02783872751015544,0.018998026659774923,-0.01317802894144258,0.010419468885689778,0.05259749811321147,-0.00125220814540558,0.002739086072448136,0.011925820796037,0.024397218994609525,0.47133285228326977,0.5508648418875632,0.09777535997722366,0.5777357344761914,0.7114111947221936,0.33340892691475105
date,2026-01-22,480,48000,0.042126071304416896,0.0288956394494249,-0.005929584428292694,-0.0869521235669904,-0.04684211462213457,-0.0005137150109949289,0.004792617892987584,0.005415869417297764,0.04101575156778711,0.4802383482300977,0.4803555242089279,-0.039233368808018865,0.4706615357355351,0.4732170760672542,0.5032397858199471
date,2026-01-23,5,48653,0.003715825070210102,0.002177125833191805,-0.000414583578601479,-0.004425358542630469,0.0291208506644947,-0.0001500364165068121,4.0579129050905046e-05,0.0002645471620946669,0.003692222049833999,0.49144516049331877,0.5000124710915772,0.0005731378664137437,0.5148268684788997,0.5085754287714386,0.00047355308941917685
date,2026-01-23,15,48557,0.0072271858557403515,0.00401215498592412,-0.0009733183610409004,-0.03180755787276458,0.01341223678740102,-0.00025895466639369965,0.00016750995958477884,0.0007143636946472007,0.0071540598494417,0.47950684479630545,0.5001406012238759,0.004252121000780101,0.5121369855764888,0.5206787069107702,0.0010926933861124856
date,2026-01-23,30,48429,0.010655809083752635,0.006099803306760702,-0.0013257072244907938,-0.04669182134397097,0.00867753747788954,-0.00032743821409057864,0.0002586256386304766,0.0009982690104002152,0.01055778835500351,0.47459448290112616,0.5012533859351519,0.010602138171131729,0.5196622206081557,0.5274305196817853,0.01413369149705548
date,2026-01-23,60,48181,0.01544460707323889,0.009616059121088764,-0.0010775173391744874,-0.053847418848336034,-0.012769036892216716,-0.0004299243825584837,0.0004682729511183095,0.0006475929566160038,0.015374661342388733,0.4760985131655453,0.5012839087975943,0.004404486680115817,0.5169756971519477,0.5309618739097932,0.09336323614918182
date,2026-01-23,120,47902,0.02205721207056802,0.015220409813694977,0.000219545822071777,-0.0579095904335031,-0.020652168705145073,-0.0006910467378007328,0.001283524238934044,-0.0009105925598725098,0.021944538415110033,0.5046555323590814,0.504051428729867,0.00901563155153873,0.5056640254749499,0.49862212943632567,0.2807724425887265
date,2026-01-23,240,48224,0.031226391746344322,0.02336173601750491,0.005958251923914136,-0.07904269895149112,-0.03276120434240473,-0.0014746468359451118,0.0026291064124706167,-0.007432898759859247,0.03033261663202781,0.5339403115083892,0.4576026382500885,-0.0891070797774507,0.4429233003606369,0.3360847833751581,0.2810419561565423
date,2026-01-23,480,48761,0.04759386515634278,0.037198072856362153,0.02038217294146875,-0.08706322276810946,-0.022583787878440672,-0.0010323952936137583,0.004745236115919991,-0.02141456823508251,0.04233492220671777,0.4694011484823626,0.429540949864222,-0.1120859892055805,0.40774672828259073,0.1964109926168991,0.4771328958162428
date,2026-01-26,5,49071,0.004112829503256837,0.0026727578659006216,0.00018343822344898193,0.0188243892219056,0.03886842349338275,-0.0001480648576427768,4.071335685774544e-05,-0.0003315030810917587,0.004109301416825254,0.5532883057522395,0.4999763313511777,-0.0018420803128711412,0.5080186499754469,0.4466708837513008,0.00016324198583875772
date,2026-01-26,15,48954,0.0074694231213755895,0.004916618668590403,0.0009063777543775678,0.02541494798133734,0.03404020071024426,-0.00024919042153436345,0.0001673114224848572,-0.0011555681759119311,0.007416592334279876,0.5749443002268871,0.5005652301076002,0.008352156561036994,0.5072938399093694,0.424933058070846,0.00449686241645034
date,2026-01-26,30,48817,0.011263813287465034,0.0076508651936292036,0.0024404213357992585,0.03241900121525656,0.03856462302244972,-0.00030719719806808363,0.0002621945278293163,-0.002747618533867342,0.011001641572010406,0.5960045077348632,0.5042530467539138,0.020731462345504194,0.5098955381059616,0.3996106956254482,0.042167810675135746
date,2026-01-26,60,48659,0.01663429327965581,0.011873029348195771,0.005795309286104799,0.03546054922777991,0.05164746274463386,-0.0003923750904830816,0.0004939007192581699,-0.006187684376587881,0.015601816092928579,0.634706293418835,0.5070891066706691,0.01921565982723042,0.5056199273553164,0.3225017470300489,0.13799482056973733
date,2026-01-26,120,48664,0.022304070028233442,0.0170103639312892,0.011393985052328434,0.030789036869404613,0.06256774064503755,-0.0005791540862512047,0.0014044386441273663,-0.011973139138579638,0.019165952061352555,0.583451507491214,0.48408433339807255,-0.026465623993866184,0.4623306015342621,0.19448383583040468,0.34710319172986415
date,2026-01-26,240,49421,0.03036497468892088,0.023896860164276144,0.014128610953995419,0.012002640992547001,0.022475192728144643,-0.0013496988216557494,0.002896608979271904,-0.015478309775651167,0.02675601141843954,0.5896709434573197,0.49179417893067406,-0.014401173977833075,0.46610468265140736,0.21807584894969037,0.3310397862953819
date,2026-01-26,480,49135,0.040073321930585014,0.03012884658433967,0.009105063289009528,-0.04201615970750706,-0.019618761413410353,-0.0005323277628140709,0.005267474441908291,-0.0096373910518236,0.038447423473912064,0.45567790917787865,0.4560791352213991,-0.07941279521284844,0.4480486102968966,0.28553400232042175,0.5197744712898695
date,2026-01-27,5,49738,0.004862413748163052,0.0030563158378546216,-0.00013471677459638525,-0.02651648337332896,-0.005036319270235663,-0.00015079413359258596,4.475759717957403e-05,-1.6077358996200702e-05,0.0048591544306245075,0.50907040892343,0.49996559031631904,-0.0019171341736659098,0.5015036440525742,0.4908893228904504,0.00032214548895644995
date,2026-01-27,15,49654,0.008906839204708443,0.005587894534873923,-0.00043180082841138515,-0.049945988605870455,-0.02666294743389709,-0.0002778617473773524,0.0001865995590917106,0.00015393908103403272,0.008885094085076862,0.4649329704666868,0.49994884978136944,-0.0018947236793611566,0.5016208833030315,0.5350670295333132,0.000725733293014817
date,2026-01-27,30,49551,0.011967803651413436,0.007674607870635247,-0.0014573904119514136,-0.018639021929885438,-0.00023548424094381264,-0.0003608584508812712,0.0002965162899686769,0.0010965319610701423,0.011869507797305619,0.4290272420687009,0.5008614978326216,0.007833843951308605,0.5231557425415703,0.5735778186150771,0.011975201437831944
date,2026-01-27,60,49347,0.016675504884605178,0.011402719829332369,-0.0029048807579899268,0.036113932279335834,0.05764446883691235,-0.0005148227416644189,0.0005743488333215616,0.002390058016325508,0.016431247306602687,0.4366702474816061,0.516977915282193,0.05476355357103924,0.5585193742683091,0.6002391714129355,0.10282343879846768
date,2026-01-27,120,49247,0.02344769336722161,0.016887929075149,-0.005641149331361649,0.12084221114716423,0.20295909227197884,-0.0009464790581020082,0.0016538741662924113,0.00469467027325964,0.022899558290544065,0.5518165756178794,0.5929457809681545,0.19469300246713322,0.6384282581856952,0.6038666964521435,0.32131760118600355
date,2026-01-27,240,49754,0.030506141188578695,0.02075775075910364,-0.0065930832112725,0.0234929717106931,0.09473799115109009,-0.0019067820642350534,0.003315198222078025,0.004686301147037447,0.029678076942389994,0.5343638812390696,0.5443775112336506,0.09379865851239107,0.5671156769609986,0.5300018091543208,0.33577904195227853
date,2026-01-27,480,49616,0.0450904515168108,0.03094554572699171,-0.0044044992280162796,0.011934477093184244,0.11460823690893973,-0.0017116556970494911,0.0059607682095269045,0.002692843530966788,0.0445483632458253,0.5517526355042228,0.5510131058331809,0.10210326679996892,0.5675209237950262,0.48420713148293726,0.4749753078954264
date,2026-01-28,5,49488,0.004021605468788525,0.0024164730219863547,-0.00012521482377978366,-0.03301867423978486,-0.015484240171777483,-0.0001493253858861357,4.181827706737976e-05,-2.4110562106352022e-05,0.004018057601175053,0.543405168921656,0.5,0.0,0.4834470944952218,0.456594831078344,0.0
date,2026-01-28,15,49407,0.007436706881436718,0.004378664370870907,0.0003053367895108169,-0.0388199532589634,-0.006525625307857195,-0.00026131646435914574,0.00016969800463718858,-0.0005666532538699627,0.007421913167359981,0.5835089995135398,0.5002537037871726,0.009982568470308822,0.4756041325710745,0.41663288470893467,0.0006283444138154694
date,2026-01-28,30,49295,0.010319292664523205,0.006289719531922965,0.0003689154490377217,-0.03292907253930527,0.003419930877210549,-0.0003362421741196196,0.00025846083060605265,-0.0007051576231573414,0.010300949484908412,0.5898144011696381,0.5009924089181552,0.015917139343766807,0.47445899078264336,0.41046988587905614,0.0037769565040815497
date,2026-01-28,60,49098,0.014425941949551744,0.009096396499550905,-0.00010474728651672674,-0.00020344315139587087,0.037188561368398425,-0.00046354847861475475,0.00047114145678696617,-0.00035880119209802803,0.014417769971965184,0.5690705683369673,0.501514829913054,0.006021414272119332,0.49478790455875976,0.4221058423165488,0.06612597558739021
date,2026-01-28,120,48942,0.01926413121414455,0.012842986697245047,-0.0009248594255042726,0.016064371568771323,0.07060891989353738,-0.0008149404138102329,0.0012781426216625681,0.00010991901169403967,0.01921996378663708,0.5412928409392819,0.5147679683174774,0.03279337799144375,0.5181216691407875,0.4402730375426621,0.27618483170178415
date,2026-01-28,240,49628,0.026595489377101503,0.018858583353677738,0.0018752999129390512,0.009111378469614887,0.09077249920476893,-0.0016713262058021074,0.0026845245455614512,-0.0035466261187411586,0.026417588212868874,0.5579698460049988,0.5195328244679872,0.04165953839483864,0.5185906445501377,0.40054825445456743,0.3028702733209707
date,2026-01-28,480,48841,0.04282078561911637,0.03210755440819143,0.016317856218257466,0.13046122740350527,0.2058064907543159,-0.0013755835756561476,0.0046407186574177715,-0.017693439793913614,0.03992689783767728,0.5644722023139142,0.5555602020888,0.09913156622672893,0.5620384945584124,0.27056414456844474,0.45508344425104946
date,2026-01-29,5,49382,0.005005597042507358,0.0030287383739570355,-0.0001592728163845382,0.019143619835078434,0.03676315515580588,-0.0001498878615252887,4.5554215299302676e-05,9.384954859249502e-06,0.005003727206990164,0.5453494738122757,0.5000111261333395,0.0010046150369527804,0.503403483276532,0.45465052618772434,0.00012166190157552162
date,2026-01-29,15,49273,0.008906051834637153,0.005328483837815819,0.00019634706533091926,0.06559328949873296,0.08518932662479355,-0.00029314905457708236,0.00018414205817727746,-0.0004894961199080016,0.008914069536087008,0.5900190924970549,0.5001863193316485,0.010168703699547529,0.5170359722365829,0.4101027745054231,0.0003249786732745664
date,2026-01-29,30,49129,0.012683927381121068,0.007953377577925545,0.0009223043407768753,0.08276426923168372,0.12039286186529367,-0.0003859833731309746,0.0002891592507865618,-0.00130828771390785,0.012671000021933585,0.6060038287646125,0.4994942709019105,-0.006558601405871294,0.5368493558418234,0.39228544662131887,0.0057024153802289115
date,2026-01-29,60,48824,0.018206447558065983,0.012245648445899295,0.003652362967153711,0.09638718980254356,0.14341657320066603,-0.0005679706865544836,0.0005437514344733593,-0.004220333653708194,0.017880536168601323,0.6569912737105166,0.5032572855003765,0.01328078865391435,0.5339703915111226,0.3264164857224794,0.05604490147076898
date,2026-01-29,120,48517,0.025388812592402842,0.018411936852546065,0.009679051789388451,0.1197703078170977,0.14282759064066786,-0.0011185229263628198,0.0015023741682421666,-0.010797574715751272,0.023603923497990828,0.6312947045121926,0.5109077760746398,0.02275245036656002,0.5179884531176391,0.2676808278193474,0.2358336940613856
date,2026-01-29,240,48626,0.03399632970217254,0.02555668983361579,0.012279903826275366,0.13058632557113978,0.13222486390154814,-0.0021811897644265347,0.002996483506673647,-0.014461093590701902,0.03195280476247073,0.6023734600275601,0.5138237744906832,0.028974906148938762,0.5277769853506911,0.3083235638921454,0.2637132103412106
date,2026-01-30,5,48741,0.0047040712335784845,0.0029126984222627894,-0.00012267002214238224,0.012341405128110852,0.015361255264210272,-0.00014017841864416369,4.9193701872793834e-05,-1.7508396501781436e-05,0.004702821340868557,0.5121936186386703,0.4998589102617635,-0.004590216792061833,0.5047714987899293,0.48764201918928357,0.0009450824892650956
date,2026-01-30,15,46512,0.007507458956509696,0.0048537595763598375,-0.0004549015591509086,0.027161883173595996,0.04062256108154329,-0.0002572075960286632,0.00017470044122781973,0.0001976939631222454,0.007496374310053006,0.4996987044290449,0.5003631889836134,0.008126312098664731,0.5196295031810211,0.5006671544785435,0.002001463435630353
date,2026-01-30,30,43211,0.010305033912722356,0.006829227248717511,-0.000684573557415299,0.0016767748376766243,0.01659131336282723,-0.0003290746000394022,0.0002756093438978782,0.0003554989573758968,0.010279038042494365,0.49553137300301,0.5031391134931807,0.015802233524769126,0.5148617680769981,0.5082889557768002,0.0411437832831674
date,2026-01-30,60,36790,0.014222650048668553,0.009753801022445554,-0.0029172678325818957,-0.013565113786147857,0.004344723354609778,-0.0004440236630540133,0.0005499626782860797,0.0024732441695278825,0.01390192212097852,0.46783228192299325,0.5193988259984531,0.05224720303871618,0.5088714525800321,0.5752936697846421,0.16048509897759408
date,2026-01-30,120,24215,0.019615991989144436,0.013891690085764387,-0.008583327787775112,-0.0008033074930481062,0.029908724693009748,-0.0005095289538017063,0.00160814562353422,0.008073798833973408,0.017563658922490087,0.5006814521125016,0.5417345419979189,0.07653532155047676,0.5519089005289112,0.7122620080122248,0.4210135051418659
minute_slot,0,5,21100,0.010801376196785725,0.0074916463621125615,0.00035235542430256476,0.0014854851848655464,0.042704328178231526,-0.0001396862652819475,4.350980414976984e-05,-0.0004920416895845122,0.010795604466849577,0.5508056872037914,0.5003411141230143,0.010762543431623502,0.511075259414801,0.4494312796208531,0.000995260663507109
minute_slot,0,15,21005,0.015124420505998657,0.010511759226476902,-0.0002953559074054863,-0.009411762539790142,0.01643402041383228,-0.0002143023559905159,0.00015386701530853953,8.105355141497039e-05,0.015119305378588023,0.5105927160199952,0.5009518533196864,0.013690079605081456,0.5123338793665768,0.49026422280409426,0.004855986669840514
minute_slot,0,30,20908,0.018189846914910893,0.01290566225181042,-0.0009125073635787024,0.001087994086970591,0.04938281696978751,-0.0002682818942091274,0.00023504195371201438,0.000644225469369575,0.018165679375927106,0.4853166252152286,0.5040377842945656,0.023766036684616236,0.5433760358292582,0.5198966902621006,0.02970154964606849
minute_slot,0,60,20789,0.020840696959358314,0.01506562890619366,0.0001966929588348683,0.032666439184594366,0.066040510458395,-0.0003168515355740154,0.000425132679405908,-0.0005135444944088837,0.020849324132148857,0.5262398383760643,0.5249857164660431,0.06531560437994417,0.5442672702109576,0.4980518543460484,0.17802684111789888
minute_slot,0,120,20637,0.022255209928628072,0.016123099278818966,-0.0006007431138289518,0.0002012343434606273,0.04141886398852037,-0.00023008558454267792,0.0011829494574056329,0.000370657529286274,0.022215865597268042,0.5196007171585018,0.519579574862399,0.03915909933535635,0.5291845766633393,0.4966322624412463,0.4967291757522896
minute_slot,0,240,19961,0.032988219928825606,0.022148236259484505,-0.0038079028577226114,0.048735211785698944,0.1030595547713365,-0.00044579157517538655,0.002429203094728699,0.003362111282547225,0.032796140371518526,0.5441110164821402,0.5434001694143373,0.08675646011434891,0.562063097866078,0.5234206703070988,0.5172085566855368
minute_slot,0,480,18809,0.04697033847899958,0.03185761256727771,-0.005122157016534017,0.028608053442119925,0.07270270503376348,0.0015291603504613202,0.0041762711890713684,0.006651317366995337,0.04662269248620327,0.550055824339412,0.5349774177307449,0.07792496213711524,0.5525540377265554,0.5342655111914509,0.7224201180286033
minute_slot,10,5,21010,0.0067610108528687205,0.004592613049596381,0.00041192678909445803,-0.0005289180029069507,0.0049789084214565274,-0.0001479832380631678,4.405571753837448e-05,-0.0005599100271576258,0.006748283387028796,0.5708234174202761,0.500249147573836,0.012642418395844275,0.4780173820607404,0.42936696811042363,0.00038077106139933366
minute_slot,10,15,20931,0.01086063756124487,0.007583981601974448,-9.984501943212193e-05,-0.0013768719629872882,0.031480253084752836,-0.00023572647204648834,0.00016464907258853905,-0.0001358814526143664,0.01085870372284011,0.5043000477783086,0.5012108262108262,0.02365092210152373,0.5218698864051429,0.4968944099378882,0.0026278069756330625
minute_slot,10,30,20850,0.01306943889704265,0.009239767735209969,-0.0005827086878481895,0.050033810888979874,0.07393878503677512,-0.0003068266954010283,0.0002538861219893697,0.00027588199244716114,0.013066682623197481,0.4983932083073529,0.5073615962139155,0.05697138778672742,0.5463512902802302,0.5092810206724543,0.016979231617823397
minute_slot,10,60,20731,0.015809149478814948,0.01113380567877251,-0.0007449714994223752,0.0414879521811365,0.07529990822056566,-0.0003814576223326201,0.00046528560182438353,0.0003635138770897551,0.01580404659082217,0.5263640310675864,0.522444302956879,0.06778447292696375,0.5416995822628665,0.4947657870616045,0.12533166095807804
minute_slot,10,120,20594,0.018585341850771254,0.012992857290052494,-0.001069172341035773,0.038232254390490716,0.06312642994197523,-0.0005167281257912867,0.0012613912743885084,0.0005524442152444863,0.018559925375862586,0.5147880141809529,0.5119211478269067,0.024351560934868153,0.5294860160623769,0.4859890243310184,0.39735806905929777
minute_slot,10,240,19734,0.031093566312998408,0.02109201155696436,-0.0038431567985753976,0.012410571188165367,0.03083487923070981,-0.0011400398929220232,0.0026597246426396915,0.002703116905653374,0.030773323701740463,0.5052194182628965,0.5082379630324877,0.016828503195207237,0.5244370118899397,0.5146447755143407,0.3971825276173102
minute_slot,10,480,18579,0.045167971202106395,0.03062130362141274,-0.006647581118500626,0.01345548213556751,0.03372043864975506,-0.0003205821362383811,0.0046679984539085085,0.006326998982262245,0.044494432054888636,0.5212336508961731,0.5173253009070458,0.03484785364406322,0.5276270558797997,0.5321061413423758,0.5619785779643683
minute_slot,100,5,20563,0.0031625039807021455,0.001949329949492669,-0.0002829099283713504,-0.01832377282556921,0.009558094941135391,-0.0001474496339711442,4.401439256741905e-05,0.00013546029440020623,0.0031487104030818356,0.5159350865187213,0.5000598124025896,0.0032324276265299503,0.4989101456988798,0.48411379411477173,0.0003421644344510705
minute_slot,100,15,20547,0.0051064118577548836,0.0032099580310983515,-0.0003099084525077382,0.01707375664059724,0.03247025960297609,-0.0002325732537311283,0.000162374193205753,7.733519877660991e-05,0.005097185072929585,0.5207317073170732,0.500168121110203,0.0031356468821280266,0.5131368870625442,0.4793170731707317,0.002878048780487805
minute_slot,100,30,20508,0.009507097966354367,0.006225958747938509,-0.0006958923302942476,0.036552341223024656,0.09014741834236976,-0.000302010153716377,0.0002494211450875022,0.0003938821765778707,0.009487435227917581,0.5247486088060138,0.49848724785373083,-0.011357553152764176,0.5422342918687093,0.47276188616616227,0.018012301083666894
minute_slot,100,60,20426,0.012188565023075542,0.008221838796002193,-0.0005375727704192809,0.023764813767444097,0.042663311834521475,-0.00037279203216272446,0.00045696132299531255,0.00016478073825655653,0.012178991631518456,0.5224911799294394,0.504568864457894,0.01348992322824419,0.5191261758516208,0.4756468051744414,0.1318110544884359
minute_slot,100,120,20343,0.014458754430950928,0.009874000091925352,-0.0008398533133129292,0.058313547037433064,0.08101784367485416,-0.0004714896342180009,0.001218032938497884,0.0003683636790949283,0.014454061813181927,0.5333366112695447,0.5318344803918003,0.06488279099016202,0.5439284572901923,0.49218212213590323,0.4034319992132953
minute_slot,100,240,19070,0.0291982394750408,0.020598814715515685,-0.00204999448039977,0.01309831745157181,0.010861489241719332,-0.0010517354714192156,0.0025465272421120537,0.0009982590089805548,0.029048024316455322,0.500892107472712,0.5030414612926492,0.00620397873662378,0.5104731670790815,0.5108627204030227,0.40113350125944586
minute_slot,100,480,17937,0.042948917708344914,0.030209418604173133,-0.00412715858002288,0.000629036212959126,-0.0009173501097322277,-2.4093681194022977e-05,0.004498313944153901,0.004103064898828858,0.04251566618192381,0.5067477135846531,0.5020498376020722,0.00414423130964142,0.508441732300657,0.5298349319652019,0.5788534463528887
minute_slot,105,5,20568,0.003169228560700102,0.00191876995803318,-0.0004075999021331024,-0.031100010535030562,-0.0028780922504444387,-0.00013893382481221413,4.389726936617777e-05,0.0002686660773208883,0.003141236723318994,0.4810961313012896,0.5001583019917787,0.005063451862778032,0.5031219911259318,0.5190992575224697,0.0009769441187964048
minute_slot,105,15,20550,0.007137328737474944,0.004605359213184428,0.00015960921656742722,-0.01159564867973764,0.03573454556164406,-0.0002163010386807743,0.00015653012959062707,-0.00037591025524820156,0.007132011956269941,0.5798323423335607,0.49995548498754866,-0.0006127915488110268,0.49026667497197324,0.4192903791792572,0.0051661955356272545
minute_slot,105,30,20495,0.010293677477502596,0.0067578383797866305,2.2415491745470805e-05,-0.00026518679076687076,0.007741055336073997,-0.00027235347799573156,0.00024083526485440832,-0.00029476896974120237,0.010290771470795702,0.5265369954061186,0.4969444313756579,-0.01745315109314477,0.4958966504052595,0.46842928354999513,0.031521845371908906
minute_slot,105,60,20412,0.01261574196259895,0.008620935397261503,-0.0004609465081709472,-0.004659900671883348,0.01719477242910225,-0.0003281314373780141,0.0004439617926918746,0.00013281507079293317,0.012597430211475316,0.5155422631888605,0.4996668403750791,-0.0008590602379039438,0.5003534609521418,0.47489703863502647,0.1838105510884487
minute_slot,105,120,20329,0.01441837727554889,0.009914613446461936,-0.0005546423718804925,0.028532935727135455,0.04284668908981931,-0.0002538943291814531,0.0012480552239404344,0.0003007480426990394,0.014389202612446299,0.5178843788437885,0.5179019984632792,0.035803666875980605,0.5156351416189406,0.4966789667896679,0.5025338253382534
minute_slot,105,240,19054,0.02905104425264107,0.020515136980327784,-0.0013920331106434315,0.09166496609326125,0.09097463801443909,-0.00041027114810135635,0.002442991824702853,0.000981761962542075,0.02913945776112613,0.546056086545531,0.545489712831351,0.09106601168586943,0.5504409803616667,0.5119210166999265,0.524839827749186
minute_slot,105,480,17927,0.042607993103337516,0.02990523411912238,-0.00238123360866918,0.08895369452309897,0.1031846653774873,0.0016874221068474825,0.004202229234651062,0.004068655715516662,0.04270879881443893,0.567172506137023,0.5542479395211506,0.12241135142109681,0.5623598767217411,0.528118723499219,0.7328721267574202
minute_slot,110,5,20567,0.0029789927408096013,0.0019454419673773876,0.00017140738495353082,0.010825077011842417,0.013517892486506203,-0.0001493603156539032,4.416786367177171e-05,-0.000320767700607434,0.002974207544430568,0.5712471921086043,0.5000426157772428,0.002464607207391116,0.49428705177490767,0.42875280789139564,0.0002929973630237328
minute_slot,110,15,20521,0.007718669819240701,0.005018247839873238,7.036910579488475e-06,0.020438601674860713,0.0646538689781377,-0.0002622154689504067,0.00017700081147978736,-0.0002692523795298952,0.007720255392326565,0.5620302586627623,0.5006352439170342,0.016219565616325603,0.5157169117015744,0.43840897999023914,0.0015129331381161543
minute_slot,110,30,20488,0.009778557086476897,0.006524277995020966,0.0001367438800956247,0.05223526234124027,0.08240577426249043,-0.0003348637447966764,0.0002768022047082665,-0.0004716076248923011,0.009788151556657625,0.5662562298446203,0.5089817132472887,0.06830741754180465,0.5281148554922254,0.4405355223297176,0.01734584188410046
minute_slot,110,60,20408,0.012555209010720419,0.00855117350203752,-0.0005837539772439643,0.04041609912689863,0.06584740744822071,-0.000451152399880823,0.0005108604585965031,0.00013260157736314125,0.012551886051242661,0.5377825724513313,0.5186867859630586,0.0647880427523348,0.5316601003853785,0.47658510273132937,0.09135487667336831
minute_slot,110,120,20325,0.014194729276857264,0.009768196510541406,-0.0009759537606235203,0.02115598715337583,0.03899422839258887,-0.0007544160123598312,0.0013476028433201533,0.00022153774826368919,0.014125411403518532,0.5177877281897357,0.5187575832472027,0.041416212254299346,0.5334850870552905,0.5022880480244059,0.28814643507356197
minute_slot,110,240,19064,0.029117788634058756,0.020544246835184975,-0.0027060917524169403,0.052849920503297246,0.06609433351875152,-0.0016874124087067732,0.0026984594054804216,0.0010186793437101673,0.029008879797942328,0.5113850996852046,0.516823329757899,0.03738622788837567,0.5397697537383767,0.5124344176285415,0.2817418677859391
minute_slot,110,480,17942,0.04277552101900373,0.029805240273386276,-0.005615849782102658,0.07437122843660642,0.111012658293931,-0.0014853496371899273,0.00461702881477798,0.00413050014491273,0.042497951322006636,0.5450086394292403,0.5472832636708689,0.09461741250486119,0.5711069533991167,0.530405217100496,0.46547015216543114
minute_slot,115,5,20566,0.00556463921904652,0.0034784125873933993,0.00017179163094589893,0.04608705145820688,0.12706544604216552,-0.00014698450926443082,4.384609210796382e-05,-0.0003187761402103298,0.005563835088308493,0.5976227591582229,0.5001395877527774,0.00653978475462064,0.5365499757262073,0.40242595479345283,0.00043842556508183944
minute_slot,115,15,20527,0.007912444044803764,0.005122714486410132,-0.0005674413527101364,0.044311561374135715,0.10911391794337016,-0.00023164839881360382,0.00016145383431290914,0.0003357929538965325,0.007897576624972959,0.5150095182310733,0.500473671244352,0.008911116595019065,0.5511654461608358,0.48538097330014157,0.0028310636013081465
minute_slot,115,30,20490,0.010060242329065638,0.00667919487731199,6.85654774188533e-05,0.036826448495909825,0.07362359848480485,-0.00030049081393459035,0.000248137624992124,-0.00036905629135344363,0.010066090136204166,0.5416564866845834,0.5002331229213511,0.001771638366334751,0.5322934900291915,0.45707305155142924,0.017493281211825067
minute_slot,115,60,20401,0.012862729303408213,0.008718613198203435,-0.0008399618559708599,0.04157261007484311,0.061464538019977054,-0.0003702340284873839,0.0004525898927054182,0.0004697278274834761,0.01284612159267094,0.5114076836269074,0.5107741287327972,0.03192719643709239,0.5325327409868831,0.4991413571463618,0.13105343211814927
minute_slot,115,120,3485,0.016238012266455295,0.011177029665158204,-0.0020960728692075836,0.03833941533457907,0.029196064667039338,-0.0006404923628534657,0.0013615613883405835,0.0014555805063541179,0.01609677676489579,0.5008620689655172,0.5118531946887477,0.024581493671349066,0.5152935494635965,0.5396551724137931,0.36235632183908045
minute_slot,115,240,19051,0.02932220365815168,0.020787534824278156,-0.002070678387240527,0.010433838426525541,0.004251789583387387,-0.0010484441446457823,0.002528576299168725,0.0010222342425947445,0.029165890582457707,0.4928852717248622,0.49483203879230087,-0.010549622904639403,0.5035818434952416,0.5096875820425308,0.3994224205828301
minute_slot,115,480,17933,0.043159464411053484,0.0303376512616769,-0.004122077174920244,-0.002714149161054035,-0.0030828903894415728,-3.281650827196945e-05,0.004469336995100382,0.004089260666648275,0.04271693485945291,0.5037094884810621,0.49937327370346185,-0.0012681882287380085,0.5029134571721927,0.5269147096558264,0.5805210018407988
minute_slot,121,5,20578,0.004357785661591266,0.002699314061290299,-0.00039881106115498586,0.007204691646952882,0.012830635361105767,-0.0001456807278166495,4.6021579100290594e-05,0.0002531303333383364,0.0043395858544632415,0.4608899069155417,0.49963729747651486,-0.012214346401751668,0.516913983711104,0.5388176811735464,0.0008772357327355134
minute_slot,121,15,20541,0.006942768167126069,0.004516842240849914,-0.00034280335260301013,0.04685334345672012,0.022852570660121817,-0.00023187953682316285,0.00017369115811825364,0.0001109238157798473,0.006940267070637709,0.4797366495976591,0.49980947604568904,-0.0018603484080606933,0.509309643841707,0.5205071933674713,0.01058278468666179
minute_slot,121,30,20494,0.008388851412346276,0.005727897549796414,-5.91386160944274e-05,0.08234562441737102,0.10172230356054285,-0.00028767698453801654,0.000281046108805837,-0.00022853836844358917,0.008407108525661466,0.5207071693690174,0.5032514024056803,0.012980241984368208,0.5530198480927259,0.4798300449306505,0.06715178745848799
minute_slot,121,60,20439,0.011509913497570053,0.007804034591516364,-0.0007282268529569344,0.07224620366009211,0.08733967772927302,-0.0003566209274485902,0.0005555307100232877,0.0003716059255083441,0.011513617055198985,0.513762366539328,0.5167646249143475,0.04193490778564981,0.5496720681761116,0.504995592124596,0.19967675580370262
minute_slot,121,120,19481,0.021666833604892754,0.014288100818908434,-0.0012765640963494026,0.1165865847106791,0.15313316443705294,-0.00030677299926228703,0.00159462499812415,0.0009697910970871156,0.021757045299875058,0.5590575432472665,0.559187293528052,0.11895636600715434,0.5789108736824609,0.5013089677121297,0.4505928853754941
minute_slot,121,240,19046,0.029061950486722627,0.020567183685920715,-0.0017588230671680089,0.0838910543522267,0.10655984328036974,-0.0006184539538804988,0.0031559246643783137,0.00114036911328751,0.029102467724064697,0.5468774620515784,0.5470325616098608,0.09421009487820546,0.5618265116589701,0.5027574977677399,0.47213614160407585
minute_slot,121,480,17926,0.04260784578697249,0.03000735458129489,-0.002909654874674051,0.08032694506427981,0.11462495139563136,0.001298742570125047,0.005319232324338534,0.004208397444799098,0.04260370195995079,0.5537577414495342,0.54606687097544,0.09721814220774873,0.5648602680760094,0.5241867990849746,0.6612174301177258
minute_slot,126,5,20585,0.0037554616678600887,0.0023671102215582977,-0.0004231646726837758,0.011643231491621109,0.02459208295636915,-0.00015559548074557566,4.6616007695466364e-05,0.00026756919193820014,0.003731796067965662,0.49376886379125695,0.499949505728777,-0.004178316713738861,0.513422929283598,0.5061824554571123,0.00014604225489241553
minute_slot,126,15,20522,0.00573455915816844,0.003742466535396124,-2.1172066060250274e-05,0.0444545846552637,0.04979425375492958,-0.00031416887358646535,0.00019318779798333958,-0.00029299680752621507,0.005739859557612211,0.55576171875,0.5004172806874619,0.016465510024442444,0.5139332114343647,0.444580078125,0.000634765625
minute_slot,126,30,20487,0.007781909413038512,0.005165573092431007,-0.00045384037445070737,0.03414836354575605,0.044432168757654315,-0.00040781296136729905,0.000309074249873873,4.602741308340834e-05,0.007773075074200076,0.5341997264021888,0.5039281044839564,0.043976560020595114,0.519642391348352,0.4692202462380301,0.0080125073285128
minute_slot,126,60,20408,0.010969982327630906,0.007448178448518589,-0.0006042983813857087,0.020671848524112257,0.035246505190253095,-0.0006102038754303674,0.0005914392255695614,-5.905494044658686e-06,0.010949578877355792,0.529351184346035,0.5127266583928308,0.055129534249758805,0.5209532504381373,0.481241724290128,0.056397430238830856
minute_slot,126,120,19412,0.023157612127689558,0.01558454139421773,-0.0019060732920018705,0.029445604966753275,0.029709995932439635,-0.0013619566548672738,0.0015711827879832496,0.0005441166371345966,0.023071802621329737,0.5177725118483413,0.5062155149757424,0.017180830828314963,0.5110201600706714,0.4832577786935916,0.15464661034411703
minute_slot,126,240,19014,0.028776196346089505,0.020506756632256984,-0.003935209274271057,0.03508833671869526,0.05394820489592135,-0.0028033499980492163,0.003126264096352774,0.0011318592762218406,0.02844381106312622,0.5129931614939506,0.5135300537496348,0.03692389968717272,0.525902348557969,0.5007890583903208,0.15981062598632298
minute_slot,126,480,17893,0.04308834449710232,0.0303777687024643,-0.00799806944562251,0.012515308355821552,0.036982682929380374,-0.0036873464198752693,0.00541121901543536,0.00431072302574724,0.04206009871378416,0.5044163685152058,0.5150035691136496,0.03368167432684251,0.5219462405545017,0.523144007155635,0.2719700357781753
minute_slot,131,5,20570,0.0036634585860373823,0.002302889452408659,0.0002476628033685923,0.028184502537670297,0.03615729426795001,-0.0001429449102149971,4.4145208165925895e-05,-0.00039060771358358936,0.0036560553817902085,0.5622593693649788,0.5002284359449631,0.009008060607622175,0.5093647399346483,0.4378868365904771,0.0006335591403089819
minute_slot,131,15,20545,0.005481936279904487,0.0035896879197777226,0.0003075638469704257,0.0003811983119293532,-0.002087751083521449,-0.00022508749082752173,0.00015948093678141002,-0.0005326513377979475,0.005471038374833216,0.5925727374628393,0.5004347701999239,0.006133992114661086,0.47260086122438333,0.4069399093523076,0.00487353184853063
minute_slot,131,30,20490,0.007364651833855388,0.004851711800113733,-9.459688815256072e-05,0.014389749017705443,0.006064464081683078,-0.0002894407926758991,0.00024505261995839885,-0.0001948439045233384,0.007363492937912837,0.552168815943728,0.503421036837942,0.01946329009718271,0.49142712603148575,0.4479288784681516,0.03155529503712388
minute_slot,131,60,20422,0.009858820825842371,0.0065785345611796405,-0.00017093605477264132,0.05543735810289356,0.051246941285802414,-0.00033743424949746247,0.0004463767540852179,-0.00016649819472482118,0.009872003896073988,0.5255964336452261,0.5022399983556918,0.00586457818675777,0.5202526367552474,0.4639200509479253,0.17616224954685739
minute_slot,131,120,19387,0.02271959904102636,0.015316458496836763,-0.0012241066379928584,0.047760270013276505,0.04032716611851665,-0.0004078968534456592,0.0012428977993476672,0.0008162097845471993,0.02271196523045993,0.5081248387928811,0.5069646605859125,0.014107632370384761,0.5160521158401489,0.49270054165591953,0.4204281661078153
minute_slot,131,240,19028,0.027707950141518944,0.01975893167601152,-0.001945529623845193,0.0504337569686905,0.04497488093968473,-0.0008264245094922042,0.0025942645310566633,0.001119105114352989,0.027648693179527926,0.5054136444864922,0.5051126721230479,0.010309101330228906,0.5144750916137555,0.49763481551561023,0.43635025754231055
minute_slot,131,480,17911,0.041808949411196165,0.029552050965218277,-0.0038183296622401365,0.019383018306245923,0.018840640067734053,0.0003699240883894516,0.0047361317948115145,0.004188253750629588,0.041455868177635594,0.48905639307649357,0.4855246509406659,-0.02940082072941088,0.5101120020038936,0.5196538246789503,0.5892797319932999
minute_slot,136,5,20537,0.0032488011828314145,0.0019730161703061843,9.035228182078074e-07,0.04052484342425217,0.09314570959751588,-0.00014664641948460767,4.5972195291564285e-05,-0.00014754994230281547,0.003250339326119316,0.5692578296770411,0.5001808202161159,0.005880281864809869,0.5280170135628548,0.4307910294620609,0.0009283236429374114
minute_slot,136,15,20514,0.005533820991467928,0.0036049203689719925,7.031886394352344e-05,0.05982197570059395,0.10400976254218591,-0.0002371659081935724,0.00017519211051350564,-0.00030748477213709586,0.005541090393577653,0.5468620268620269,0.4996693443148322,-0.0035257842893517146,0.5458842905989566,0.451965811965812,0.008791208791208791
minute_slot,136,30,20469,0.007866801477047916,0.005297349883748695,-0.0007925830126273087,0.029537584435996432,0.057695533598013354,-0.0002965056027545475,0.000282482293053063,0.0004960774098727612,0.007830022118535947,0.4964035817390028,0.5092161079373763,0.03873452528340882,0.5388434934959171,0.5145569310564173,0.060184958653422715
minute_slot,136,60,20404,0.009595640978201139,0.006295361736837524,-0.0008247241285056084,0.051420124237803545,0.0623805878334068,-0.0003744696283500875,0.0005567599802931075,0.0004502545001555209,0.009572579307387478,0.5001961553550411,0.5011905317650194,0.003017997709666638,0.5248423999974527,0.5016182816790898,0.19277167516673205
minute_slot,136,120,19332,0.023144780906606224,0.015628671297971727,-0.0012748475065218568,0.07703137061041357,0.09465800896996274,-0.0003645383953089495,0.001584034292082373,0.0009103091112129073,0.023177635079849677,0.5403280045527445,0.5399639901144229,0.08068818577855202,0.5521435042527023,0.4973356097056237,0.4314760204873506
minute_slot,136,240,18989,0.02742622476172957,0.019466340823331697,-0.001967770255736266,0.08690267151201772,0.11846598231975324,-0.0007437796771259873,0.0031492231160368134,0.0012239905786102787,0.02744871918006509,0.5536184557042031,0.553749699846442,0.10799304312422271,0.5652237856931948,0.5013694301063942,0.4522279574423259
minute_slot,136,480,17878,0.041195074185884924,0.028975085674451624,-0.0032206944247010548,0.08162843828375023,0.12329582668823579,0.0010091165050914801,0.005379896180794573,0.004229810929792535,0.04115660377741667,0.5585832587287377,0.5531934048067052,0.11025116095023171,0.5712468905997277,0.5206468218442256,0.63272157564906
minute_slot,141,5,20533,0.0034562315308757315,0.0022767492649471894,-0.00017431162157713714,0.005870064096764639,0.02330831765114542,-0.00015579434052763976,4.62519648822508e-05,1.8517281049497395e-05,0.0034517947429836076,0.5250183060776178,0.4999070372780515,-0.009396895819307024,0.5102373095181595,0.4748840615084208,9.76324139614352e-05
minute_slot,141,15,20495,0.0054146395148807185,0.0034893010178889015,-0.0006672009956408094,-0.0024905880988064406,0.022177001700020137,-0.0003133566437786447,0.0001918394259184311,0.0003538443518621648,0.005369472092293988,0.48525744462373477,0.5003796867584243,0.019192151722006737,0.5185641352237772,0.5151337342917217,0.0003911789154564569
minute_slot,141,30,20442,0.00796319967573714,0.005213315150034641,-0.001244919343080265,-0.012109040861639516,0.007654660757663442,-0.0004080122667929825,0.0003065358199246836,0.0008369070762872827,0.007855599468359335,0.4660037229352405,0.5024106847970566,0.03514122167205661,0.5184025002656573,0.5367394925051435,0.004702655040658372
minute_slot,141,60,20390,0.009557524812291378,0.006102251411026744,-0.001598084388664566,0.012939467220215531,0.03515990179109378,-0.0006086616361579507,0.0005837268400885613,0.0009894227525066152,0.009412430936484101,0.4802709069493522,0.508264454856564,0.03736026014502738,0.5290867672419016,0.53116411464468,0.05138398115429917
minute_slot,141,120,19286,0.023993600618698915,0.016359406898836033,-0.0031125220443204964,0.031565245879874027,0.04454786743012105,-0.001340729512742824,0.0015490770336239004,0.0017717925315776726,0.023789323034774164,0.5027226054037235,0.5212817969236744,0.058767660530225724,0.5310462851332508,0.5267852512575844,0.15469584608204118
minute_slot,141,240,18946,0.028026841886355024,0.019921458028278615,-0.00404869225752045,0.03737249345572424,0.05822999981840468,-0.002768515283163832,0.0030891139501040177,0.0012801769743566178,0.02767597510546091,0.5163164008871053,0.5191223660664208,0.05222218443402497,0.5289862983549868,0.5041187031365508,0.1595205407117964
minute_slot,141,480,17839,0.04228720166212397,0.02967370118775908,-0.007876926051121346,0.012489030015320517,0.03944880100098011,-0.0035853041078004627,0.0053544300352957284,0.004291621943320883,0.041267551379528554,0.5091388203633102,0.5199948332767675,0.044822736598487026,0.5236939275904369,0.5238282126037228,0.2731554160125589
minute_slot,146,5,20536,0.003236960265156982,0.0020635039509436072,2.5206314036272347e-05,0.021764210233673975,0.049207684358325524,-0.00014259927403571638,4.440993098523181e-05,-0.0001678055880719887,0.0032375241461572845,0.5502805562332276,0.5003646921514986,0.01388843819230676,0.5121135911878895,0.45001219809709686,0.0006830934374237619
minute_slot,146,15,20503,0.0051947812203309756,0.0032992030816239824,-0.0005864975401397727,0.022312265067093957,0.03210812977520656,-0.0002248511209716756,0.00015997381205474628,0.0003616464191680971,0.00516265783270253,0.5055218921032056,0.5007878264747064,0.010448598809137366,0.5147056261201545,0.4952111024237686,0.005717357310398749
minute_slot,146,30,20468,0.00782007106608971,0.004963978829277458,-0.0009728250872386477,0.05700074187033447,0.07663232405979531,-0.0002877344114760283,0.00024682730786260685,0.0006850906757626194,0.007769480164031319,0.4886802601339788,0.5128128887491689,0.06834038434055979,0.5428831838721511,0.5259889491956383,0.036379639137450494
minute_slot,146,60,20436,0.00933734472686287,0.005849001173126791,-0.0017949919696632515,0.04338113531054017,0.07521017566884662,-0.000334039814488184,0.0004512772563640214,0.0014609521551750674,0.00917166643364025,0.47576618035836676,0.5093931256821522,0.024140985413970452,0.5456704506503633,0.5529227455204152,0.18329579947126212
minute_slot,146,120,19268,0.024125012458247774,0.016501535918309832,-0.00202860151258065,0.07415584351678914,0.08520852945118321,-0.0003972117412235254,0.0012675165682311312,0.0016313897713571245,0.024100310399665054,0.5262119796532752,0.530725290169396,0.06202280355140452,0.5488348683087985,0.529793418457386,0.4260874078687844
minute_slot,146,240,18963,0.02738657511180372,0.019555486979962008,-0.0020689929350646134,0.05299707629400028,0.04791010992330615,-0.0008093776575659288,0.002641524607353029,0.0012596152774986846,0.027320605848351345,0.5075973409306742,0.507806218414917,0.015719164821604396,0.519526986554514,0.5017938166086314,0.44180647884351587
minute_slot,146,480,17858,0.04105837807928841,0.02898075948750173,-0.0036680853614291546,0.027664077463681155,0.027603721011609423,0.000398659091666684,0.004836280122621594,0.004066744453095838,0.04074122718432541,0.49061782333501375,0.48677994880740005,-0.02687805654886102,0.5148010948952826,0.5206968016579846,0.5921693832969249
minute_slot,15,5,20970,0.006050711342518107,0.004121310796482342,-0.0007293480154392527,-0.0042551753531361956,0.030507741867120436,-0.00013869409336546577,4.378174683203903e-05,0.000590653922073787,0.006006247119933668,0.4497806180847005,0.5001722908529542,0.005069402895189012,0.5347688851580448,0.5505055322396032,0.0011446012972148034
minute_slot,15,15,20914,0.009812581961098686,0.006740710448616131,-0.0008973919855164073,-0.0017089506045093316,0.047968865416313275,-0.00021469327460996241,0.00015475147128940172,0.000682698710906445,0.009769971175258777,0.4711142993782879,0.5011527605097342,0.015558302831831607,0.5372800352237479,0.5303682448589192,0.005499760879961741
minute_slot,15,30,20827,0.012146868312969432,0.008471392927288173,-0.0005258736054304301,0.029174195846118477,0.06527801536604544,-0.00026951945450990407,0.00023806805753375638,0.000256354150920526,0.012140091722117207,0.4985114760395659,0.5084595094069977,0.04695958066124887,0.5422943269218482,0.5106597522327859,0.03356381446269087
minute_slot,15,60,20730,0.014894118879559196,0.010355573027639729,-0.0011947159502314379,-0.0026128141001725215,0.049349480582575045,-0.0003217412492368609,0.00043909699335384947,0.0008729747009945769,0.014838482977473845,0.5096960926193922,0.5172096389624841,0.04406561775331137,0.5327520714488642,0.5120115774240231,0.18765074770863482
minute_slot,15,120,20583,0.01779853548270765,0.012348059114440998,-0.0008767051315540715,0.000928194999000837,0.04102060595440078,-0.0002391606777260311,0.0012451244784803027,0.0006375444538280404,0.017734427266741997,0.5228862973760933,0.5230300203176633,0.04605456156054259,0.5237778111970627,0.48984450923226436,0.5066083576287658
minute_slot,15,240,19682,0.03008101237005337,0.020452876307406418,-0.0029126633440151395,0.08570449373869851,0.11141716231255175,-0.00045929520023132975,0.002535744045632335,0.0024533681437838096,0.030050208020069254,0.5502997662839142,0.5495655236821968,0.09924689100148248,0.5628974186332664,0.5138705416116248,0.5278426989127121
minute_slot,15,480,18527,0.044053605625081864,0.03001402534728433,-0.004185335351065472,0.04922926310379055,0.08328625198902771,0.0017128190976080364,0.004136142171015144,0.005898154448673508,0.043862947275723756,0.5609650779942786,0.5447835848092348,0.10113673018341018,0.5509469811415324,0.5350029686403627,0.734279699897447
minute_slot,151,5,20521,0.0030553484677430906,0.0019389793804630196,-0.0006612643225356087,-0.08182189383701621,-0.07791125112955954,-0.00014635629602748342,4.607822456879996e-05,0.0005149080265081253,0.0029788083356699436,0.42768463756781855,0.499755957622504,-0.007727284228815321,0.47411792215129656,0.5722176059435945,0.0009775648858692996
minute_slot,151,15,20486,0.005634706403929378,0.0035734366014938236,-0.0010527592927700117,-0.023255763465741635,0.010613809619843862,-0.00023667375613699928,0.0001751258253476645,0.0008160855366330124,0.005528644700205966,0.4618393389722779,0.5028586507600562,0.030584687600184714,0.5192213568738226,0.5417298195863688,0.008751772356133574
minute_slot,151,30,20456,0.007433965176299428,0.004719250549949696,-0.000926071703528267,-0.0032281201505764893,0.011737122439931899,-0.00029571950427201505,0.000282780512845666,0.0006303521992562519,0.00736972250015764,0.46966138187512235,0.4970594149649397,-0.012197013776245418,0.5123308877665149,0.5312683499706401,0.06170483460559797
minute_slot,151,60,20415,0.009031617354836907,0.005638901881217246,-0.001401954670616249,0.007083684471189624,0.03274996652864251,-0.00037253172562644435,0.0005565556601488272,0.0010294229449898046,0.008908710652905896,0.48710910695029896,0.49968822894083115,-0.0007848405191273133,0.5158364873590565,0.520684246642486,0.19591216547397314
minute_slot,151,120,19219,0.02413218865613536,0.01657094731239754,-0.0021387311952705246,0.07537582683288477,0.08900548544606644,-0.0003586294207278748,0.0015945479511679122,0.00178010177454265,0.02410477335111337,0.5369204350314826,0.5418213774045404,0.08410742240996916,0.5560353359245445,0.5366082114794193,0.4361242649737212
minute_slot,151,240,18921,0.027294636585756853,0.0193794763301784,-0.001954598282119618,0.07165873128059151,0.10503711285004567,-0.0007334547561054771,0.0031736043004756426,0.001221143526014141,0.027267325590249036,0.5479879435249326,0.5482158466458391,0.0967937019561911,0.559809966060814,0.502617524192269,0.45671831209349056
minute_slot,151,480,17819,0.04076706378537183,0.02866418681560531,-0.002827169523950847,0.07587998869614404,0.11312762717915244,0.001052606470756906,0.005438358988577427,0.0038797759947077535,0.04071843322418257,0.5619913565695683,0.5573127449026193,0.11912154343581513,0.5673490844773686,0.5173149239490374,0.6370881742156368
minute_slot,156,5,20497,0.003310807045527424,0.002087013877291273,-0.00018533903624228732,-0.00810302522618472,0.01693363299040481,-0.00015542522162034618,4.5845178807675866e-05,2.9913814621941134e-05,0.003304925944024665,0.5260890846793931,0.5001032631144156,0.010423128716887504,0.5006626242030597,0.47400881057268723,9.78952520802741e-05
minute_slot,156,15,20464,0.006078000799263078,0.003770952174842498,-0.0008160492780497292,-0.012190980328664655,0.008907918425560352,-0.00031148937920616926,0.00019019063827738398,0.0005045598988435599,0.006017647352090668,0.49287567938108995,0.5004341115184257,0.020681680388077377,0.499400666826141,0.507565000244822,0.000440679625911962
minute_slot,156,30,20423,0.007708050913071229,0.00471655679779869,-0.0003783901527210851,0.016105946998549243,0.05326646845456709,-0.0004046671640877235,0.0003034199211931524,-2.6277011366638373e-05,0.0076976646471991605,0.505908310860505,0.5016564508923956,0.024852769283015035,0.5387365426588518,0.4957097327776416,0.004461877911252758
minute_slot,156,60,20412,0.0089937836439315,0.005658432450812462,-0.0007372651768960198,0.013907930324735881,0.0440199764463601,-0.0006005123628395756,0.0005745504608689443,0.00013675281405644426,0.008953075486734767,0.5377150419056022,0.5030682549910882,0.014063456463369716,0.5110765897814356,0.4615007596922021,0.04979659853943048
minute_slot,156,120,19195,0.024199723645794764,0.016709358612137588,-0.002458031924884933,0.02656959739177316,0.04733619605475194,-0.001312849208791482,0.001523671577261886,0.0011451827160934508,0.024066818213053814,0.5109941642350979,0.5231296626998397,0.06417969607838703,0.5332429602721145,0.5174551896623594,0.15318882867861608
minute_slot,156,240,18894,0.027443187135618437,0.019533368698832126,-0.003981124890751058,0.03163239678301784,0.05722007432006569,-0.0027120064075744554,0.0030333342994819344,0.0012691184831766023,0.02707904364577425,0.5123914424909977,0.517362520411304,0.04764062851972541,0.5303305485496075,0.507254818894302,0.15764668502435925
minute_slot,156,480,17786,0.04142072774974572,0.029161895907391988,-0.007408781411479902,0.008939187335897159,0.03212592522346765,-0.003456092918743107,0.005268478373805021,0.003952688492736796,0.04045788654050316,0.5044148248130026,0.5130893659853595,0.029238550377065076,0.5167424394952453,0.5193746133513301,0.2766436083459873
minute_slot,161,5,20494,0.003485311752009478,0.0021462982807983915,-0.0004208018566675568,-0.0022703835724461863,0.015062837131421905,-0.00014292950912787205,4.436028060316663e-05,0.0002778723475396848,0.0034594304646239672,0.49466418641080867,0.4998455057472322,-0.005703162443538326,0.5052856235984698,0.5051889563344429,0.0007342862737419228
minute_slot,161,15,20467,0.005883239267272925,0.00358709773613244,-0.0005583130031987741,0.06150503227862012,0.08225845871643664,-0.00022643284764639257,0.00016087057876204165,0.0003318801555523816,0.00586438061466297,0.463160469667319,0.5015028672200672,0.019452247532287716,0.5567781736987092,0.5387964774951076,0.005968688845401174
minute_slot,161,30,20418,0.00699506421848385,0.00448807023212031,-0.00034149970815877234,0.0714859013837763,0.11478365724770395,-0.0002911997678236632,0.0002490259342738867,5.02999403351091e-05,0.007000108364846984,0.5080922020598333,0.5047644006078703,0.025848055859104588,0.5628546477809062,0.4964198136341344,0.03521333987248651
minute_slot,161,60,20408,0.008847690946964946,0.00571696482614891,-0.0006779381379662091,0.03898324145632458,0.07080713797976393,-0.0003412068996848661,0.0004532351095409163,0.000336731238281343,0.008827715400379145,0.5116883116883116,0.5107424636278696,0.028410276106431688,0.5390645421003196,0.49855427591276646,0.17284979171771625
minute_slot,161,120,19166,0.023985139692908594,0.016591355196276966,-0.0017914898791626256,0.08484902376471816,0.10093535221428791,-0.00042403190393919916,0.0012686221412196916,0.0013674579752234264,0.02399235768983233,0.5335630024010857,0.5375345192605417,0.0761077225466024,0.5549673847156298,0.5228103142290427,0.41465706232383337
minute_slot,161,240,18881,0.02673344696905354,0.019156696942473916,-0.002051154591255832,0.04868671075077636,0.047295854883802724,-0.0008657260907304222,0.002643352099893828,0.00118542850052541,0.026652255534401436,0.5073377483443708,0.5082213754526531,0.01659802706530862,0.5187998269857882,0.5064370860927152,0.4314701986754967
minute_slot,161,480,17774,0.0405738536871989,0.028780344406695864,-0.0037382751356625048,0.02729511211474901,0.023617383337981957,0.0002890329294063778,0.0048474770739333865,0.004027308065068882,0.040241941880467,0.4924886063129466,0.48906321451469964,-0.022166847950315635,0.5129849478571858,0.5203961064536095,0.5835255724976087
minute_slot,166,5,20477,0.0032735463591035937,0.0019816117800580124,-0.0003497785170961263,0.023548017490581653,0.057024861167631107,-0.00014666548605672683,4.644085374201851e-05,0.00020311303103939948,0.0032555682323127805,0.4988491111219942,0.4998514056953107,-0.005151988980830895,0.5267115399688794,0.5010039668935795,0.0008325579117488614
minute_slot,166,15,20466,0.005032086975075367,0.0032268484321139124,-7.486397609279491e-05,-0.00025165896445642605,0.013453386937479167,-0.00023989005302052277,0.00017854148003615714,-0.00016502607692772786,0.005028316397112798,0.5236860135069002,0.49775913841847313,-0.024148437477031697,0.5075623098352291,0.4736223940491338,0.00866203386512675
minute_slot,166,30,20417,0.006551325897415872,0.004230090049588885,-0.0002969998423205562,0.04691075361919041,0.0975591609066253,-0.00030050232781683516,0.00028812830413834023,-3.502485496278989e-06,0.006551775019773823,0.5263570833129014,0.5023213619420804,0.009566936164572649,0.5481203161442598,0.4725150787034767,0.06261952630804687
minute_slot,166,60,20392,0.008496738576245444,0.005470126597367928,-0.00041705237305461937,0.07343732642098345,0.0994198500889066,-0.00038237090457783016,0.000567201786668909,3.468146847678926e-05,0.008509277470779298,0.5216047868948943,0.5080613922067975,0.02013995025022864,0.5458499223406431,0.47741429202020697,0.19981362499386923
minute_slot,166,120,19133,0.02410070571846319,0.016813095632880644,-0.0009585725796839775,0.07863644626053809,0.09502543292070148,-0.00039264756226534413,0.0016326827406348695,0.0005659250174186334,0.024154956691579427,0.5395995608761566,0.540132793434881,0.08094214099058233,0.5572184360982894,0.5041037168696744,0.4353599247216268
minute_slot,166,240,18875,0.026380590332931126,0.018867302442825907,-0.0020148150807728707,0.07799865117634504,0.11615642975249331,-0.0008086882915304641,0.0032547657823431605,0.0012061267892424065,0.02635649201417808,0.5526287894848421,0.5534962252120021,0.10743650807502873,0.5667165843769638,0.5091689633241467,0.45367818528725884
minute_slot,166,480,17764,0.03993649843897467,0.028155887039362733,-0.0029774431647024368,0.0885261487039174,0.12703018118434456,0.0008830604215574446,0.005672229236423545,0.0038605035862598813,0.039924681121214445,0.5646151247254912,0.5601921420550132,0.12485545079656694,0.5724301288055026,0.5168083788501605,0.6335942339095669
minute_slot,171,5,20476,0.0030938167329016557,0.0019034454403070035,-1.6244878304138307e-05,0.02148184648805554,0.021331245267802265,-0.00015587113714583128,4.586038454879258e-05,-0.00013962625884169296,0.0030944194831930855,0.5262332827119972,0.5000051546946485,0.000520072710634576,0.5080599161683972,0.47376671728800274,9.797677950325773e-05
minute_slot,171,15,20423,0.005028000474231986,0.003195095234514165,0.0001958940186400715,0.0344759324434562,0.06745308631473579,-0.0003145740414006522,0.000191356416955037,-0.0005104680600407237,0.0050271390488065585,0.5580300206023742,0.5000670194304642,0.005487799634469961,0.5264378458075051,0.44201903266947906,0.00014715981555969782
minute_slot,171,30,20403,0.006308150862217652,0.003948679749422935,-0.0005940216761496128,0.03877687499554076,0.07541934154852711,-0.00040977853437768356,0.0003053301219029359,0.0001842431417719292,0.006284544048751676,0.512313579277865,0.4996970998388466,-0.005103945748892488,0.5321216353953847,0.48729395604395603,0.003532182103610675
minute_slot,171,60,20375,0.008088346953806272,0.005198418592492276,-0.0008427735124223517,0.03628451486752332,0.0538156364897811,-0.0006119052063819433,0.0005798260051763231,0.00023086830604040852,0.008044462767558911,0.49877294591145577,0.49988532811154174,-0.0005433335334217293,0.5309474420768201,0.5012270540885442,0.046726219691764014
minute_slot,171,120,19105,0.024350700095729268,0.017182111380131208,-0.001199226693721262,0.04397203191496789,0.06975992348078841,-0.001344450066884084,0.001534644015999642,-0.0001452233731628221,0.024340261890387817,0.525392670157068,0.5194110987471025,0.05447172206206892,0.530849029663322,0.4914659685863874,0.14921465968586387
minute_slot,171,240,18837,0.02668821604597703,0.019217695118232143,-0.003963881394653953,0.05302206681035214,0.07344795971246654,-0.002784013219142669,0.0030598152151669346,0.0011798681755112836,0.026376973505233738,0.5147090059473237,0.5193113844750781,0.053558484691394,0.5379379395199737,0.5066376380628717,0.15356839422259982
minute_slot,171,480,17723,0.04077309361299357,0.028849186468970615,-0.007172245723859135,0.02741998115314178,0.04958741029969824,-0.003573165619636943,0.005305042844662369,0.0035990801042221914,0.03993091043715009,0.5126960839634352,0.5208002930171733,0.04679178617782699,0.5286412415040621,0.5176052364292969,0.27056765602076516
minute_slot,176,5,20479,0.0028556483925074446,0.0018357568615365886,7.94316417590622e-05,0.08256026003320277,0.1197688657092788,-0.00014317246455764192,4.412449713046057e-05,-0.0002226041063167041,0.0028578476625592424,0.5549248911288349,0.5002739886029116,0.010408987248455695,0.5475478812446264,0.4452708323139404,0.0006850320497137545
minute_slot,176,15,20430,0.005035844515065298,0.003253918320503591,3.319606598542862e-05,0.03367269947697878,0.08774784526289432,-0.0002267094392723802,0.0001605757138061487,-0.00025990550525780884,0.005038584212836242,0.5427450980392157,0.5010253590499165,0.014346140156066644,0.5472731180130957,0.45784313725490194,0.005098039215686275
minute_slot,176,30,20442,0.00696737240999819,0.004332189056718628,-0.0010937661196955188,-0.015856334443041194,0.039369606264623054,-0.0002928401724915333,0.0002461313521020624,0.0008009259472039856,0.0068726798814526075,0.46938176122179254,0.49944636840171713,-0.003274954721139289,0.5311383224989519,0.5319398893729502,0.029321063194478438
minute_slot,176,120,19106,0.024392284112877877,0.01722587637479431,-0.00035331681445981025,0.08497765790169362,0.0912975617635814,-0.00043331285709080213,0.0012431040084355906,-7.99960426309919e-05,0.024463890168698536,0.525704114752382,0.5244769903677882,0.04965574804892687,0.540044335211461,0.49267092451052247,0.41592503402785047
minute_slot,176,240,18852,0.026741178054454407,0.0193973375824403,-0.0020207840437514316,0.049802641948370766,0.04355842310620814,-0.0008814717604917378,0.0026005009263262158,0.0011393122832596937,0.026667431927775154,0.511326860841424,0.5124139248088897,0.025050382493042398,0.5251582007349179,0.5080906148867314,0.43302031938033847
minute_slot,176,480,17734,0.04036856073532264,0.028902019441844652,-0.0032355768289207398,0.03364587983205301,0.031224203283279,0.00025223586042729876,0.004760185608704494,0.0034878126893480386,0.04011661221246488,0.4943034404963339,0.4912751170987219,-0.017706621402747213,0.5185752711104099,0.5174280879864637,0.5865764241398759
minute_slot,181,5,20446,0.0027745222626937138,0.0016724722070411598,-2.2664517506277098e-06,0.035103116965585476,0.07177236401982454,-0.00014668574879419795,4.661717685641089e-05,-0.00014441929704357026,0.0027757665720709616,0.5438630902760752,0.5003375836115742,0.010485210740875507,0.5309047614903116,0.4563820918942775,0.0010297651154808022
minute_slot,181,15,20432,0.004890885045331845,0.0031078226180634083,-0.00041110026344535637,0.0605912371547014,0.11773413267942422,-0.0002402093759573616,0.00017898293740739674,0.0001708908874879948,0.0048811462069449215,0.5243394284033531,0.5015059344644002,0.015826052873637347,0.5495852112598039,0.4767390558360704,0.009118094024216873
minute_slot,181,30,20429,0.006544750854337842,0.004029883712788286,-0.0007150913609194995,0.016929693453415603,0.06861361549831196,-0.0003012403753054828,0.0002898236970321771,0.00041385098561401673,0.006504016903185338,0.5360047026550406,0.5052730067067902,0.021689181592272067,0.5219480873071626,0.4648280591750759,0.06275105319878514
minute_slot,181,60,19370,0.01828451523926453,0.011902581502759588,-0.0011753910890472704,0.08819928028698694,0.1316370125883985,-0.000367428454939852,0.0005716082300943881,0.0008079626341074184,0.018288226681193655,0.5446848056172234,0.5389560882146872,0.09520955070194455,0.5651918317603943,0.49000980948939027,0.21250451752800867
minute_slot,181,120,19087,0.024581297177508885,0.017304921052366907,-0.00046100884335194606,0.08724217397149699,0.10929418295810789,-0.0004014775024503342,0.0016629136765825146,5.953134090161195e-05,0.02466615707328424,0.5432344617964574,0.5426856090548282,0.0860640564105203,0.5602605360585285,0.4956503511162352,0.43653705062362436
minute_slot,181,240,18836,0.02671267869308911,0.019301491213470946,-0.0019501371108109696,0.10215424372796696,0.14258603965609914,-0.0008235554322139549,0.003318954015661612,0.0011265816785970147,0.026775074896299367,0.561344805608668,0.5620973853368926,0.12461884238762766,0.5809295683238052,0.5087104312725728,0.4578818780539622
minute_slot,181,480,17722,0.040086901424253585,0.028499480138804236,-0.0026405443300611814,0.12034069348575874,0.15505132781340186,0.0008197298854949284,0.005866920279615316,0.00346027421555611,0.040279567322582074,0.5722266109919874,0.5672873054887928,0.1397789244839142,0.586928923911004,0.5184516420268592,0.6363277282473762
minute_slot,186,5,20427,0.003629765639002691,0.002248471445060701,-0.00026912650091301773,0.0074739753553876385,0.045850411385396056,-0.00015577221335641314,4.5544011596130424e-05,0.00011335428755660456,0.0036198286707326516,0.5305862153544273,0.5000060242533056,0.0006070867955092009,0.5161278826366082,0.4694137846455727,9.811135638950208e-05
minute_slot,186,15,20410,0.005113528523690136,0.002992555673699658,-0.0010182032486895478,-0.003993016538538979,0.03369231146328562,-0.0003149640782808709,0.0001897122988566208,0.0007032391704086769,0.005006781384583949,0.49010945859716293,0.49994799689817015,-0.004284932148005074,0.5120930783794337,0.5098414568301183,0.00014725371815638345
minute_slot,186,30,20405,0.006654687014134124,0.004079470497141865,-0.0005774950135318594,0.0045130683075666235,0.04680742445379424,-0.0004095153259681387,0.0003020411408884201,0.0001679796875637207,0.006624061356798728,0.5552777369220964,0.4996599459157593,-0.006516334311492933,0.5062812618472238,0.4440849144482032,0.0026964749718095798
minute_slot,186,60,19282,0.019937140557881025,0.013155399261833426,-0.001305508463406919,0.04990600428020907,0.0650401177350347,-0.0006138487253818081,0.0005729735264266963,0.000691659738025111,0.019914714105799335,0.5260619262486386,0.503496903059027,0.017738243479146654,0.5263562638026422,0.47544214511695454,0.04040246875162077
minute_slot,186,120,19024,0.024602476131862287,0.01734766809304363,-0.0026086755843644513,0.03921076267468642,0.07043428480384312,-0.0013315768378939826,0.0015082548207187478,0.0012770987464704687,0.024476455571695067,0.5109650276097818,0.5235274323671879,0.06681049693379298,0.5400367707149655,0.5176439652905601,0.14483302655798055
minute_slot,186,240,18778,0.027253634096790803,0.019858993512860735,-0.0039022673813488566,0.05337485549017001,0.06833325850460156,-0.002760305445430519,0.0030169519580904927,0.0011419619359183378,0.026965074071589164,0.5096138482023969,0.518245923281208,0.05102551429924302,0.5358603714588286,0.5123302263648468,0.1504127829560586
minute_slot,186,480,17672,0.04134664823182826,0.02947136172489626,-0.007056847630169957,0.026661972556660654,0.04743388780364049,-0.003542051924810601,0.005230864147737763,0.003514795705359356,0.04054248153296763,0.5120253522720842,0.5203460622331066,0.04604681793999851,0.5263687005828669,0.5176843415765944,0.26546318827457416
minute_slot,191,5,20438,0.0027298026167188044,0.0015646756187435657,-0.0003516834651382052,-0.025191377581018217,0.007423867884988382,-0.00014302582358836173,4.383097057547611e-05,0.00020865764154984342,0.002705595143227693,0.492156862745098,0.5001369102034525,0.0054245308700627635,0.5037350657147345,0.5079901960784313,0.0006372549019607843
minute_slot,191,15,20442,0.005183375797615645,0.0030957313112880275,-0.0012927058872149204,-0.05503592662020376,-0.020838442515072098,-0.00022627180317815853,0.00015857045424553677,0.0010664340840367617,0.005008366481289156,0.42565483476132193,0.4996221446831624,-0.0052491839168604905,0.5078705179428611,0.5747368421052632,0.005091799265605875
minute_slot,191,30,20416,0.006187673275121774,0.003803065715948062,-0.0005756294881667191,-0.007919799767617749,0.031241787461095943,-0.0002915363518490535,0.00024274734654224382,0.0002840931363176656,0.0061541337494195785,0.5082055552833978,0.5014319616926087,0.008668527836837844,0.5207321078839433,0.49282320090138637,0.028070347327683338
minute_slot,191,60,19247,0.020282870069399734,0.013536617374245285,-0.001448659788346607,0.03231702645470718,0.04120139226903308,-0.0003454215158144916,0.0004493582891599586,0.0011032382725321155,0.02024060634666126,0.5158742530527409,0.5149774865602575,0.03947725947892054,0.5191412514222101,0.49862301896596517,0.1743309950636529
minute_slot,191,120,19016,0.024457016388918416,0.01722702856497514,-0.001937790754365105,0.05865763235457835,0.06999447757776742,-0.0004268081800540375,0.0012269816931375199,0.0015109825743110676,0.02442131091855495,0.5181736889169428,0.5227387887090067,0.04609345150575736,0.5389835837531352,0.5263268633948767,0.414496870233023
minute_slot,191,240,18780,0.02678961095188966,0.01952210368515943,-0.0020117344381980905,0.05174263211007604,0.050910221699896036,-0.0008733693829041343,0.002570540633172606,0.0011383650552939562,0.026723346722219186,0.5102779848759186,0.5117860381499928,0.02381248568353763,0.5263289831304973,0.5104910001065076,0.42837362871445306
minute_slot,191,480,17675,0.04047486231261974,0.029019894721398345,-0.002942654847227661,0.03249431702043407,0.032068277955226966,0.00025907150776977776,0.00470404173642256,0.003201726354997439,0.04024587917329379,0.4923903818953324,0.4904628445658761,-0.019361380448164402,0.5152823059343739,0.5111173974540311,0.5864780763790665
minute_slot,196,5,20435,0.0026467674029406712,0.0015722170147258218,-0.0005306766389446244,-0.030589540906195346,-0.01812877040607245,-0.00014655415010276926,4.671531213243438e-05,0.0003841224888418551,0.0025911719550358626,0.4374724034734828,0.5001178132914053,0.0036432808394861256,0.5006242666504105,0.5627728989844478,0.0010302703233086396
minute_slot,196,15,20435,0.004845252035022366,0.0028367104284380755,-0.0004985821331047539,-0.04739323277511094,-0.02997234965555668,-0.0002406015893548415,0.00017947592446458554,0.0002579805437499124,0.004807690052894583,0.5192458374142997,0.49833243322380943,-0.01647513523646482,0.47520861859386015,0.47864838393731635,0.010333006856023506
minute_slot,196,30,20405,0.006292752191963459,0.003798198070797804,-0.00035739715095933853,0.045325192768759175,0.0776632416757763,-0.00030100061347949095,0.000291131403601603,5.6396537479847596e-05,0.006289055213789424,0.5166919947056228,0.5115205553258558,0.04648345765030309,0.5354152925464489,0.4940438256777293,0.06573851659395068
minute_slot,196,60,19226,0.02104650420441169,0.014242016825600324,-0.0009431902587614993,0.04570143270611008,0.06869291276652885,-0.0003684859267787842,0.0005776936482931991,0.0005747043319827152,0.02104383938843272,0.5300145651269247,0.5215505002263098,0.052531838339782325,0.5386698768734282,0.4851747815230961,0.21389929255097795
minute_slot,196,120,19022,0.024781912915873866,0.017542403366429458,-0.0015496740607642689,0.052593348421755066,0.07109502798730594,-0.00041644604131651613,0.001694458503503634,0.0011332280194477529,0.02476458016691844,0.525139370989797,0.5279682868911351,0.05645556602386791,0.5452355199576142,0.5197749027032713,0.4295782055327653
minute_slot,196,240,18790,0.02680646605458753,0.01946795479178645,-0.002078667920242283,0.0731865350920304,0.11093339896671917,-0.0008477775167754121,0.0033685416932275965,0.001230890403466871,0.02676029184791511,0.5520655877342419,0.5530908216247545,0.1066515100842275,0.5659157790303705,0.5104344122657581,0.4519804088586031
minute_slot,196,480,17685,0.0400918106514264,0.028518170516114293,-0.002632017720396092,0.1134934499776525,0.1463403354738138,0.0007685274951435638,0.005966902547754581,0.003400545215539656,0.04024082961634056,0.5673887223573327,0.5640147343048427,0.1325013235083885,0.5832197096544967,0.5132062666138794,0.6294327243934167
minute_slot,20,5,20943,0.005794510197922942,0.003944100483574936,-3.151975665880246e-05,-0.014617894918663363,0.023693247211287204,-0.0001496323428299797,4.375953128593161e-05,-0.00011811258617117724,0.005793619594611191,0.531276859898768,0.4998712421518628,-0.008317454763645081,0.5061169386440995,0.4685798873078025,0.00023875465571578645
minute_slot,20,15,20874,0.008833673503838603,0.0060405879531177055,-9.464784874827204e-05,-0.001707235086337739,0.025720483126517566,-0.0002637502841573478,0.00017657467407535698,-0.00016910243540907576,0.00883109995370637,0.5256803372939823,0.4996102725057834,-0.013642769127473515,0.5112468507588741,0.47388846301264853,0.000814488309697202
minute_slot,20,30,20801,0.011749759010927036,0.00817056843791183,0.0002867152545599917,0.01852332914262778,0.04896641811487322,-0.00033551492546176086,0.00027675007891400015,-0.0006222301800217525,0.0117481270928621,0.5170921678926872,0.4887962931073387,-0.08635000303518689,0.5257619670814797,0.4707437857589307,0.017068128275397856
minute_slot,20,60,20693,0.01390398443035808,0.009556572179004968,-0.001004518478258666,0.005163457595152383,0.056233154530786526,-0.00045303898744344923,0.0005085690767908744,0.0005514794908152167,0.013860948025397514,0.5031416143064282,0.5006574441059909,0.0023511241789763355,0.5302962763759658,0.4970033832769454,0.08550024166263896
minute_slot,20,120,20547,0.017102194602714803,0.011830733859511822,-0.0009472669962666612,0.02693660695358332,0.06479885379837201,-0.0007713448629109576,0.0013570644393794417,0.00017592213335570356,0.01705852456866666,0.5269665109034268,0.513521576387126,0.029800513499968782,0.5231547570040265,0.4681658878504673,0.28796728971962615
minute_slot,20,240,19591,0.03015692763123999,0.020474482157788562,-0.004380142957084,0.026955985293904246,0.07689857877854038,-0.0017666467965711634,0.002680595758628806,0.002613496160512837,0.029788823504403053,0.5192690521157675,0.5294042018400438,0.06556591152167102,0.5506460706074217,0.5226889898422745,0.27798478893369405
minute_slot,20,480,18440,0.04416482057440288,0.029973620372421662,-0.007515140372371957,0.021319925581159263,0.07548822689467126,-0.0014885834657665143,0.004595252958021334,0.006026556906605442,0.04337553149620861,0.5302603036876355,0.5329854420641497,0.0659072681761089,0.5542702686708486,0.5390455531453362,0.46767895878524945
minute_slot,201,5,20458,0.0032057266907562633,0.0018351085206028774,-0.0006364781715110285,-0.06436598481375895,-0.014038977459816481,-0.00015572680356132842,4.555870090958304e-05,0.0004807513679497001,0.0031386455417919544,0.46552146038271425,0.49999321817234854,-0.0006838865444510604,0.4985509222168939,0.5344785396172858,9.788087897029315e-05
minute_slot,201,15,20431,0.004686149534304667,0.002748070870177266,0.00019378349531748624,-0.003598717422804,0.041792462996622336,-0.00031387597274149437,0.00018984937399128178,-0.0005076594680589806,0.0046776074027151575,0.5985798237022527,0.5000810711362442,0.006557899555220292,0.4999386053065854,0.40146914789422133,0.00014691478942213516
minute_slot,201,30,20395,0.0059133799345946125,0.0035531832870547273,-0.0004829899898919324,0.010434174032231272,0.030336127950399524,-0.0004095337835447504,0.0003027321507749869,7.345620634718196e-05,0.0058890016174461815,0.5051733437944392,0.5008147750048619,0.013930257918345453,0.5188468704711809,0.49561123915068894,0.0034325503849360075
minute_slot,201,60,19193,0.021692425429691433,0.014903737769964561,-0.0014128139036010097,0.04848075965482126,0.06041134432141819,-0.0006103589518780908,0.0005751729900254916,0.000802454951722919,0.021666628583038847,0.503959983326386,0.5082837690843877,0.04032999118307178,0.5344282675844408,0.5047415589829095,0.04413297207169654
minute_slot,201,120,18994,0.02470300211976525,0.017608154592650575,-0.0021517954253745144,0.04923324446935953,0.07480254024313149,-0.0013206071964255786,0.001525328714147177,0.0008311882289489358,0.024637000350711723,0.5105845181674565,0.5216667884893275,0.05990838244370356,0.5420783279773741,0.5160084254870985,0.1545550289626119
minute_slot,201,240,18772,0.026844778876504462,0.019579081607513933,-0.0039044782940546954,0.050681210370646296,0.07241256848191037,-0.002730820040307735,0.0030457935596117035,0.0011736582537469605,0.026538908695238977,0.5145719004741861,0.5203048785377282,0.05525220514821665,0.540665019394115,0.5084447759603602,0.16090361766743033
minute_slot,201,480,17667,0.041020037256897963,0.029314968673209447,-0.006856056247195786,0.02556211921474558,0.044375936092359236,-0.003475082234011427,0.005292880008461993,0.0033809740131843587,0.04023070439628523,0.5077846345467927,0.5144842360620261,0.032391659061619935,0.5207819704755643,0.5149181905678537,0.2758874483383344
minute_slot,206,5,20469,0.002921397532413469,0.001849720749905446,0.00045185563396378764,0.05199119464139301,0.08126832527520292,-0.00014299333931990985,4.374093708369627e-05,-0.0005948489732836975,0.002888185079586593,0.6294157941090126,0.49998054629693883,-0.0007181271154372356,0.5098983726233118,0.37038849202465995,0.0006849985321460025
minute_slot,206,15,20456,0.004318821718535906,0.0026203951831494142,0.0005268145685495411,0.050583308599841746,0.09058322324297152,-0.00022825162655179464,0.00015881792072795862,-0.0007550661951013358,0.004291668540493218,0.6251528042638502,0.501344269721853,0.018751731711042437,0.5279662246958953,0.37489609310058186,0.004840839078773654
minute_slot,206,60,19184,0.0224040632717153,0.015596706321748444,-0.00044017636060763546,0.06082199772169556,0.06379674539449953,-0.00035414062943340613,0.0004459738822861733,8.603573117422932e-05,0.02242244013338004,0.5250482197779284,0.5260138808468827,0.07038141020447523,0.5376069517978346,0.5014335609654381,0.163269561590992
minute_slot,206,120,19013,0.025144062328571092,0.018056604388355896,-0.0003641100364947602,0.10046245953303352,0.11249101993859961,-0.0004598873948571786,0.0012188960472067833,-9.577735836241846e-05,0.025234613327357637,0.5422979797979798,0.5434977123565234,0.08909784812762492,0.5607980905406944,0.50552398989899,0.39188762626262624
minute_slot,206,240,18822,0.026421785410261404,0.019250206777743025,-0.0019913639230893262,0.08365638704619574,0.08456142371878639,-0.0009371224068173108,0.002547057109809965,0.0010542415162720156,0.02643717178629857,0.5253174645342968,0.5265112335201182,0.0539258305671109,0.5454992327752556,0.5065086871048297,0.40863928590404336
minute_slot,206,480,17712,0.04018609021687155,0.028859749168291395,-0.0032052204390856974,0.054194070486103994,0.05346193815240205,0.00017887030834389003,0.004640924257700825,0.0033840907474295876,0.0400406232638567,0.5032746160794941,0.5013381811751598,0.002708372408563847,0.5264808979394524,0.5124774164408311,0.5776309846431797
minute_slot,211,5,20465,0.0025966372952929946,0.0015530581927470967,0.00024285541360550867,0.05939258745257646,0.08061957022870957,-0.0001465936253505645,4.6641540654793785e-05,-0.00038944903895607317,0.0025876064683731967,0.6049080954243253,0.5004186602751225,0.013098770216342747,0.5137076298425715,0.39528744622604617,0.0009777082518576457
minute_slot,211,15,20438,0.004352847064991749,0.0025952778080194218,-4.3854747220362297e-05,0.11703288524574827,0.14886865860568305,-0.00024092448125148904,0.0001798154538870374,-0.00019706973403112675,0.004370005530491986,0.5238817656846433,0.5023055720584589,0.021975800814436952,0.5714634281328187,0.4779289419594793,0.011108936086913967
minute_slot,211,30,19343,0.01731434754314676,0.011153040938703491,-0.0005739638157711761,0.08868314293816648,0.1141366146557411,-0.0002943885346054169,0.000291780388634022,0.00027957528116575925,0.017328266881652687,0.5246342346068346,0.5115005189941145,0.04468881806616392,0.5538000695559122,0.4846714573747609,0.07124024194799153
minute_slot,211,60,19151,0.022707626972413103,0.015924068730437616,-0.0010147947372938493,0.08997018113233543,0.1140354047346594,-0.00036713939277818676,0.0005796996836040415,0.0006476553445156625,0.022729747772258883,0.5270249099169669,0.5368771601078155,0.08984668318241762,0.5765888560962164,0.5171549428168573,0.2141103974097864
minute_slot,211,120,18972,0.024987724323391178,0.01797127571503623,-0.0012543738704494667,0.07193106619500059,0.09095151433393957,-0.0004214710344895798,0.0017097838922118024,0.0008329028359598869,0.025020871584797977,0.5320786546470557,0.5350610883126068,0.07082326215357457,0.5578623644597497,0.5200590437028837,0.4270652116611313
minute_slot,211,240,18806,0.026516449382467,0.019358850467278848,-0.0018667149030479322,0.09050258241030065,0.12007451518912154,-0.0008472672176054005,0.00337914748633248,0.0010194476854425319,0.026541529157690053,0.547354427014092,0.5478955956009721,0.09633659203435867,0.5654314750017863,0.505025259239564,0.44663653283701144
minute_slot,211,480,17701,0.03988613538329933,0.028464622893861376,-0.002429511229225885,0.12106680871956085,0.14997403720834004,0.0007806823261522921,0.005970043105122491,0.003210193555378177,0.04009131809201094,0.56954802259887,0.5659979887170818,0.1365710685643651,0.584514739183796,0.513954802259887,0.6290395480225989
minute_slot,216,5,20470,0.002567929527873425,0.0015256447358332672,-0.0003871400395785244,-0.002789497107284227,0.015858837352308232,-0.00015566533011601897,4.539282738281107e-05,0.00023147470946250544,0.002538046766727216,0.46094437383908493,0.4999923168673897,-0.00077472432906202,0.5184103579397434,0.5390556261609151,9.776126698602014e-05
minute_slot,216,15,20431,0.004056773752748638,0.0025292150106415233,-0.0009012785406008348,0.019478666665531292,0.019675958988830334,-0.0003144380051953019,0.00018919512917585436,0.0005868405354055329,0.003954549611951704,0.4229564366128243,0.4999267020611848,-0.005977038188079565,0.5311163836589435,0.5769946157611355,0.00014684287812041116
minute_slot,216,30,19285,0.018911433947466454,0.012559594680487344,-0.0007590179721146294,0.05962131094305799,0.06732713260739903,-0.00040955420668964437,0.00030177068192259465,0.00034946376542498506,0.01891178681365499,0.5262639357013222,0.5009084193982332,0.015305290154835019,0.5249010166037187,0.4744620171117449,0.0035260565206118744
minute_slot,216,60,19142,0.022838411536736027,0.016148815798299604,-0.001491747841993342,0.04948572972966982,0.06791331477536187,-0.0006129335439649385,0.0005734891665474385,0.0008788142980284036,0.022810821134581757,0.4915891756347299,0.5110394496540078,0.055017143972796514,0.5450503096565636,0.5212099049211159,0.041949639536098635
minute_slot,216,120,18958,0.024993534413830516,0.01795815618958543,-0.002451433304522944,0.05522613916058059,0.08554391501812204,-0.0013358293373073923,0.0015238831314675469,0.001115603967215552,0.024910597718192005,0.515958849907676,0.5293742639559658,0.08233890284964988,0.5506955143675394,0.5190714850962806,0.1494064890530203
minute_slot,216,240,18804,0.02666921354065038,0.01953524005721353,-0.0037291669916616702,0.05752326973588376,0.08250910490811755,-0.0027546490594483474,0.0030362224439228333,0.000974517932213323,0.02640730716886631,0.5175494575622208,0.5215444014640238,0.059423729441351505,0.5450402153750555,0.505796639012976,0.15565837055945544
minute_slot,216,480,17695,0.04056923300495429,0.02901901147511705,-0.006654128886784397,0.03365908699340416,0.05576929922631634,-0.003505906820375926,0.005279651199371333,0.0031482220664084716,0.039848126673907795,0.5127437129132524,0.5184894651429488,0.04148869425817962,0.5268113891360856,0.5126306866346425,0.2730149759819158
minute_slot,221,5,20458,0.0025093354057077613,0.0014544285239695108,-0.00010897372360815765,0.051036057651785365,0.04665822410527971,-0.00014269582865467092,4.3781435627963396e-05,-3.372210504651329e-05,0.0025088211717407003,0.4966262468218267,0.500287647590216,0.010287904042821719,0.5234309322684412,0.5036671230197536,0.0007823195775474281
minute_slot,221,30,19248,0.019501437045943152,0.01320088225532948,-0.0010196696288250402,0.03963458539603012,0.04776198215466109,-0.00030004024268321034,0.00024737737048068136,0.0007196293861418298,0.01948299707451239,0.5064685405517743,0.5052673408057812,0.031840109908976205,0.5287207797609514,0.49872707434924923,0.028160232763547566
minute_slot,221,60,19117,0.02293884967474428,0.016254706351541,-0.0013216894759853226,0.06979210762209369,0.0895821912450563,-0.0003586979055650991,0.00044976716374274967,0.0009629915704202235,0.022927736111401666,0.5234632487575203,0.5399121198333108,0.1074126694187916,0.5612045336051029,0.5244049176039759,0.16494899293748366
minute_slot,221,120,18962,0.02486966934531123,0.01791436290883961,-0.0014640391825781365,0.07547480505610236,0.09677968564014404,-0.0004841233747824776,0.001245140584262834,0.000979915807795659,0.02488945010335147,0.5392689487842186,0.5423035369166418,0.08653787863682294,0.5556592797936954,0.5141621393533414,0.3940608681892505
minute_slot,221,240,18795,0.026324899156107785,0.01939827832796801,-0.001969891782739639,0.07406621398589164,0.07644277147457006,-0.0009841940971159523,0.002598631057002076,0.0009856976856236863,0.026315334381239036,0.5259377494014366,0.5273741392548015,0.05563480680210853,0.5450701433347941,0.5080074487895717,0.41074753923915935
minute_slot,221,480,17687,0.03992692805070169,0.028797585582779266,-0.0030861910236750795,0.04933324510378871,0.046808313843974284,4.917589787231313e-05,0.004757820759572564,0.0031353669215473923,0.03975753800753777,0.5016678916718493,0.49991407490319273,-0.00017339792880172744,0.5258338911971142,0.5129190931192401,0.5678747102391587
minute_slot,226,5,20438,0.0023899588958784376,0.0014407322961188793,-0.0005422422859467647,-0.03949478598484466,-0.02984334566263033,-0.00014591828500898555,4.626825550675121e-05,0.0003963240009377792,0.0023253467716566217,0.4172619630100793,0.5002519662923561,0.008375867675661149,0.502383516431137,0.5831294647225755,0.0008807123984734318
minute_slot,226,15,19322,0.01677669323081302,0.010904153792108677,-0.0007410843177863284,0.06550827622644777,0.07827020487978642,-0.00023306920461083178,0.0001759692902998999,0.0005080151131754967,0.0167709247337288,0.5114894938412172,0.5012672181676794,0.012105814437646824,0.5342109299346282,0.48954559569402756,0.011075458027119347
minute_slot,226,30,19207,0.020415320616324225,0.0140990266304678,-0.0006738046988545056,0.04396032310165777,0.0585559441303644,-0.00028847010394794404,0.0002860256239866487,0.00038533459490656155,0.02041477097761467,0.5159325210871603,0.5071619504701732,0.02764447974101267,0.5351051109365711,0.4897427887118609,0.07232114964073727
minute_slot,226,60,19077,0.023438749446172153,0.016746938448884773,-0.0007863226656050909,0.07408913729441623,0.09299228364452276,-0.0003556544706132029,0.000568992001904568,0.0004306681949918881,0.023460838786057054,0.5163285631912774,0.5237022227228727,0.057535901223945085,0.5615185197870088,0.5129737380091209,0.21643864339256697
minute_slot,226,120,18920,0.024945414823719765,0.017999009187454812,-0.0014493795026011057,0.06807253712462268,0.09224344176106344,-0.0003914661400334419,0.0016832184718542761,0.0010579133625676638,0.024961168728819202,0.5357822410147992,0.5375930476253648,0.07587944318780553,0.5557431910363515,0.5130021141649048,0.43134249471458774
minute_slot,226,240,18771,0.026187589814362894,0.019322097237433753,-0.001767575486196889,0.09224034411914582,0.11568596768171549,-0.0007805527802439662,0.0033206806693612885,0.0009870227059529228,0.02622410227820394,0.5439774119652656,0.544783883931091,0.08994793051238001,0.5611919056730035,0.5084971498588248,0.45330563102658356
minute_slot,226,480,17662,0.039336208613539723,0.028209424838868187,-0.002235188264554029,0.11287097342888361,0.13927771571680705,0.0009081811507756574,0.005862481981699134,0.003143369415329686,0.03949996351942867,0.5654512512739214,0.5618263586755777,0.12846343949554226,0.5752637975990659,0.5134752576152191,0.6361680443890839
minute_slot,231,15,19252,0.018365455633225555,0.012331708038195947,-6.0665080218136586e-05,0.049042345362197926,0.06408797114900311,-0.00031166631211513874,0.0001882587000106145,-0.00025100123189700213,0.01837362548507511,0.5499168917515064,0.500068161298344,0.005433484388155224,0.5166648542643204,0.4501350509038022,0.00015582796592561812
minute_slot,231,30,19169,0.020912233082200287,0.014623283789113022,-0.0009671742424503154,0.04473029044303864,0.05960087244415542,-0.00040397744748128225,0.00029991795209309666,0.0005631967949690331,0.020901122224327558,0.494991652754591,0.501303510265862,0.020217658669952294,0.5393908755065377,0.5063647746243739,0.004173622704507512
minute_slot,231,60,19050,0.023495368531373496,0.016944651345677693,-3.927315521300288e-05,0.049739471366713216,0.07443436391021119,-0.0006028739797022301,0.0005712893604751561,-0.0005636008244892273,0.02351682204669862,0.5198950131233596,0.5115863608798721,0.054429970897984084,0.5392225425877942,0.49081364829396323,0.04755905511811023
minute_slot,231,120,18895,0.024806644462042386,0.017934978546342722,-0.0020125647839156794,0.04925071873443736,0.07731008223068925,-0.0013101138251748717,0.0015369518150743743,0.0007024509587408079,0.02475286562185949,0.5211707420345083,0.5271209861058365,0.07362424297744093,0.5425249304085791,0.508785857944321,0.16185032285381604
minute_slot,231,240,18751,0.026232962861645368,0.0194287234525338,-0.003645537647405499,0.05988750153584371,0.08404076927079741,-0.002692673346875687,0.003056515686109944,0.0009528643005298121,0.025981682979279472,0.5210922084155512,0.5253855301239749,0.06817349794512961,0.544640565199166,0.5064263239293905,0.16628446482854248
minute_slot,231,480,17649,0.04007373900735192,0.028799691243957534,-0.006548963948839455,0.03377875050833149,0.05554336392782458,-0.0034450917407124718,0.005325967132621619,0.003103872208126983,0.039354922944631894,0.5162332143464219,0.5213333441261464,0.04742351116047914,0.5280651364256541,0.511643719190889,0.28148903620601734
minute_slot,25,5,20916,0.005306293044090165,0.0035492631005655012,-0.00040077387423897754,0.009287264906751136,0.033544422275792844,-0.00014770490809044848,4.366647063676437e-05,0.00025306896614852903,0.0052913619372223115,0.4907482667941669,0.4999460082462628,-0.0029512530230991372,0.5218289369272953,0.509203920631126,0.00033468802295003584
minute_slot,25,15,20849,0.008563638828576152,0.00589063945621892,-0.0007176754163308679,0.05683607488416719,0.06335536053508746,-0.00023509185289278688,0.00016328968258568096,0.00048258356343808094,0.008541236827195504,0.4819381146557928,0.5005221900174854,0.00999270815562937,0.5385270090388732,0.5186855360997841,0.0027344686975293835
minute_slot,25,30,20803,0.011250244278671944,0.007888963047756747,0.0005807568082741963,0.088954250711638,0.10549688777887681,-0.0003062791397534147,0.0002509578034349307,-0.0008870359480276109,0.011254787268346228,0.5516826923076923,0.5062057759374236,0.04951800317372521,0.5391425174898181,0.45298076923076924,0.015817307692307693
minute_slot,25,60,20670,0.013412668721191326,0.009287904458374236,-0.0007998896474957811,0.03492992444971861,0.07909774579967149,-0.0003804186480672896,0.00045726160182457757,0.0004194709994284915,0.01339696705798259,0.5213625586684085,0.5193362045951314,0.05895277761334705,0.5428114210865366,0.4973145594425896,0.12261092563023177
minute_slot,25,120,20557,0.016949674735545775,0.011857101692657787,-0.0006204100926983677,0.02504363022993098,0.04252565567671799,-0.0005106990731980409,0.001229722265000342,0.00010971101950032683,0.01692444334225495,0.5090245682315738,0.5003995975393423,0.0008148629366790674,0.5102730193049092,0.45910970566772075,0.3945025541230844
minute_slot,25,240,19558,0.03032491654646743,0.020755085995633228,-0.0033424638787118493,0.016049589814289337,0.041801323315027374,-0.0011325973593172283,0.002593165061186408,0.0022098665193946206,0.03007003454332304,0.5168993199365955,0.5214708195282713,0.0439246444700896,0.5358302545216206,0.5211433246407936,0.3928005317789027
minute_slot,25,480,18411,0.044150925214096935,0.030189047713310973,-0.005891078835409821,0.014772020193136469,0.04570995319132922,-0.00027401824395600904,0.004568658213079685,0.005617060591453812,0.04358451146577241,0.5258269512791266,0.5210800514113421,0.0423547109388277,0.5356974444421223,0.5394057900168377,0.5618923469664874
minute_slot,30,5,20894,0.004699878787169811,0.0031553180051649282,0.00011585146122082772,0.007495300569160746,0.01659866637423176,-0.0001392142970602811,4.355498333887599e-05,-0.0002550657582811088,0.004698575293483608,0.5627693191611606,0.4995517022732763,-0.01370876229615696,0.4858282376219318,0.43665613329503017,0.001053337163650292
minute_slot,30,15,20834,0.007685134856778019,0.005167846077329915,0.00016851493090002463,0.04125616617771752,0.054171764824135445,-0.0002146144426019417,0.00015409407720303137,-0.00038312937350196635,0.007688101658543313,0.5590706159089818,0.5005212074395793,0.007525327059741328,0.5047708970233247,0.440881378714416,0.004752532283615765
minute_slot,30,30,20784,0.010287065186195852,0.007105751672782539,0.0007786479255985786,0.04119383990272553,0.0911058563799889,-0.00027000891457098987,0.00023667793184564814,-0.0010486568401695685,0.010264577617060074,0.5758217431060205,0.5052422669493031,0.030727501165970703,0.5276837504401386,0.42490013956398287,0.029308436402136772
minute_slot,30,60,20683,0.012376134680079703,0.00847981703681852,-0.0006119931779455487,-0.011322196982080448,0.041408471452351124,-0.00032264749421849086,0.0004351527899146479,0.00028934568372705787,0.012348406279709451,0.5260409110692006,0.5079507147963274,0.02051435542421415,0.5176827050735342,0.47139610232603124,0.18332607959765945
minute_slot,30,120,20542,0.016542233101009596,0.011615308179204578,-0.00020815618009081255,0.009774330145304133,0.03237853824540141,-0.00024063504974834236,0.0012270831240855792,-3.24788696575298e-05,0.01650734349760192,0.5003894460130465,0.5007347560310136,0.0014622960112513018,0.5022679796904086,0.4503943140882095,0.5034076526141563
minute_slot,30,240,19526,0.029626933705010225,0.020315514859267223,-0.002262585705096606,0.093190755282223,0.1081656054796132,-0.0004324573292607304,0.0024744628574851625,0.0018301283758358755,0.02966809212010746,0.5441462665164396,0.5432805918763621,0.08663491174568438,0.560701727761868,0.5171053979309639,0.5267847997541739
minute_slot,30,480,18380,0.0434521952929072,0.02971383674623121,-0.00344506957661959,0.05792254424920662,0.09735575232970783,0.0017236993823209839,0.004094821164203764,0.005168768958940574,0.043359258784596476,0.5659956474428727,0.5497527765380682,0.11264165780493636,0.5595793557275399,0.5348748639825898,0.7363438520130576
minute_slot,35,5,20865,0.00443144562887067,0.0029538532091512924,-0.0006748587572129877,0.02086073516242566,0.057534171731959814,-0.00014963407020321046,4.415360260142759e-05,0.0005252246870097773,0.004380456134948075,0.4680667433831991,0.49993650564073033,-0.004092916131333814,0.5353952913750284,0.5318853087840429,0.0002397391637897967
minute_slot,35,15,20817,0.007339362400595465,0.0049664061001079545,0.00016919208694711143,0.05586058625741674,0.09049081193346606,-0.0002645140184446717,0.00017820250576408336,-0.00043370610539178315,0.0073452089190210006,0.5428859737638748,0.500356396106495,0.012811635996197161,0.5359247666086251,0.4574023353034453,0.0007688241795204459
minute_slot,35,30,20756,0.009255361462357682,0.006172396227181811,-0.0005729201274659927,0.009339530814133749,0.06925325530043754,-0.0003381404255951203,0.0002785330544805474,0.00023477970187087244,0.0092360137616901,0.5204066881896593,0.500592637234157,0.005159968772020925,0.531680269474791,0.4796414976148027,0.013347467835975521
minute_slot,35,60,20633,0.011781301759949422,0.007900628653468165,-0.0010501591845138072,0.002066451798443758,0.06921298239735625,-0.0004587384862600377,0.0005122728303007746,0.0005914206982537694,0.011724275488376708,0.5285762761161472,0.5131432469204064,0.04547257115289691,0.5337377097232757,0.4810703378738669,0.09186097241747056
minute_slot,35,120,20529,0.016051129720417213,0.011109141162172315,-0.0012233546160311962,0.03487579935037082,0.07260337483632043,-0.0007816044223836253,0.0013517208865847605,0.00044175019364757083,0.015994469452572803,0.5284774665042631,0.5156778904761039,0.034569197081363134,0.5268776273282507,0.4697198538367844,0.2876979293544458
minute_slot,35,240,19487,0.029464048075733325,0.020290011120367366,-0.003419697983640309,0.02956417590548992,0.06002395093413465,-0.0017288655803574511,0.0027368682559609702,0.001690832403282858,0.029217692311509096,0.5133165700210397,0.521189893749678,0.04709851641643879,0.5406054173090408,0.5179350336121517,0.2812644326987222
minute_slot,35,480,18338,0.043637820307630644,0.029807617405764996,-0.0063648725654610015,0.05118847957758635,0.10618445509002794,-0.0014964382913077797,0.004676558551977205,0.004868434274153222,0.043157154551673085,0.5432731635491084,0.5458003300231518,0.09170911064125663,0.5700391335340059,0.5303484757593936,0.46114413480940175
minute_slot,40,5,20836,0.004452200831103452,0.0030357103016713867,0.0004829244259178312,-0.000522359598210189,0.019195383159629948,-0.00014767730549378915,4.394785720071772e-05,-0.0006306017314116203,0.004425691090402718,0.6047438421280069,0.5001845053467734,0.009207337413491296,0.472725125696347,0.39535218706486774,0.00038411677149853557
minute_slot,40,15,20807,0.007051734360224369,0.004873098779365468,0.0011171695057730006,0.06614478149509373,0.10199983608340833,-0.0002345750901526997,0.000163852750377016,-0.0013517445959257003,0.006971596549319484,0.6296990673973656,0.5009380299045606,0.018320996750451093,0.5115565068247486,0.3705412941063359,0.002451687337755985
minute_slot,40,30,20727,0.008789544718112031,0.00580039032309833,-0.0004607882460152283,-0.016917266413146864,0.047047223517732224,-0.00030435372031233353,0.0002520717278633775,0.0001564345257028948,0.008769574508622636,0.541372984454958,0.5044124830412828,0.03295457772374969,0.5169273158233046,0.4616201602780728,0.01815197450999324
minute_slot,40,60,20616,0.01121182948809013,0.007456440009199804,-0.0005228193276535767,-0.0336500101966071,0.039450490629245105,-0.00037976467572165717,0.0004640231203999729,0.00014305465193191952,0.011174412729536365,0.5587364743558639,0.5171431575724715,0.051188924188127136,0.5046335593231654,0.443980785093891,0.12683778931534767
minute_slot,40,120,20509,0.015973928029044387,0.011018440263290172,-0.0006729598248183181,0.002546988183188106,0.040475868407369685,-0.0004979846656640329,0.0012472911566392658,0.0001749751591542852,0.015914109448796065,0.5220677883443062,0.5146978910689258,0.029958992870474904,0.520424473604052,0.4637893196781273,0.3971714216044867
minute_slot,40,240,19431,0.02937794361216418,0.020210838365709475,-0.002744467070783047,0.015346405035625166,0.031464836025753944,-0.001089997653148978,0.0026091808518577866,0.0016544694176340692,0.02917293103527222,0.513484302624807,0.5174454312131783,0.03562607437779712,0.5296361290721276,0.5191456510550695,0.39722079258878024
minute_slot,40,480,18280,0.043385936006729395,0.03000432437195923,-0.005004092104429712,-0.010664876756542733,-0.00472874515843198,-0.00012826308195634095,0.004608372148948553,0.004875829022473371,0.042800167641374655,0.5053063457330416,0.5004327746646294,0.00087265495229959,0.5064867796948351,0.5338621444201312,0.5719912472647702
minute_slot,45,5,20823,0.004161166499555724,0.0027913367866034796,0.00017229412935385567,0.03886605886099531,0.07713283963757407,-0.00013899578941489572,4.357472380259349e-05,-0.0003112899187687514,0.0041590635975963285,0.5659443616970163,0.4998361341860302,-0.005242100577483079,0.5177005766625455,0.4337673569403738,0.0009609378753663576
minute_slot,45,15,20779,0.006659788130694058,0.004530225145376643,0.0004352130513803065,0.011219414880042465,0.08247017884902103,-0.00021413051441342178,0.00015384940540240962,-0.0006493435657937283,0.006645497686201416,0.5798545909769368,0.5008553926010969,0.01244935247661794,0.5290667965645335,0.4202417063893302,0.004622273580817565
minute_slot,45,30,20724,0.008808170989836024,0.005821588971658944,-0.0009746534171151871,-0.06392131866276246,-0.004388132491327033,-0.00027016534817537525,0.00023577321918853478,0.0007044880689398119,0.008735847018195757,0.49319235225955965,0.49921148426281053,-0.004799166456138657,0.5054413246631667,0.5063731170336037,0.02776168404789494
minute_slot,45,60,20603,0.011347091899880311,0.007331587850698596,-0.0012333264406034854,-0.0517404516770356,0.040131916960019685,-0.0003234551903886856,0.0004310420618072687,0.0009098712502147998,0.011249347994520842,0.5192793317793318,0.5089096253939697,0.02332373217124079,0.5141796513637573,0.4839257964257964,0.17715617715617715
minute_slot,45,120,20479,0.01629020782942651,0.011226781907781994,-0.0011411569697707253,-0.008899257765871967,0.025007342032053122,-0.0002397661102887398,0.0012050009235925665,0.0009013908594819854,0.016194729778975122,0.5010013188101402,0.5011681706898342,0.0023348369994161946,0.5026319473690799,0.4815122356274117,0.5044693010306257
minute_slot,45,240,19392,0.029185067932437664,0.020123355862475982,-0.0018931009327611927,0.10249734043578125,0.11086500827205228,-0.000414588589673357,0.0024102674789014005,0.0014785123430878357,0.029271794092894925,0.5513098184818482,0.5503987511891903,0.1008875335505878,0.5607891758227591,0.5176877062706271,0.5275371287128713
minute_slot,45,480,18255,0.04272524350606802,0.029581555685794122,-0.0028589296839328588,0.08148881671673568,0.10356006307505429,0.0016961923888605165,0.004081319530183885,0.0045551220727933755,0.04276754855788518,0.5703719936448803,0.5553094269092745,0.12515065049401494,0.5668187601964391,0.5324604174656221,0.735605106009971
minute_slot,5,5,21046,0.008741218835666488,0.005995141323258338,-0.0014143302280795822,0.02252000549905465,0.05013653814124392,-0.00015010322295804857,4.37263513926874e-05,0.0012642270051215338,0.008626914564062189,0.46417371472013685,0.5001772892474071,0.012827700506640638,0.5297871444235156,0.5360163451487219,0.0001900598688586905
minute_slot,5,15,20947,0.012993184427452755,0.009212596807823914,-0.0014859794422716409,0.02145278394318936,0.05755706723017394,-0.000265661769962678,0.00017731870422843155,0.001220317672308963,0.012910518480851544,0.4561989783739915,0.5006489798276026,0.0226994717208778,0.5438544178678054,0.544517114622619,0.0008115720628252256
minute_slot,5,30,20877,0.015634973017310552,0.011227056241373632,-0.0013189578052414082,0.01672886990933549,0.04879765831291663,-0.0003388561181956467,0.0002763349065095058,0.0009801016870457614,0.015581412939073912,0.4709488911242037,0.5046969679420588,0.041778471687744984,0.5379416131327441,0.5346074627580591,0.012741294247257747
minute_slot,5,60,20751,0.01798885646511793,0.012918717504002461,-0.0015779756793365392,0.02284214808696328,0.06085367143079851,-0.00045766805821409814,0.000504083112805043,0.001120307621122441,0.01792393970657917,0.4868681027420365,0.5070013409187444,0.02523763487874484,0.536927477072565,0.5241675099995181,0.08380319020770083
minute_slot,5,120,20584,0.02028224543096111,0.014524405298867834,-0.0022174319879722524,0.03703053769547188,0.07532650468926244,-0.0007929816754914718,0.0013411670821536668,0.0014244503124807807,0.020165732652810225,0.5171978235522736,0.5274691403962012,0.06077457088781328,0.5478510934020934,0.5237563155849203,0.28512436844150796
minute_slot,5,240,19819,0.032637269745930196,0.021961711533221597,-0.0045617739155568195,0.028643311663973235,0.07738289311760059,-0.0018146652508076347,0.002727517417246616,0.002747108664749185,0.03227980750189158,0.5181896160250264,0.5255263923884782,0.05739411022104573,0.5442548951396755,0.5159695241939553,0.2711034865533074
minute_slot,5,480,18667,0.04645918810883227,0.03150168595242071,-0.007552412355359414,0.027371123129962094,0.07998702298583858,-0.0016053359339147355,0.004678332962177541,0.005947076421444679,0.04573009970301241,0.5247763432795843,0.5267621112236913,0.05367517851949489,0.5461072842101505,0.5222049606257031,0.45647399153586543
minute_slot,50,5,20813,0.003950200046453764,0.0026922820410208463,0.0002486950599453558,0.0411228393188792,0.06525260362012196,-0.00014992848128002708,4.430005420200876e-05,-0.0003986235412253829,0.003943936912053303,0.5658508438717123,0.5000257780296874,0.0018427325152795466,0.5201055126095316,0.43414915612828775,0.00019233543299514353
minute_slot,50,15,20755,0.006259003755527163,0.004091509172895718,-0.0009569352063998024,-0.05113474764604596,0.00034534168372181,-0.00026831480524327074,0.00018056007316975112,0.0006886204011565316,0.0061735566327042685,0.47827973578901695,0.49986578927800634,-0.004553525930374411,0.5067052680936259,0.5216238368448965,0.0008678462947784582
minute_slot,50,30,20697,0.00864973508305081,0.005631767605503793,-0.0015961848299489818,-0.04344114647071898,0.013151060684469935,-0.00034415792780620414,0.0002818967195835409,0.0012520269021427776,0.008484270734129232,0.46474513976206594,0.5024969810071075,0.023788798831941214,0.5207224545490488,0.5385917400135409,0.011074572008898347
minute_slot,50,60,20597,0.011260067029877134,0.007226533845991358,-0.00197824634663236,-0.057926091507540134,0.0068870273699611516,-0.0004730953313037586,0.0005210386261693087,0.0015051510153286014,0.011042536119339634,0.4936124738912906,0.5037613667924258,0.013503949895348802,0.5119906256217958,0.5122164472725507,0.0847136542478263
minute_slot,50,120,20465,0.01631374177522146,0.011007395641451843,-0.0023131018639436737,0.013291019249457726,0.04467229559074146,-0.0008278908818972591,0.0013733155687321375,0.0014852109820464145,0.01610868681584369,0.5097761266986021,0.509430482599594,0.0210260924039369,0.5171350144317449,0.49921790986411185,0.2790106559781015
minute_slot,50,240,19367,0.02973370551477378,0.020517935963978683,-0.0031621340457004634,0.0184135335417973,0.04383402409206677,-0.0018127879492055429,0.0027641971621460894,0.0013493460964949207,0.02948652257545009,0.507023342284652,0.5144023318509107,0.0322341695423841,0.5308661191799906,0.5163705845899608,0.2750981202230944
minute_slot,50,480,18232,0.0431758500503414,0.02965534797387521,-0.006095889626817944,0.06520666977630708,0.11874241066985634,-0.0016618488077270953,0.0047173886210708695,0.004434040819090848,0.0427909551497981,0.5504360704294883,0.5535781222377254,0.10757038833012081,0.5779706623837597,0.528440568262849,0.4478086775272887
minute_slot,55,5,20791,0.004032056210994148,0.002595919563009078,-0.00022356162077693143,-0.03274792353954962,0.027938222483278284,-0.00014758782432044577,4.393056772369634e-05,7.597379645648566e-05,0.004024175562392175,0.5277777777777778,0.49991956944124194,-0.004725757552570082,0.509743693968466,0.4721259387637204,0.00028885037550548814
minute_slot,55,15,20737,0.006723342937269371,0.004412624343901254,-0.0017813115506538234,-0.09016323300128033,-0.026013789657299644,-0.0002339493312399796,0.00016303027476741568,0.0015473622194138437,0.00646634275638125,0.40556976688064095,0.4989517190781371,-0.020383726951746832,0.5187039180360281,0.5938993194652251,0.0025580385153723636
minute_slot,55,30,20679,0.00863974627256305,0.005483103544158521,-0.001692511351544032,-0.08843065760555043,-0.014882258783128668,-0.00030443039173330027,0.0002509552759506174,0.0013880809598107316,0.008446463887867031,0.4602729120294203,0.5012881790059166,0.010134291297018016,0.5090912788899742,0.5423884641440047,0.016306977644440144
minute_slot,55,60,20595,0.011301893336754566,0.007276085972766886,-0.001968592689406653,-0.06166844880101618,0.0016493764379727752,-0.00037874060567045815,0.00046014021190155115,0.001589852083736195,0.011091269185386393,0.49069530149166707,0.5118698204133656,0.035795831658489374,0.5143940060674091,0.5282056265487586,0.12530975171274478
minute_slot,55,120,20469,0.01673553714195065,0.011378305154498735,-0.0024101053290875403,0.007028614101624373,0.04689929530574678,-0.0004969209445293355,0.0012310378424045946,0.0019131843845582048,0.016523924707751686,0.5122153816085214,0.5165380616607591,0.03377023146118866,0.5226612081128107,0.5208638717873546,0.3970976253298153
minute_slot,55,240,19362,0.02989517267574763,0.020819329276461157,-0.002373322511781491,0.03625641676875478,0.05044384740253651,-0.0010872977294232762,0.0025651841799228677,0.0012860247823582149,0.02978335920956806,0.5206590228282202,0.5251416622282974,0.05133742180239774,0.5362228175537761,0.5215370312984196,0.39701477120132217
minute_slot,55,480,18229,0.043700802485975486,0.030463698852102053,-0.004500657362966762,-0.008194412794290392,-0.009028463416823762,-0.00010100522916158603,0.004523985749523884,0.004399652133805176,0.043195314005697746,0.5016184780819664,0.4962845154646361,-0.007513734328163622,0.5032290490906252,0.5328907664453832,0.5808416086026225
minute_slot,60,5,20768,0.00410368766369424,0.0027712464360031153,-0.001171928235541774,-0.05942753411856774,-0.04373545338210825,-0.00013921393719303415,4.363626473340321e-05,0.00103271429834874,0.003929955501221355,0.39978780864197533,0.5001597749661145,0.005172843280979139,0.5035504982496107,0.6005497685185185,0.0009162808641975308
minute_slot,60,15,20724,0.006394058635289808,0.0041154711027542815,-0.0015838366010796556,-0.10805214110500018,-0.078555320444678,-0.00021408444657136915,0.00015397258916454232,0.0013697521545082865,0.0061762634388124685,0.41923801245835146,0.4986607693863361,-0.018523587003969784,0.4830635890457532,0.5802791057028345,0.0051185474914288475
minute_slot,60,30,20670,0.00835843118428243,0.00534458185219582,-0.0016809570392309291,-0.07654786482269453,-0.026722587097494113,-0.0002701209765996315,0.00023579527720066042,0.0014108360626312977,0.008166232974640366,0.45670702179176753,0.4989635933806147,-0.006231962897623313,0.496812378250591,0.5447941888619855,0.028232445520581115
minute_slot,60,60,20588,0.01231245598271134,0.007854817776729542,-0.0014962049621451744,-0.05390964338044168,0.0177431593505747,-0.00032103523767470897,0.000430343537792783,0.0011751697244704654,0.0121904519454349,0.5084811664641555,0.5035036929806376,0.009140385838854053,0.5050761849740003,0.49224787363304984,0.17890643985419197
minute_slot,60,120,20460,0.016684216895831973,0.011388560516581442,-0.0017794548842505408,0.012931442107096857,0.038926374739547784,-0.0002403693328443018,0.0012044074000571272,0.0015390855514062392,0.01656085438762563,0.5098269287180992,0.5097275230177944,0.019450564181388685,0.5136568763623741,0.5116358658453114,0.504497897721717
minute_slot,60,240,19326,0.029887619071713334,0.020844830654491157,-0.0016343766652026155,0.10919935963206638,0.120600385803438,-0.00042085855474894494,0.0024095501641089633,0.0012135181104536708,0.03000974950578566,0.557602732636373,0.5564866614911791,0.11305289760772923,0.5689127746078736,0.5214263533795673,0.528464962219232
minute_slot,60,480,18189,0.043420966671070656,0.030171808301685973,-0.002733007567756327,0.09577517349252161,0.12495089339123895,0.00166528231590579,0.0041046701106514545,0.004398289883662117,0.04353495261160651,0.5749161488975641,0.5593330872766887,0.13395012946502508,0.579423421976495,0.533897839115852,0.7338758453840656
minute_slot,65,5,20724,0.0037702096950246147,0.0023905490261960844,-0.0006018142205865439,0.008317281562023692,0.039847125619760115,-0.0001488998628984994,4.432915130667654e-05,0.00045291435768804456,0.003721972633252164,0.4751728472658705,0.5002762176595157,0.016199325029997335,0.5224141453438839,0.5251172460474786,0.0002900933133491273
minute_slot,65,15,20689,0.0059969069397609485,0.003756814558867566,-0.0008450461992712515,-0.01588425030422873,0.036004922267277605,-0.00026309786170744943,0.00017782493885648912,0.000581948337563802,0.005931581507339966,0.5000241978415525,0.5001449177114542,0.004346063480412472,0.5181010779794163,0.5001209892077627,0.0011131007114165417
minute_slot,65,30,20602,0.00821835885138168,0.005192754960118678,-0.0007522265400347207,-0.024587654637563433,0.032445389298693145,-0.00033561185365493383,0.00027824397956188697,0.0004166146863797869,0.008172290893621727,0.5162763579827033,0.4998720759059147,-0.0009353539235000763,0.5114572134933261,0.48294626372558547,0.019045768146924498
minute_slot,65,60,20538,0.012361887229267132,0.007971854630679396,-0.0009825745165512251,-0.005095586310752444,0.04548769562431117,-0.0004515238679215597,0.0005125752125604668,0.0005310506486296654,0.012309499103811015,0.535733424270473,0.5094160541278636,0.03114163901801668,0.5139493561489438,0.46694597359575196,0.10128123934330394
minute_slot,65,120,20415,0.01635097228644176,0.011197842644701857,-0.0010650873398988553,0.051513810237938766,0.07117002353686992,-0.0007577842493526028,0.0013597689184963611,0.00030730309054625255,0.01632968459613263,0.5249975492598765,0.5187857347382335,0.041227309072897594,0.5361890738851279,0.4849034408391334,0.2936966964023135
minute_slot,65,240,19276,0.029779751170442945,0.02065048153835684,-0.0030091601927711713,0.011162882918927084,0.0322296990917696,-0.0016988113863731097,0.0027216155731444956,0.0013103488063980614,0.029532453314897764,0.5023868825238689,0.5103735541147519,0.022911030103799787,0.5265062375855614,0.5187318389373183,0.2872042341220423
minute_slot,65,480,18146,0.04355692667618723,0.030032454589637093,-0.006133847591662232,0.06459003546117396,0.11634934862690469,-0.0014905309811693874,0.0046743586060615325,0.004643316610492844,0.0431717583767581,0.5506751171121521,0.5535843095053166,0.10736901330936342,0.5759277493939584,0.5310553871589969,0.456489391016809
minute_slot,70,5,20720,0.0034902756675393625,0.0023373564905427597,-4.6455286023631064e-05,0.01991934215293889,0.05194886192191428,-0.00014775603716627028,4.435896380007968e-05,-0.00010130075114263921,0.0034905682869758523,0.5436747715956881,0.5001313817932591,0.006656825135356266,0.5155978241264987,0.45642190747812633,0.00038671629525789143
minute_slot,70,15,20667,0.005894884254656924,0.0038367069929419184,-9.382022761251302e-05,-0.018918717072127632,0.04743209106360349,-0.00023498068019049107,0.00016426436168807856,-0.00014116045257797806,0.00588874136117842,0.556078165155409,0.500688095323803,0.013380929582349833,0.5139258797283788,0.44430975124860594,0.00261843572710081
minute_slot,70,30,20591,0.00785358322705293,0.005030728934037679,-0.0003378945353786542,-0.04632843133159989,0.01580306449050539,-0.00030665908563560487,0.00025380315698663185,3.123544974304937e-05,0.007830455607371438,0.5534108037146885,0.5023545436498111,0.017685518388075208,0.4934837357276251,0.4470267904896193,0.017844119220109884
minute_slot,70,60,20544,0.011950388348871105,0.007785098422983813,-0.0007432632229925573,0.008590397809202064,0.06648976838995276,-0.000381646936991084,0.00046778741527755036,0.0003616162860014733,0.011922094354576791,0.5311510546056798,0.5094532386009664,0.027913202474247514,0.5290788995834307,0.47050513907155733,0.13161868576160554
minute_slot,70,120,20399,0.015301745017238686,0.010442330261634382,-0.0004954454982197029,0.05238059278135634,0.0771798672801552,-0.00050701836947319,0.0012577359892415028,-1.157287125348714e-05,0.015307940358633181,0.5276579050608081,0.523031532916657,0.047090207742854,0.5351852743359556,0.4779815613966261,0.3939289917614751
minute_slot,70,240,19251,0.029196750669783323,0.02027675656336708,-0.002537917684861265,0.028218919025916105,0.03609371150540332,-0.0011168114771918872,0.0025970239991351743,0.0014211062076693777,0.029043443313897094,0.5121824510364175,0.5157148110601877,0.03221449266436215,0.5262271732149729,0.5158709543352902,0.3892150241570991
minute_slot,70,480,18115,0.043259636812957615,0.03011288195658696,-0.004908807336752552,0.005903936382753613,0.0031587195888711345,-0.00015618074354051148,0.004587394307965802,0.004752626593212041,0.042761804166556526,0.5073712108663243,0.5028230183145628,0.005687445949913435,0.5091560136529667,0.5332118601954613,0.5686599304290211
minute_slot,75,5,20699,0.003423453610378863,0.002144545573955399,-0.00038287098793443527,-0.03287647513060695,0.019447017236199973,-0.00013881866331887408,4.376601076555675e-05,0.00024405232461556116,0.00340025644571289,0.5030983733539891,0.5001506742728791,0.004970243563672615,0.5101771112490084,0.4970468628969791,0.0009198295894655306
minute_slot,75,15,20673,0.005639563156676778,0.00361426691093325,-0.0002861485230526136,-0.0005288688581671954,0.07119763826802206,-0.00021544773013966022,0.00015547581907948737,7.070079291295336e-05,0.005630070426793054,0.5427588545956684,0.4996864401796823,-0.004290188578690987,0.5244326150734783,0.45646591404622316,0.005329715586995494
minute_slot,75,30,20579,0.007809620891390902,0.004918309628278563,-0.000521194250962771,-0.0110665148566482,0.07691889095001295,-0.000270633925683061,0.00023917761022085546,0.00025056032527971,0.007785891902600002,0.532570593962999,0.5049117995963843,0.027968027325467854,0.5308071681949987,0.4704479065238559,0.031742940603700094
minute_slot,75,60,20536,0.012388329215926155,0.008129734569436912,-0.00023854948390505536,-0.002216957459581655,0.04119572753686026,-0.00032428249526234644,0.00044131891372537987,-8.573301135729111e-05,0.012377189228711694,0.5294461778471139,0.5095673359752175,0.024601791019314208,0.5126198780531387,0.46840873634945396,0.18476989079563183
minute_slot,75,120,20399,0.015380656085263329,0.010565202397084623,-0.0005184268724770188,0.04213428284842714,0.06626614252584097,-0.00024299704240020014,0.0012460252299559746,0.00027542983007681864,0.015373923048640133,0.5187346738597352,0.5189266338677285,0.037848447026961524,0.5203034636565798,0.48867091711623345,0.5080431584109858
minute_slot,75,240,19245,0.02930733110008514,0.020487880494519526,-0.0016429987527437466,0.105748191326821,0.10571563199920879,-0.0003782649769075844,0.0024166216276276017,0.0012647337758361621,0.029417951394189446,0.547963001454999,0.5471590995558341,0.09448207117211141,0.555328077756357,0.5129910621492413,0.5321658698815215
minute_slot,75,480,18105,0.04286175086142222,0.02990413431291489,-0.0028864687200295678,0.10507540506733334,0.1284024765471674,0.0017608306744516316,0.004132955245318123,0.004647299394481199,0.04300075240120699,0.5801800806496161,0.5644268507190712,0.14630501009040528,0.5816651990243182,0.5336132132795669,0.738662100204386
minute_slot,80,5,20671,0.0035237617253225085,0.0022213872443676915,0.00011944744576255615,-0.010006555622158093,0.02600864061556315,-0.00014893375849189935,4.407399857363182e-05,-0.0002683812042544555,0.003521019844313927,0.5681707908782144,0.4998854482704493,-0.007286453567499586,0.4943982548947222,0.4316836487142164,0.00024260067928190198
minute_slot,80,15,20602,0.005844233332799921,0.003763922083265282,-0.000112939715520297,-0.016942004193081287,0.009210385591970585,-0.0002616577919400144,0.00017595540779744533,-0.00014871807641971745,0.005837511788688542,0.5405484247374562,0.5002008214988876,0.005633370160171092,0.4907420527604333,0.45954881369117073,0.001264099572150914
minute_slot,80,30,20574,0.007482787263593209,0.004738066900596192,-0.0006152596497426882,-0.0670393411701796,-0.030944960832838462,-0.00033258899585550655,0.00027508173346807316,0.0002826706538871817,0.007433956364115486,0.5247833284643101,0.49434427516214025,-0.04336880520936786,0.4746300551083808,0.4684974194176648,0.017236342389716622
minute_slot,80,60,20511,0.011951036319078017,0.00799239363747944,-0.0001978998868710533,0.021477491131941674,0.04818990172289699,-0.0004458662226447909,0.0005045214214226661,-0.0002479663357737376,0.011949582869253636,0.5550241569469523,0.5157473048852337,0.052746459666082365,0.5093632098498239,0.4509784783563516,0.0978478356351569
minute_slot,80,120,20398,0.01511394177042138,0.01029348445657671,-0.0011579630159574506,0.02257306819017204,0.04371972483906435,-0.0007397510526079359,0.0013310529398225378,0.0004182119633495146,0.015040694113454657,0.5155230761685222,0.5086267891358144,0.018962376209332433,0.5214407798896726,0.4833979106380892,0.29202020697434894
minute_slot,80,240,19196,0.029534351975991302,0.020670189107696815,-0.00289812921511377,0.02898383590151285,0.05055122994123756,-0.0016546533504588994,0.0026757305711660657,0.0012434758646548705,0.02934742266667027,0.5091695321454621,0.5156507542234156,0.03464578991965131,0.5321782740952054,0.5150567885797646,0.28524538918412
minute_slot,80,480,18066,0.04317171727446522,0.030001611193745444,-0.0059241369138630885,0.06783234691299764,0.10965166795125811,-0.0014004621292640945,0.0045866574786100275,0.0045236747845989935,0.04282889820569386,0.5440704240947847,0.5466439786429089,0.09334898663134461,0.5693534174247731,0.5322223452552319,0.4630716421215812
minute_slot,85,5,20657,0.003462205683500808,0.002206674147135367,-0.0002670689893652247,-0.0008841384840441367,0.03333483668919401,-0.00014763887056259566,4.39390128863998e-05,0.00011943011880262904,0.0034515711695499904,0.5169417475728155,0.4999629603416142,-0.002008512240169619,0.5105845943331682,0.4830097087378641,0.00033980582524271844
minute_slot,85,15,20580,0.005677813667846015,0.003562758503734062,-0.00042533994657136795,-0.051433516835664,-0.0217572934058229,-0.00023383169771299157,0.00016257067658429335,0.0001915082488583764,0.00565116973004058,0.5289590335622778,0.4989459465947418,-0.019994954931451567,0.4734395602888198,0.4698231769691656,0.002776559988309221
minute_slot,85,30,20558,0.0075173115747453525,0.004827770180707337,-0.0005481647281051179,-0.020604464170307896,0.007739485882401551,-0.0003047952734668999,0.0002502389002457796,0.00024336945463821803,0.007487967196899617,0.5178275694106186,0.49773601327666067,-0.017449515668482997,0.4993433274870333,0.47920116902094495,0.017096931320019482
minute_slot,85,60,20503,0.012342707096955237,0.008362049009406082,-0.00020305710854995248,0.016857844826536884,0.037141084832530175,-0.0003776353913087733,0.0004586365123707755,-0.0001745782827588208,0.0123402455039285,0.5376653810476981,0.5033883830411181,0.010111890177115999,0.510984639819966,0.4539374115119855,0.12761802470341257
minute_slot,85,120,20382,0.014937709087484527,0.010064106485754164,-0.0018682090168581733,0.03696100574639835,0.06150111945642353,-0.0004932476746433198,0.001220379773524964,0.0013749613422148535,0.014815267453232327,0.5170772401609579,0.5190135478897668,0.03887127161660387,0.5296181875120447,0.5092747080184513,0.39596623809991166
minute_slot,85,240,19151,0.029864097924171402,0.0210056642248034,-0.0021356929272707877,0.02694250573933053,0.02775182182480758,-0.001080686280734475,0.0025345220837353364,0.0010550066465363128,0.029747976761320166,0.5101070775659441,0.5137119986490419,0.028035894487672613,0.5225816000091078,0.517054061112562,0.39477670410028726
minute_slot,85,480,18022,0.04353130488070343,0.030617350754914383,-0.004369247442652853,0.011049884595935682,0.00764704805253536,-8.496895290864379e-05,0.0044696300810304936,0.0042842784897442095,0.04312965151884872,0.5106548279689234,0.5059373612176511,0.011981921170990012,0.5148284486894197,0.5320754716981132,0.5739178690344062
minute_slot,90,5,20617,0.0034203680065145476,0.002203942503228808,-0.0001682816182942267,-0.007674448874432758,0.0179141244943822,-0.00013892120627769178,4.367699962882155e-05,2.9360412016534927e-05,0.003415611381866798,0.5248613408582271,0.5001921199362198,0.006314128337880855,0.49930342701286123,0.4752846161331128,0.0009243942784859394
minute_slot,90,15,20580,0.005528587917952463,0.0034849694995444306,-0.0004172640035412727,-0.017144080287165117,0.0461599594360935,-0.0002159585594740522,0.00015532302479042258,0.00020130544406722056,0.005507968397126914,0.5189984411535464,0.5018342004444657,0.02581933050322365,0.5134922549223098,0.4826578332034295,0.005066250974279034
minute_slot,90,30,20572,0.008896116623417293,0.0056742773564685284,-8.264004835247271e-05,-0.019606245930821553,0.046494742049016824,-0.0002704930447743117,0.00023808695531001833,-0.00018785299642183904,0.00888787933721891,0.5757384068901756,0.5022162699909576,0.012717379134510225,0.4960427776125549,0.4216339837477495,0.03055812369227775
minute_slot,90,60,20493,0.01192260980342285,0.008175961384678965,-0.00011526268170130006,0.0008761748880219275,0.032041500723112314,-0.0003257662068885853,0.00043938618949907225,-0.00021050352518728528,0.011914338099901235,0.5319658119658119,0.5042194376808569,0.01089200629977404,0.5023288354252776,0.4563125763125763,0.1820757020757021
minute_slot,90,120,20388,0.014599133645721015,0.009918125428553031,-0.0009730584302841069,0.024413728281454602,0.04571507864918581,-0.0002480508052540901,0.0012345538695649992,0.0007250076250300167,0.01454443114645572,0.514030612244898,0.514053830826521,0.02810701763273169,0.5174634428778977,0.49573194662480374,0.5026000784929356
minute_slot,90,240,19153,0.029224181527008466,0.02063455805203892,-0.0015453584096242565,0.09401399987150191,0.09370436926097253,-0.00040577390810539617,0.002420360666153761,0.0011395845015188602,0.029311190708260146,0.5458248472505092,0.5447665217238232,0.08959489533352444,0.5520483441578075,0.5204971538983759,0.5276515744947516
minute_slot,90,480,18020,0.042723518748176696,0.03003843844101458,-0.002685845843438333,0.09839263116978576,0.11699219254719345,0.0016934516027069225,0.004155273931731423,0.004379297446145256,0.0428468754083274,0.5755355755355755,0.5590795307066644,0.13360533255202087,0.5752734200853981,0.5355755355755356,0.7354867354867355
minute_slot,95,5,20564,0.0033040967108881906,0.002046699617453136,-0.0002154436333989443,-0.09610790324073244,-0.07635940858326305,-0.00014959072094335524,4.415413493338414e-05,6.585291245558908e-05,0.003292528729248345,0.528854604042574,0.4998672425977093,-0.00848361929673939,0.4533390330728237,0.47099892588614395,0.00024411678547016892
minute_slot,95,15,20553,0.005322918060792211,0.0032507111865379026,-0.0007153665788354935,-0.08479993997714828,-0.04884766461109826,-0.0002653477260170664,0.00017818403865587455,0.00045001885281842715,0.00525652979655249,0.5104410616705699,0.49978827522283403,-0.005446968784858001,0.46938776754443734,0.4893149882903981,0.0015124902419984387
minute_slot,95,30,20503,0.009492494308657092,0.0060740518743718,-0.0005063796791344992,-0.027969044079980448,0.01852339222270131,-0.00033844155957663994,0.00027848852267458614,0.00016793811955785926,0.009467100526424294,0.5505590547336556,0.5047424162581535,0.03694942453160259,0.4909452605128046,0.452565792685904,0.01660075191641033
minute_slot,95,60,20442,0.012022831317211762,0.00811223877224602,-0.0004355160496501529,0.01216543583879373,0.04330642775103958,-0.0004584424436543892,0.0005142936587387078,-2.292639400423625e-05,0.01201018678917416,0.5363476045850887,0.514477369859849,0.05099824795151746,0.5236643356306792,0.4734006074262761,0.08812579602233761
minute_slot,95,120,20348,0.014838737398066433,0.010050422098675108,-0.001035390622186451,-0.014246775004390162,0.0116984260867849,-0.000783818728973703,0.001358781593376195,0.00025157189321274776,0.014720729300131154,0.5113809547219901,0.5062555342885575,0.013995795535242106,0.5129952490019491,0.4885698834865542,0.2756501646920014
minute_slot,95,240,19080,0.02950934552200628,0.020713281240711232,-0.0028387307658150752,0.0366942840316268,0.05713035822316716,-0.0017378171544639926,0.002702887411327223,0.0011009136113510826,0.029347211515236716,0.5091767173571053,0.5155827692657361,0.035124648655227145,0.5372083065496096,0.5138437336130047,0.26906135291033034
minute_slot,95,480,17945,0.04323244604254132,0.030141994289320215,-0.005997825561901337,0.06337765236151595,0.10511169928237822,-0.001596385067994801,0.004604753807065542,0.004401440493906537,0.042858866705362576,0.5450847079803834,0.5489494529823603,0.09825392040573994,0.5678927041951597,0.533660276415515,0.4458872046366473
industry_id,1,5,1799,0.003729582288687144,0.002435261102757394,-0.000192331341856137,0.03999210379466113,0.04408800031115579,-0.00015784605177098797,3.0774889730595914e-05,3.4485290085149043e-05,0.0037257236206058256,0.5241801000555865,0.5,0.0,0.5177184814818485,0.47581989994441354,0.0
industry_id,1,15,1791,0.007409404238125538,0.004391696096496735,-0.00033190835574340073,0.07231037480969352,0.07719816753340066,-0.0002871534221673747,0.0001555117896170642,4.4754933576026034e-05,0.00741158636084937,0.5281965382467895,0.5,0.0,0.5414682812715013,0.4718034617532105,0.0
industry_id,1,30,1782,0.010548445727853432,0.006387037641526745,-0.0003260876156574207,0.12390736845898577,0.1262998881454144,-0.00035707420927968123,0.0002365471118714742,-3.098659362226055e-05,0.010570101109004866,0.5291806958473625,0.5,0.0,0.5489890378512015,0.4708193041526375,0.0
industry_id,1,60,1765,0.01495531361603809,0.009647708032120169,-0.00035245482339389396,0.1956731834487982,0.1738633201875498,-0.0005422332977068745,0.0004441560104806022,-0.00018977847431298056,0.015031723224552804,0.5082152974504249,0.5045745566050819,0.06094574282284935,0.5878783559589298,0.4963172804532578,0.0056657223796034
industry_id,1,120,1737,0.021178643017977998,0.014795088765148056,-0.0001850267997416447,0.2443237902635648,0.19682219460879377,-0.0009248721749323678,0.0012220560163187257,-0.0007398453751907232,0.021443231828819683,0.5066206102475532,0.525671041394521,0.06762051408835693,0.6008916622990335,0.5290731145653426,0.17386298215313759
industry_id,1,240,1704,0.029372031914486632,0.021214765697247156,-0.0006165145491415191,0.2748051955742032,0.27959908197532773,-0.0021014312724090957,0.0026220210374764993,-0.0014849167232675764,0.029977687027416135,0.5410798122065728,0.5454894920382538,0.12437604367560269,0.6369541584743649,0.5064553990610329,0.159037558685446
industry_id,1,480,1610,0.04593237867495452,0.03398726408378471,-0.0012360601389050515,0.40011903950094985,0.4423830686462901,-0.0018334260880325268,0.0047041862470490175,-0.0005973659491274753,0.04759513205530149,0.6751552795031056,0.6727924343855568,0.347455619928225,0.7307526326209892,0.47577639751552797,0.44285714285714284
industry_id,10,5,7192,0.004759615413042046,0.0028760854243200713,-0.00026657288628676373,-0.011501267440891272,0.03438544408088772,-0.00014711265389911313,4.524781770964163e-05,0.00011946023238765062,0.004751408746489111,0.5128812143155549,0.5,0.0,0.5147707071897257,0.48711878568444505,0.0
industry_id,10,15,7159,0.00850017379563987,0.005109472460102876,-0.0007158569402891452,-0.004584848610516519,0.036460194472792966,-0.00027768658324848767,0.00019865377181659482,0.0004381703570406575,0.00846673591844954,0.5026580861779518,0.5,0.0,0.5210173086204892,0.4973419138220481,0.0
industry_id,10,30,7114,0.012090729489918161,0.007450837779545853,-0.0012994026648782788,-0.014406869832943883,0.043659612718669236,-0.0003845802963090003,0.00030458810201020216,0.0009148223685692784,0.012012455753008015,0.484946539110861,0.5024916290396225,0.03460321210695365,0.5276465631500178,0.5177265053460889,0.005205402363534046
industry_id,10,60,7025,0.016732324083490235,0.01093182309850578,-0.002301649192807246,-0.013122828421557238,0.03846540594049373,-0.0005123027899257799,0.0005569114363455777,0.001789346402881466,0.016556597786439205,0.49401709401709404,0.517054708259978,0.06543374962848035,0.5301666042703502,0.5269230769230769,0.07307692307692308
industry_id,10,120,6884,0.022398196957899085,0.01569668202401591,-0.004178913269233763,0.021871167176154945,0.05279167714498678,-0.0009303986664150097,0.0014805947459959196,0.0032485146028187533,0.021987445502206732,0.4954968041836142,0.514484321411073,0.03196738992182378,0.5323373448472971,0.5438698431144683,0.2848634514816967
industry_id,10,240,6761,0.029799010789718357,0.022458696323163895,-0.007985263877747508,0.05483378979170903,0.09597801231922805,-0.0018774073117530678,0.0031102648670708628,0.00610785656599444,0.02871125439500615,0.5142730365330572,0.5344296268975589,0.07333863741856593,0.5556375029141432,0.554947492974412,0.32036680964354386
industry_id,10,480,6363,0.048151667922351864,0.03582933182146639,-0.015336111785855817,0.02124162336935176,0.07234449790919963,-0.0012599914207376578,0.005598659454935637,0.014076120365118159,0.04541854883435394,0.5276642565231059,0.531733430200355,0.06217585838780328,0.5434875734553446,0.6012260295504558,0.48632505501414647
industry_id,100,5,7333,0.003087579205089124,0.0019709335670823414,-0.0001747538813905356,0.023237844478779957,0.03090741897229043,-0.00011462246593220933,2.6406339367179643e-05,6.0131415458326274e-05,0.00308313037582122,0.5109068459322267,0.5,0.0,0.5153309792212448,0.4890931540677734,0.0
industry_id,100,15,7318,0.0053732131802653686,0.0033810836489436016,-0.00033744115467961266,0.012757803571879238,0.013817323925629121,-0.0001444918414582678,8.813771702362358e-05,0.00019294931322134487,0.005363007168519176,0.5040471944025243,0.4994587485613185,-0.018871998176125244,0.5036814660177522,0.4954040334750995,0.0008231581835642749
industry_id,100,30,7295,0.007479649203238542,0.004852623737122973,-0.0005744067010280808,0.004784542310550975,0.004666331849728285,-0.00017874361859209072,0.00011798208761617695,0.0003956630824359901,0.007457191723226705,0.48646792141777717,0.5017496685200525,0.017551233779358872,0.5026213100232614,0.5155928012089572,0.010028850116774282
industry_id,100,60,7249,0.010292230709325258,0.006981021118367578,-0.0008992909650755609,0.005127483456270368,-0.004597140422860014,-0.00017147583707901516,0.0002045454771900089,0.0007278151279965457,0.010251875647364527,0.49426399447131997,0.510182122374597,0.028798958906832865,0.5028120046861002,0.5224602626123013,0.14609536973047685
industry_id,100,120,7176,0.013511921592459045,0.009676185671413876,-0.0014534004261459426,-0.017735184495245925,-0.027189917973112366,-0.00016150155038572328,0.0005925844785039778,0.0012918988757602194,0.01340994518149622,0.5007671920769982,0.5045028443540462,0.00905277870067637,0.49457061536307473,0.5311758962198354,0.44036825219695913
industry_id,100,240,7118,0.01888581629270733,0.013822617495469982,-0.002691809295421202,-0.00010567382170973907,-0.03284926997864588,-0.00029075881563418553,0.0013692760476989058,0.0024010504797870166,0.01864263682558388,0.5022484541877459,0.5027907505452416,0.005536851555497596,0.49707338058760214,0.5632377740303541,0.49606520517144465
industry_id,100,480,6744,0.026582293906107873,0.019938091574129128,-0.0027142707815308925,0.023361844080149696,-0.02431528509384821,0.0010018622964047628,0.0027068208238005963,0.0037161330779356553,0.02636776451599088,0.5348561257787007,0.5022835977330701,0.004980055248934803,0.5058111511324779,0.577128448531593,0.7115099377039454
industry_id,101,5,11249,0.0034714242372205603,0.00208391294004379,-0.00017399689018793063,0.012857526581605909,0.03234518962603358,-0.00012525730034088973,3.715342191768863e-05,4.87395898470409e-05,0.0034673395628525144,0.5163532661973086,0.5,0.0,0.5123398432478679,0.4836467338026914,0.0
industry_id,101,15,11214,0.006014495233081173,0.0036902899532459195,-0.0002595075134211782,0.02346016561998672,0.04110058576874924,-0.00016967912981701293,0.00013281919067668695,8.982838360416526e-05,0.006010542824603739,0.5105394783851376,0.49953450844091357,-0.004446730216945396,0.5171202240182917,0.4887459807073955,0.011075384065737763
industry_id,101,30,11164,0.008673055379801243,0.005435364699296856,-0.0004365175064859772,0.032394880078427515,0.05124080074788395,-0.00021663180618446254,0.00019626907454377976,0.0002198857003015147,0.008666199968710389,0.5088364582398852,0.5022191891618643,0.012977967163333411,0.5248899952153634,0.49295774647887325,0.030142639275141294
industry_id,101,60,11069,0.012170530020853079,0.007982385260368242,-0.0006317390634335509,0.04973496448977815,0.06492787204473867,-0.00021230883166969798,0.00032153998302655233,0.00041943023176385294,0.012165871388940565,0.5247265165898201,0.5229278227109254,0.059161294823170923,0.5373924676180868,0.4971521562245728,0.1840701564053883
industry_id,101,120,10899,0.01652585055173485,0.011308470638271654,-0.0010062801751844386,0.050662666509344964,0.05574097365351413,-0.00021292777028043226,0.0008576392369427347,0.0007933524049040065,0.0165163820131518,0.522529136459576,0.5222984287849587,0.04469205313843234,0.5260265483833911,0.5035330824997706,0.5328071946407268
industry_id,101,240,10781,0.02278280743861631,0.016030174674849417,-0.0022129283812912016,0.045329794767352556,0.07447099332265375,-0.000413838453038132,0.0019258137404948282,0.0017990899282530697,0.022680617102342086,0.526354862657758,0.5242962912317115,0.04885418666761019,0.5417748488634414,0.5190237564959168,0.555029695619896
industry_id,101,480,10129,0.035130758028561956,0.023302571894398997,-0.0022364633981239272,0.11071966407300654,0.12125542331814503,0.0008819668575790692,0.0034687341054841,0.0031184302557029963,0.03527365114926133,0.5422138836772983,0.5315379033269676,0.07232884540339264,0.579984618973762,0.5218722227708107,0.7454330008887133
industry_id,102,5,3873,0.0033575265221619842,0.002223814961888296,-0.000136585945156698,-0.005458652526173205,0.007981672201673942,-0.00012735914320616376,3.357329870915125e-05,9.226801950534236e-06,0.0033543959178477926,0.5249676584734799,0.5,0.0,0.49118084614054813,0.4750323415265201,0.0
industry_id,102,15,3860,0.005375985964794707,0.0035823925716040156,-0.0001264644339924468,0.01694754683416178,0.03277881602556729,-0.00016338552507670498,0.00010318188003507822,-3.6921091084258165e-05,0.0053752566957537915,0.5121951219512195,0.5006162254560661,0.0095812113193187,0.5219746213190836,0.48832381940840686,0.0041515308770108976
industry_id,102,30,3837,0.007339083309410784,0.005047491520448544,-0.00016438906322005704,0.039264963112632285,0.0474488044369662,-0.00021347218698399383,0.00013342335204454667,-4.9083123763936786e-05,0.0073412695140487915,0.5125260960334029,0.4997366811355749,-0.002656556665550107,0.5211647307550982,0.4869519832985386,0.009916492693110648
industry_id,102,60,3799,0.009996295414172093,0.007127801481066659,-2.147744422413884e-05,0.05931426931904684,0.06464943369712572,-0.0002197550057922496,0.00023885069208476453,-0.00019827756156811076,0.010007595684239319,0.5223802001053186,0.5105113806678524,0.03437987160919528,0.5403044503507124,0.4849921011058452,0.10426540284360189
industry_id,102,120,3725,0.013738816211880884,0.009998421677893943,0.0002456524738584101,0.08866754112366179,0.10063156580761012,-0.00025477027962759335,0.0006690160640025156,-0.0005004227534860034,0.01377976687291905,0.532634971796938,0.5325351064013991,0.06716708549362956,0.5600071280568397,0.49959709911361805,0.37604082728982
industry_id,102,240,3657,0.020003672800271037,0.015038370520270157,0.00019743397883642362,0.13432920254419253,0.17519605212438555,-0.0003814017358602737,0.0014913959925822212,-0.0005788357146966973,0.02014836597312308,0.5715458276333789,0.5712111600133468,0.14250750080941696,0.5937443277699802,0.4908344733242134,0.480437756497948
industry_id,102,480,3379,0.029236560813198878,0.021981389172102062,0.0011985412118021403,0.13874596043694112,0.1603680133093271,0.0006987077585773195,0.0027750374010922455,-0.0004998334532248208,0.02946744945780664,0.5347941960319811,0.550780817795556,0.11442835121161911,0.599477187886066,0.4660941664198993,0.732306781166716
industry_id,103,5,4573,0.002055388221132375,0.0013054715322095279,-0.0001652576186034888,0.008839707019268804,0.02734009033605685,-0.00010395242179534153,2.6810532193723338e-05,6.130519680814728e-05,0.002048795493020344,0.509142983035911,0.5004484304932736,0.021364372578649527,0.5124772046214171,0.49129764265256665,0.0004406256884776382
industry_id,103,15,4564,0.0036555444757062363,0.0022847544145230513,-0.0001597474875917082,0.010877351590925856,0.04390002858384297,-0.00010708265824682509,5.753025983649977e-05,5.2664829344883116e-05,0.003652224990204596,0.5078107810781078,0.5001650204648619,0.0016141230288129658,0.5228542691104158,0.4921892189218922,0.010561056105610561
industry_id,103,30,4546,0.005182667501285962,0.0033119847667490445,-0.00021491516632064466,0.021492155693317347,0.06169644396280111,-0.00011136878692179106,7.776715182325444e-05,0.0001035463793988536,0.0051792971874977615,0.5027563395810364,0.5064601473504118,0.030809798628505004,0.5323329275925881,0.5040793825799339,0.046085997794928335
industry_id,103,60,4516,0.007168709565454439,0.004826376227231563,-0.00020137817375130148,0.046273506117786536,0.08872688180063991,-5.929652636332901e-05,0.0001551690436723656,0.00014208164738797245,0.007171384134366631,0.5292553191489362,0.5363501733331627,0.07751042225960207,0.554766096171123,0.5201684397163121,0.32557624113475175
industry_id,103,120,4464,0.009459743837431027,0.006707896588383081,1.8488510223649568e-05,0.04990991992483214,0.08621165559668852,0.00021773086171307247,0.00042912965911149893,0.0001992423514894229,0.009471429366799382,0.5419282511210762,0.5277360774818403,0.0635324031961022,0.5505459039548023,0.5291479820627802,0.7450672645739911
industry_id,103,240,4438,0.012993751460127734,0.009671030701680284,0.00012398557848051768,0.06964260780926577,0.12787702247165378,0.0005221387591293151,0.000860583091842717,0.00039815318064879746,0.013024700634723581,0.5226606538895152,0.5131509232565518,0.031029799725404345,0.5677907654389567,0.5179255918827509,0.7657271702367531
industry_id,103,480,4203,0.016087671772216188,0.012487538832454369,0.002264017492450894,0.09216327960174048,0.1494448195849409,0.002550211601010709,0.001971258354314997,0.00028619410855981454,0.015987833242992584,0.5204761904761904,0.49726859626255787,-0.009197600144011013,0.5863511945213121,0.5288095238095238,0.9026190476190477
industry_id,104,5,902,0.003232064891978728,0.0016204608088507197,-0.0003003016449781752,-0.05889310106614159,-0.0379012446822865,-9.660332166690337e-05,2.047332511267215e-05,0.0002036983233112718,0.003216813013854777,0.515625,0.5,0.0,0.4857985716280647,0.484375,0.0
industry_id,104,15,900,0.0056235692434127875,0.002750748068890453,-0.0005121411774039568,-0.11700069017038606,-0.053052386512556116,-7.891628533899267e-05,3.8742717889580365e-05,0.00043322489206496406,0.005595535110486943,0.5111358574610245,0.4939457150661799,-0.045737138801403475,0.47721075765477167,0.4821826280623608,0.017817371937639197
industry_id,104,30,897,0.007456279532165446,0.003926879429156945,-0.0007540524611983448,-0.0812784820174329,-0.026798683920372837,-8.66084590470138e-05,6.427323787316318e-05,0.000667444002151331,0.007412552292525105,0.4994413407821229,0.5017977528089888,0.0066953030573178845,0.48850686641697877,0.5027932960893855,0.0782122905027933
industry_id,104,60,891,0.009738935651082274,0.005723127468100132,-0.0010544805859772311,-0.03250265786429841,-0.004476255931940593,1.0362885344677367e-05,0.00011657466492756539,0.0010648434713219086,0.009677190458504828,0.4966292134831461,0.4967193083336756,-0.006507350779200529,0.5001642912884544,0.5640449438202247,0.49887640449438203
industry_id,104,120,880,0.01467868414881314,0.008819482188918797,-0.0017619678482684652,-0.0816682912814825,-0.0035403591796351573,0.0002532185746200743,0.0003552220653924311,0.0020151864228885393,0.014539239225037876,0.5045454545454545,0.45854438535864384,-0.11135875125592172,0.5147881063965201,0.5670454545454545,0.8375
industry_id,104,240,875,0.01753190622081688,0.011672326269712877,-0.002753539513244115,0.07903948476164156,0.08118793165171691,0.0005956391780637205,0.0006578229456065232,0.003349178691307835,0.017353893542265894,0.5234285714285715,0.47598911916001607,-0.08627199029404466,0.5419330426130952,0.5565714285714286,0.9165714285714286
industry_id,104,480,828,0.019312415592912625,0.014681566451919434,-0.000930636845183199,0.13093166626514294,0.13885564949161927,0.0026119448181864883,0.0015913261237683759,0.0035425816633696872,0.01943371334072847,0.5828295042321644,0.49553268354184854,-0.0238553973123018,0.5751109252254873,0.5937122128174124,0.9649334945586457
industry_id,105,5,918,0.0017223493625823998,0.0011981361442241136,-0.00012256203248881857,-0.020086088074842294,-0.02069687035804361,-7.918563144957299e-05,1.7525569251372672e-05,4.337640103924559e-05,0.0017175417057242012,0.5120350109409191,0.5,0.0,0.4812435322525009,0.487964989059081,0.0
industry_id,105,15,916,0.0031911496497038397,0.002187915302091651,-0.00012534604238596516,0.012850507892770695,0.02026324799351596,-8.08702855477441e-05,4.091683878173303e-05,4.4475756838221065e-05,0.0031889502634313187,0.4874041621029573,0.49797150017764374,-0.010284375478788622,0.49983916036911497,0.511500547645126,0.040525739320920046
industry_id,105,30,913,0.004613953440792563,0.0032401573752617197,-7.714718012342736e-05,0.05600813635418842,0.05803985809302745,-6.05183806033705e-05,5.472564909714939e-05,1.6628799520056864e-05,0.004616049924910334,0.48957189901207465,0.49793866628092004,-0.0069068396842916924,0.544635710497131,0.5104281009879253,0.09879253567508232
industry_id,105,60,907,0.006795144565530867,0.004843149241969312,0.00010996490886944534,0.04715245039126854,0.05908881657699732,-2.678930556633671e-05,0.00010917848698969784,-0.00013675421443578206,0.006798527453296521,0.5176600441501104,0.5195408461688438,0.04028268861577884,0.5324088516279977,0.5077262693156733,0.37858719646799116
industry_id,105,120,899,0.009000519732033044,0.006579253487991323,0.0006027581959320042,0.05682807867707001,0.055452666250260976,0.0002664566947210961,0.0003345266873634086,-0.00033630150121090807,0.008993111650463223,0.4972191323692992,0.5023588174725754,0.006706157826440113,0.5255930458199676,0.492769744160178,0.8553948832035595
industry_id,105,240,891,0.011284539551418156,0.008856221419072182,0.0013349052389374236,0.11710050172261248,0.14883717708995972,0.0007245482728078619,0.0006880680858014781,-0.0006103569661295617,0.011265022824119918,0.4826038159371493,0.4999646693046919,-0.0001287114035020663,0.5621214568359848,0.4792368125701459,0.9180695847362514
industry_id,105,480,844,0.015010726857750182,0.012460817115165987,0.002907255006329455,0.08215435018608583,0.03399557760589645,0.0027512705536455496,0.0016344751495159324,-0.00015598445268390484,0.014770409573473798,0.5319905213270142,0.49648141872811474,-0.019937233811624586,0.5313424827742008,0.5379146919431279,0.9680094786729858
industry_id,106,5,911,0.002710831513209262,0.0017458069738330608,-0.00024266412789896835,0.023027795151558946,0.0401992829890562,-0.00013341131661256977,2.0521066328231558e-05,0.00010925281128639858,0.0027003430560995504,0.510989010989011,0.5,0.0,0.5195892231484838,0.489010989010989,0.0
industry_id,106,15,907,0.004651917544058566,0.0030790357338448112,-0.0003958793687505803,0.008348179808426576,-0.002119789813185666,-0.00012695651783855877,4.671506087413986e-05,0.0002689228509120215,0.00463519680125908,0.5049614112458655,0.5,0.0,0.49952587506443236,0.49503858875413453,0.0
industry_id,106,30,901,0.006786621972751048,0.004552263362721765,-0.0006887046857002431,0.021345753788727637,0.014679018637098312,-0.0001380180300749088,6.850394208387565e-05,0.0005506866556253342,0.006752701636358029,0.48501664816870144,0.5008607082963401,0.009798011085322106,0.5146862977212193,0.516093229744728,0.00776914539400666
industry_id,106,60,891,0.009545133383900593,0.006536249653530153,-0.0011004034462689636,0.018302193520458143,0.015439166573035717,-2.8510327278725242e-05,0.00011488678454151456,0.0010718931189902384,0.00948289848114439,0.5353535353535354,0.542997542997543,0.08693082412827863,0.5267528986537251,0.5432098765432098,0.4152637485970819
industry_id,106,120,884,0.01224940918989094,0.009172147019431759,-0.0015228814702707772,-0.01753462633553933,0.0012591044321148485,0.0003199098886628593,0.00040353228107503495,0.0018427913589336364,0.012140601738982347,0.5633484162895928,0.503683241252302,0.009650638304109106,0.5204959674858703,0.5904977375565611,0.830316742081448
industry_id,106,240,875,0.01663850837685787,0.012722117957875525,-0.0031740516102537575,-0.004024433516873852,0.04121125955476962,0.0006982869113396321,0.0007350180326367968,0.0038723385215933895,0.016313448271159138,0.5977142857142858,0.5215870439084725,0.056317970993784584,0.6031561975439527,0.616,0.8331428571428572
industry_id,106,480,837,0.023025083432698445,0.01918831259040596,-0.004057307191874071,0.02264810972207232,0.06849856652961402,0.003072877605976993,0.0016612821043101367,0.007130184797851064,0.022641480385476635,0.6105137395459976,0.4895251566958515,-0.06805529025431296,0.6226678535716899,0.6260454002389486,0.977299880525687
industry_id,107,5,1810,0.0018546784170688367,0.001203584348209747,-9.640471598441457e-05,0.02105440336963389,0.058314938062030156,-8.750229484656664e-05,2.1952446961415527e-05,8.902421137847935e-06,0.001852503357519896,0.5101465614430665,0.501168448582541,0.02463065298164698,0.5368277447416635,0.49098083427282974,0.002254791431792559
industry_id,107,15,1806,0.0032619470254753222,0.002083576042758895,4.976580925855121e-06,0.014718211194615501,0.016352264970956255,-8.831030943008487e-05,3.608685433391014e-05,-9.328689035593999e-05,0.003262274785994765,0.5223214285714286,0.5006807729987083,0.012893809688372851,0.5062261713850704,0.47823660714285715,0.0027901785714285715
industry_id,107,30,1802,0.0045591004635805515,0.0030553792171032655,0.00011379681428970758,0.05293336225750353,0.06857326554353993,-8.63917154980566e-05,4.375387989104515e-05,-0.00020018852978776418,0.004559786641537723,0.5212527964205816,0.5012860494966107,0.007507772279675604,0.5359448327383579,0.47874720357941836,0.030201342281879196
industry_id,107,60,1792,0.006402372145992154,0.00446395442765013,0.0004027308549331262,0.02403462542268077,0.04231639060690967,-4.782167944280705e-05,9.44332636787856e-05,-0.00045055253437593327,0.0063912652436674475,0.5454035874439462,0.527030682213164,0.06197291871997604,0.5216431257307169,0.4624439461883408,0.2533632286995516
industry_id,107,120,1776,0.008806238031740061,0.006641107272004563,0.0013320465341643685,0.06029000224595108,0.07224407598502136,0.00028412647236666645,0.0003700232956351356,-0.001047920061797702,0.008719380669009362,0.505922165820643,0.5343911309545167,0.09252211792704712,0.5473920075044981,0.45798082346305696,0.8358714043993232
industry_id,107,240,1760,0.011794701403444794,0.009199348060907006,0.0026987659484376536,0.04969690067148045,0.07368248609941686,0.0007075791910954814,0.000801303865972791,-0.0019911867573421723,0.01149369247170609,0.5011402508551881,0.5215304514769253,0.0626611739734986,0.5659132052044532,0.47206385404789053,0.863740022805017
industry_id,107,480,1666,0.01853940010960313,0.01430560468910882,0.007231939257617385,0.05035352318961942,0.03993803838587528,0.0027940046989528345,0.0017777392253161288,-0.0044379345586645505,0.017067620959473912,0.5219747140276941,0.4991838757688864,-0.00397645738984517,0.5387451890094301,0.5249849488260084,0.9560505719446116
industry_id,108,5,913,0.0022267833610146374,0.0013746441208674694,1.673905750074179e-05,-0.009947332090047542,-0.0032325533973843606,-0.00010093231464710407,3.0515724356406333e-05,-0.00011767137214784586,0.002226207807114242,0.5413450937155457,0.5,0.0,0.5079679421901927,0.45865490628445427,0.0
industry_id,108,15,911,0.00411377697303781,0.002627187434449932,0.000429606308988507,0.0714166961745097,0.06202255210266421,-0.00012545604017415185,5.793906068388311e-05,-0.0005550623491626588,0.004095012978156072,0.5697036223929748,0.5,0.0,0.5313765679682277,0.43029637760702527,0.0
industry_id,108,30,908,0.006098077362869861,0.003976265823485037,0.0009950822041257061,0.07538488310347598,0.08708653309209986,-0.00015192491733887037,7.183075596752878e-05,-0.0011470071214645765,0.006021329563140299,0.5814977973568282,0.5033344614098302,0.04063510168533182,0.5508953277725798,0.42070484581497797,0.006607929515418502
industry_id,108,60,903,0.00935793382131192,0.006266945663097886,0.0023129503384932376,0.05769597274455863,0.07953011967963523,-0.0001374080176462635,0.00014191490504870282,-0.002450358356139501,0.009074670882546106,0.6090808416389811,0.5350596278400329,0.09694548742185113,0.5563020458517528,0.39313399778516056,0.1461794019933555
industry_id,108,120,893,0.013400892930011636,0.009663524466164768,0.005433915968005505,0.014130825848332305,0.04882854051066876,3.424813624936566e-05,0.0005723229919182207,-0.005399667831756139,0.012244467595475319,0.49720044792833146,0.5267857142857143,0.051934115637298085,0.5427837724524471,0.3493840985442329,0.5901455767077267
industry_id,108,240,885,0.020835971631724758,0.015450760653286155,0.011419566365941785,-0.0011590272307714423,0.00785419900009107,0.0002158132792808284,0.0012301852153574074,-0.011203753086660957,0.01738298858729646,0.42033898305084744,0.491637323943662,-0.014912343841002599,0.4942397440196736,0.24067796610169492,0.6418079096045197
industry_id,108,480,838,0.03569475206855206,0.02597097227905404,0.0228587291893247,-0.07593305709190767,-0.04075397725639666,0.001447343349671836,0.0023930070419213786,-0.021411385839652866,0.02712946813199495,0.3031026252983294,0.4472815839094909,-0.10208409529867402,0.4985683357776381,0.2052505966587112,0.7756563245823389
industry_id,109,5,1342,0.004573962937172778,0.0028325468189555605,-0.00011233047861182208,0.019082441178702045,0.032801551994181534,-0.00015633438870796742,3.435694960653601e-05,-4.400391009614535e-05,0.004573109971163857,0.5480984340044742,0.5,0.0,0.522585932062594,0.4519015659955257,0.0
industry_id,109,15,1337,0.00858164529450692,0.0053180848235978165,-0.00020186774727008912,0.04639651303878352,0.04818762049799827,-0.00031454942028987984,0.00015922184950246826,-0.00011268167301979074,0.008585183579420877,0.56245325355273,0.5,0.0,0.516900800145481,0.43754674644727,0.0
industry_id,109,30,1328,0.01209418951620481,0.007974628223515618,-0.00012205989697243241,0.08223033614264555,0.08301630766054766,-0.0004413114607069222,0.000231748034469439,-0.0003192515637344898,0.01211042460840912,0.5685240963855421,0.5017028808029649,0.02056421860363063,0.5350950563313894,0.4322289156626506,0.00677710843373494
industry_id,109,60,1310,0.01665461059241227,0.01190504318202114,0.00040373838406414074,0.10409381269593262,0.12261845427781708,-0.0006029557438926302,0.00041988682870176624,-0.0010066941279567709,0.01668818582567843,0.566412213740458,0.5217043314500942,0.10171043816895131,0.5563865348399246,0.45038167938931295,0.04732824427480916
industry_id,109,120,1280,0.022796721961249433,0.017125283470226193,0.0015652110413395092,0.10633466765264968,0.15483793529822676,-0.0013163642797280773,0.0012179354899075055,-0.0028815753210675865,0.022840168206371594,0.5984375,0.5429157308856557,0.12162192187482432,0.5861844921995298,0.42109375,0.14140625
industry_id,109,240,1233,0.03027130671163656,0.02370379662969011,0.004467578773129232,0.10785951957019457,0.16297040839958563,-0.002829314013795787,0.0027157975028755336,-0.007296892786925019,0.030110754828207496,0.6520681265206812,0.5739094087247302,0.18798326771394586,0.6439456632495089,0.3722627737226277,0.17518248175182483
industry_id,109,480,1139,0.05044382624667234,0.03955320609079907,0.004284939160701425,0.16717507319718466,0.23022875985206692,-0.0035591048100710575,0.004825958954065781,-0.007844043970772482,0.050842566404778695,0.6198419666374012,0.5858676515735328,0.20611452143662248,0.6572311085214493,0.437225636523266,0.218612818261633
industry_id,11,5,9941,0.004129169028662722,0.0025720372907733343,-0.0001575791797034575,0.012759603388814473,0.016543615799977224,-0.0001509796843411982,3.734433463246419e-05,6.599495362259322e-06,0.004126468658017975,0.5195733118647479,0.5,0.0,0.5062277463122808,0.4804266881352521,0.0
industry_id,11,15,9899,0.007204693323770835,0.0045462008253337695,-0.00021787139049977896,0.033083935321593747,0.025561796122696403,-0.00025616483649535,0.00013435711626779039,-3.829344599557103e-05,0.007204591301678586,0.5234485546796038,0.5004798363691645,0.011929131371780591,0.513927662149006,0.47695573074590664,0.0016171417020416413
industry_id,11,30,9842,0.010257188076369226,0.006612947546593839,-0.0002467263709924101,0.05541799072112675,0.041089789859432166,-0.000323112099857574,0.00020354007766455498,-7.638572886516395e-05,0.010263485983833504,0.5203822303547829,0.5001968172862343,0.0040717529494019855,0.5150770487816209,0.4797194266544678,0.0023381112127681203
industry_id,11,60,9729,0.014194966259028902,0.009764777953968774,-0.00021982365214547704,0.08149007980935091,0.0584364593362042,-0.0004485038539043133,0.00037168418902369427,-0.00022868020175883627,0.014218717413189287,0.5271867612293144,0.5078402593565026,0.040230855144295634,0.5214050396375511,0.47898036797204235,0.039469626888683315
industry_id,11,120,9531,0.019927160272834903,0.01434254380557858,0.00014519929278531158,0.09917493660294198,0.057695255827625753,-0.0006572964737824404,0.0010884443359912034,-0.000802495766567752,0.02000512145019333,0.5220858252019726,0.5157035109444339,0.03521803276432087,0.528782957795513,0.4858881544433952,0.27342356520826777
industry_id,11,240,9326,0.027118479578161565,0.020010503055701425,0.0009524893263519497,0.14959534871384844,0.0778022539315713,-0.0013403654214638957,0.0023308680731962974,-0.0022928547478158457,0.027352267069668135,0.533669311601973,0.5223102806421597,0.04900014585934529,0.5392523389921955,0.4725498606047609,0.29187218528844094
industry_id,11,480,8673,0.037536558090052005,0.027766062895709622,0.0032733862236038395,0.19321166909402154,0.0865607549023795,-0.0005243926744589814,0.004396922045931727,-0.003797778898062821,0.03799340457891762,0.5280756370344748,0.5280709558120203,0.056052186128808246,0.5459353558572164,0.47169376225066295,0.4983281448172489
industry_id,110,5,916,0.0017590361786947982,0.0011715546559739817,-0.00014092616712549973,0.09031050332145,0.0734211433372566,-0.00013982175511347922,1.779450271127757e-05,1.1044120120205229e-06,0.0017548993710934046,0.5180327868852459,0.5,0.0,0.5295645684434112,0.4819672131147541,0.0
industry_id,110,15,914,0.0033839169328932104,0.0020581074334609334,-0.00017782148256330194,0.07384615529048888,0.061139814800625476,-0.00015235565278879867,6.455659625501265e-05,2.5465829774503287e-05,0.0033833954546323777,0.5,0.5,0.0,0.5281279776297708,0.5,0.0
industry_id,110,30,911,0.004983495495917559,0.003049552082813989,-0.0001928953036163445,0.09481745815009916,0.10067698950413138,-0.00013993184168978453,8.923018050477532e-05,5.2963461926559965e-05,0.004987429178521109,0.5060373216245884,0.5086613262384685,0.059107471693475536,0.5485410220075768,0.5027442371020856,0.021953896816684963
industry_id,110,60,906,0.00694161979170653,0.004672576235010654,-0.00018365612141974002,0.13644055306393088,0.13730242351831534,-7.449255206557422e-05,0.00019963293632943954,0.00010916356935416578,0.006963609151718579,0.5706401766004415,0.5673249945139346,0.13916165196460756,0.5545192987589301,0.4867549668874172,0.3730684326710817
industry_id,110,120,895,0.009230905310715184,0.006924339251733661,0.00016066581833682543,0.16751680830990048,0.14870268544473444,0.00021998012131444237,0.0007909125285675912,5.931430297761693e-05,0.00932900192779494,0.5284916201117319,0.5372218054513629,0.08299887430969884,0.5643660915228808,0.48044692737430167,0.7217877094972067
industry_id,110,240,889,0.011730719824817562,0.009128701002056885,0.0005547022485968357,0.1744806301400895,0.17411311563739604,0.0002593195772466865,0.001678450369144042,-0.00029538267135014926,0.011893316665956884,0.5444319460067492,0.5615088482471995,0.13097821102990564,0.5880918828947502,0.453318335208099,0.6771653543307087
industry_id,110,480,842,0.012900868443828723,0.010245261889118916,0.004545257503561532,0.23434154621771586,0.22994651351154222,0.002582247714642568,0.0032956629494970153,-0.001963009788918965,0.01241310584672204,0.5391923990498813,0.558704224075417,0.14658916687285442,0.6170741932559826,0.4679334916864608,0.8004750593824228
industry_id,111,5,1836,0.0031030361594358413,0.0019821794538500293,-0.0001370562243328269,0.04164063359214816,0.03559909174967981,-0.0001453107118883561,2.2667921989368494e-05,-8.254487555529196e-06,0.0031008690757968753,0.5193460490463215,0.5,0.0,0.51736073932896,0.48065395095367847,0.0
industry_id,111,15,1832,0.005863774627615539,0.0035390686438704477,-0.00018602546760973588,0.06945300133437257,0.043187423972621944,-0.00017127442705869094,8.255277944923102e-05,1.4751040551044947e-05,0.005865978014509979,0.5207423580786026,0.5,0.0,0.5156623830604146,0.47925764192139736,0.0
industry_id,111,30,1827,0.00856182984202721,0.005292348004699626,-0.00018641832478702173,0.08821224374673564,0.056542565739041734,-0.00020029051670295884,0.00012924286337083425,-1.3872191915937112e-05,0.008570232774245175,0.5210727969348659,0.4964018187367374,-0.02269732849194559,0.5297929889236818,0.47400109469074986,0.025725232621784347
industry_id,111,60,1814,0.012074705452979584,0.008032673564250263,-0.00012143033649350448,0.13809304754955792,0.11582980908923929,-0.00017305229717476422,0.00026788092859206117,-5.162196068125975e-05,0.012108172001309722,0.5435501653803748,0.5279366728111498,0.06855054204531667,0.5409620017360603,0.4729878721058434,0.20948180815876516
industry_id,111,120,1798,0.016545813650192552,0.012309153342072818,0.00010408702070290363,0.17230297344672568,0.15892239375178618,-6.644320063027776e-06,0.0009638843739733225,-0.0001107313407659314,0.016684301136487795,0.53559510567297,0.5372203553459703,0.07568333202439956,0.5524286925471412,0.4911012235817575,0.5906562847608454
industry_id,111,240,1782,0.02126881376655636,0.016071552854852234,0.00015745306500851815,0.24547668477811196,0.2321025444104502,-7.518118478783211e-05,0.0019708391680824545,-0.00023263424979635025,0.02166603994641949,0.5718294051627385,0.5725736961451248,0.1467099555747554,0.5984246661627614,0.494949494949495,0.5729517396184063
industry_id,111,480,1689,0.02998028436547382,0.023404260792021687,0.0028641915691030133,0.28632003845925824,0.2473894361976693,0.0019024831822247875,0.003729637463983856,-0.0009617083868782257,0.03069630236591035,0.6068679692125518,0.5906966033228731,0.20837232984767404,0.6260302991036468,0.5334517465956187,0.7477797513321492
industry_id,112,5,3146,0.004226704603341642,0.002464813119464207,-0.00014684215425149239,0.021407755751019046,0.04583256396971834,-0.0001462149727945236,6.546712009495342e-05,6.271814569687802e-07,0.004225047465373941,0.5291123130766784,0.4996995192307692,-0.016819161303290073,0.5125850447937795,0.47056951956729237,0.0003181673560292714
industry_id,112,15,3127,0.007576016528202332,0.004283586620188608,1.552772083064343e-05,0.057383477499339426,0.0718586706104841,-0.0002737201684992634,0.00021045996312657193,-0.0002892478893299068,0.007585163335098761,0.5364916773367477,0.5013227856576331,0.011323508085836737,0.5218612939443569,0.4638284250960307,0.013764404609475032
industry_id,112,30,3105,0.011055252684333744,0.006380383336953135,0.00033313168955771834,0.09007582185934229,0.10990193560044385,-0.00035725922244840905,0.00033966779090231693,-0.0006903909120061274,0.0110756489150561,0.5385111182726394,0.49937743005132806,-0.004066614411500335,0.5470168924118824,0.4589107315501128,0.023847889139542378
industry_id,112,60,3060,0.01586782321324677,0.00955469333774931,0.0009466512703757813,0.12983086918392,0.16186333840912887,-0.0005204383683412981,0.0006172144328341614,-0.0014670896387170794,0.015907866508381403,0.56282722513089,0.5195273830848102,0.06295383056975909,0.5620462548504633,0.44469895287958117,0.10634816753926701
industry_id,112,120,2986,0.021433816202991247,0.01410388559402719,0.002064633204732423,0.19257308709094909,0.22026246398943097,-0.0008249938719024338,0.0016407933833618006,-0.002889627076634857,0.021589275224295032,0.5850636302746148,0.5674558911157295,0.14223091689679615,0.5941837313064078,0.4447421299397187,0.3332217012726055
industry_id,112,240,2867,0.027633672651354715,0.020208575584754196,0.004678137446699219,0.28777960423538035,0.27205971656348676,-0.0017161280130996734,0.0034540851878119886,-0.006394265459798892,0.02802718482171027,0.6037670038367632,0.5887610024642371,0.1853423770175891,0.628396198934001,0.44750610394140217,0.3477502615974887
industry_id,112,480,2617,0.04436407295811094,0.030700344242327166,0.014850949161149506,0.3544873085456553,0.3050406394735662,-0.0014656798010021178,0.006192096510694809,-0.016316628962151625,0.043596666096100474,0.5869316010699274,0.5908022993781296,0.17530135197465466,0.6380084596448855,0.36912495223538405,0.4910202521971723
industry_id,113,5,5441,0.0031032375934503366,0.0018248459050159227,-0.00020978573700724284,0.03990924936946511,0.052108702958925834,-0.00012634924480744528,2.9740676990891e-05,8.343649219979755e-05,0.0030971827948362268,0.5139273196827153,0.5,0.0,0.5284966442404486,0.4860726803172846,0.0
industry_id,113,15,5427,0.0057854179042761055,0.0033170598958175306,-0.0003646590999799192,0.042942506904747824,0.08099378970718239,-0.00018653039940291506,0.0001142608500925186,0.0001781287005770041,0.005777692162261831,0.5041612724246347,0.5011390628078548,0.01646560840705461,0.5439904688149916,0.49694840022193454,0.004808581468466802
industry_id,113,30,5407,0.008195296275611429,0.004886368632996987,-0.0005477256358915246,0.057003197074487866,0.09738686107637318,-0.00023317467929627963,0.00016207010063343566,0.00031455095659524505,0.008184609839120225,0.5054720831014654,0.5039381208668519,0.03407380370167842,0.5493578136458028,0.4984232980894083,0.013541086996846596
industry_id,113,60,5372,0.011731448810468025,0.007139811670237056,-0.0007474339352758406,0.08331314912950136,0.13019790831511702,-0.0002560998136382231,0.00029637062870108307,0.0004913341216376176,0.011728580147655297,0.5332960268606604,0.5334933733496003,0.0944899183008048,0.5642600539618359,0.5002797985450476,0.14736056705838463
industry_id,113,120,5310,0.016379272811583922,0.010425779169063929,-0.0011442763310861902,0.11987826916903427,0.18002832176933498,-0.0003615780627414612,0.0009360397763690947,0.000782698268344729,0.016425016544064672,0.5535444947209653,0.552411510443903,0.10598063568148301,0.5765123219012709,0.49226998491704377,0.4259049773755656
industry_id,113,240,5282,0.02224535917761636,0.014917724104941136,-0.0024767865517869078,0.15458430182791713,0.21705749760715706,-0.000767515433962527,0.0020287711417530715,0.0017092711178243805,0.022329609813203817,0.5873887521302783,0.5867927058769529,0.1750655906824351,0.6193691871639958,0.49536072713501234,0.4349555008521113
industry_id,113,480,5001,0.02980439329877376,0.021383755730220076,-0.00293820238464631,0.17874530020269552,0.21767823255277413,0.0005206221439488309,0.0038086693637540293,0.0034588245285951413,0.030102310059235717,0.5982,0.5909788834933161,0.19097932858523245,0.6209936749431749,0.5242,0.6536
industry_id,114,5,6540,0.003709103595822408,0.002055490491670501,-0.0001651337418030051,0.017796987612415244,0.0457153245408265,-0.0001371578870616244,3.413433283583567e-05,2.7975854741380693e-05,0.003705876108550716,0.5262028807845541,0.5,0.0,0.5193029657010294,0.4737971192154459,0.0
industry_id,114,15,6518,0.006537771832752329,0.0036971569181134404,-0.00014047634952077314,0.0600940932196762,0.08953430202386745,-0.00022313387614113187,0.00014493226931488838,-8.265752662035871e-05,0.006543370806016608,0.5363343063450607,0.5005851622738688,0.014209661069362844,0.5336678039655136,0.46412659394684286,0.0016899677369795667
industry_id,114,30,6489,0.009189555516840997,0.005418580931700172,-9.790934264254926e-05,0.07726139219378643,0.12946016127709828,-0.00028425136576874186,0.0002220140796855129,-0.0001863420231261926,0.009203520643580841,0.5469689958352615,0.5012569811218599,0.01524386137710433,0.5542593651045375,0.4536480024679932,0.006786981335801327
industry_id,114,60,6430,0.012639527890615457,0.008012967897889424,0.00020363418716912846,0.12012127005028583,0.16887049333360815,-0.0003554976833325233,0.00040490480554914967,-0.0005591318705016517,0.012680130708337496,0.5671386338882838,0.5311748933841408,0.09823068812761873,0.5712728019802502,0.45324412634199474,0.1124941652403921
industry_id,114,120,6344,0.017211957528105858,0.01185559549679245,0.000809832416042366,0.16683049731896535,0.22329730063586228,-0.000558641830019817,0.0012296575170013943,-0.001368474246062183,0.01735523708658506,0.5854350567465322,0.5754957839666899,0.15335606820542227,0.5982390843898211,0.44703656998738966,0.39817150063051704
industry_id,114,240,6243,0.023275189015087586,0.016889793886267702,0.0015342317825247484,0.2428541756819331,0.30959175154942525,-0.001122063372849785,0.002545613447786219,-0.0026562951553745335,0.023711125097855525,0.6196731816725408,0.6124774700898876,0.2276030960265645,0.6598419986515186,0.45402114706824737,0.4114066004485742
industry_id,114,480,5904,0.03642746970472794,0.02635062794554387,0.004026141436090563,0.27240823392337166,0.33122078726712556,-8.015115268583357e-05,0.004733349451008681,-0.004106292588776397,0.0372060944458879,0.6253387533875339,0.6345171980439894,0.27921660154741496,0.6842014155314903,0.4684959349593496,0.6371951219512195
industry_id,115,5,3167,0.003543460714644208,0.0021888852733282786,-0.00021343355741082818,0.03323615019296887,0.0499709393497696,-0.0001350847054402741,3.4289122898654954e-05,7.834885197055409e-05,0.003538000606532303,0.5208596713021492,0.5,0.0,0.5164499385198658,0.47914032869785084,0.0
industry_id,115,15,3151,0.006451078036434806,0.003857112876023362,-0.0002801952803881748,0.06722863386984874,0.06632930888077886,-0.00022886778305228743,0.00012528488072666917,5.1327497335887396e-05,0.006452200588974936,0.5430842607313195,0.5024481002741872,0.030692490702242566,0.5263415589502546,0.4588235294117647,0.006359300476947536
industry_id,115,30,3126,0.009510373556234616,0.005772129070115591,-0.00039669200353003486,0.09031676384452784,0.0807559190937771,-0.00029099256161335793,0.00017206081197089867,0.00010569944191667694,0.009516091391365469,0.5365150544522742,0.502362233954793,0.017023876451963897,0.5295262745421547,0.464445868033312,0.019538757206918642
industry_id,115,60,3080,0.013776029223228282,0.008723330868082184,-0.0005125565646812016,0.11296461628157327,0.10121127496243004,-0.00038689356120552733,0.000339329576299801,0.00012566300347567426,0.013800693650709525,0.5532813515269656,0.5190876465326191,0.07264686387431521,0.5275146665420108,0.45971410006497726,0.07407407407407407
industry_id,115,120,3000,0.01930195722378251,0.01309495985886224,-0.0006434107890533293,0.12228298499259044,0.11605501385683265,-0.000677040679884764,0.0010224116258888704,-3.362989083143475e-05,0.01938954743215817,0.5603735823882589,0.5427454399141631,0.10051334044393571,0.5467603272532189,0.46631087391594395,0.23549032688458973
industry_id,115,240,2924,0.026154290939485438,0.01921378920714657,-0.001726751636119165,0.18320780765779424,0.17702464332010484,-0.0014086827323346802,0.0021910899624925087,0.0003180689037844848,0.026409606769690137,0.5706465959630517,0.561099824510557,0.138018710509177,0.5808104967261042,0.4793020868970236,0.2668491276086213
industry_id,115,480,2644,0.03875825897523322,0.029097388848307572,-0.002026723559834195,0.24885612215557695,0.2415813912674848,-0.0006416453774729617,0.004092861218551848,0.001385078182361233,0.039520233898562344,0.5654311649016641,0.5648175699732199,0.12957776321607758,0.6146953651610506,0.5223146747352496,0.516641452344932
industry_id,116,5,5752,0.004471171828246337,0.0024572704560116504,-0.0002212321053642851,0.02125415310819971,0.0524405629893373,-0.00014816987454455033,4.351325896419507e-05,7.306223081973478e-05,0.004466408162359134,0.5176491045035646,0.5,0.0,0.5251462849401286,0.4823508954964354,0.0
industry_id,116,15,5727,0.007693782658163873,0.004370491364271187,-0.0002807483250275272,0.07043837887397646,0.0993600610471376,-0.0002806327124901138,0.0001702394994224507,1.1561253741336284e-07,0.007698774484536725,0.5182532751091703,0.5,0.0,0.5483955978905499,0.4817467248908297,0.0
industry_id,116,30,5694,0.010999551175199665,0.006425141997514333,-0.0003293533543997486,0.10899029806879958,0.12937909828861668,-0.0003545229677356049,0.0002653254007915788,-2.516961333585633e-05,0.01102037326221563,0.51695064113824,0.5001192351651067,0.002014069447335835,0.5579868408859234,0.48304935886176004,0.003513086246267346
industry_id,116,60,5634,0.015298935669983593,0.009432848264627515,-0.00036101663292929933,0.1725385701096032,0.18865275142239074,-0.0005294065225122574,0.0004793249590599999,-0.00016838988958295807,0.015370088570403725,0.5277827090360376,0.5164522993246703,0.09110493512617791,0.5905225542950411,0.48783951713119117,0.033729806497425886
industry_id,116,120,5538,0.021414778535065918,0.014180762835197579,-0.00011218507770114169,0.2436196063587584,0.25568965408004574,-0.0009252969858660566,0.0014301212129497125,-0.000813111908164915,0.021717923436320816,0.5606717226435536,0.5626656414650991,0.1410650860997999,0.6250548958918243,0.5043336944745396,0.27049476345250995
industry_id,116,240,5464,0.029698523167910752,0.020757780435763037,-0.0005022946834884453,0.3363929972235858,0.348374430220968,-0.0018603632653854435,0.0030402483555406353,-0.0013580685818969983,0.030578645259087645,0.6068094453596925,0.6028351901188351,0.22543448897247537,0.668830070941765,0.490206846055281,0.295075965586674
industry_id,116,480,5159,0.04760710730852485,0.03243041236058709,-0.00125495141755569,0.40893523515446195,0.44816016468328806,-0.0016483044477048226,0.0053245187730171705,-0.00039335303014913263,0.04951924917697587,0.6807520837371583,0.6800781027907692,0.3606080339408695,0.7286534180010944,0.48575305291723203,0.47121535181236673
industry_id,117,5,2130,0.005306295842244308,0.0034226444191528334,-0.00027378501573887453,0.007169572966033586,0.013333201841299467,-0.0001737707987071907,3.7364764620103686e-05,0.00010001421703168382,0.005299364159215496,0.5216368767638758,0.5,0.0,0.5050591699450194,0.4783631232361242,0.0
industry_id,117,15,2120,0.0099038513886412,0.006373717818595107,-0.0004641255237478637,0.018416194611268744,0.052211859969127944,-0.00035029624673284764,0.0001884390994917822,0.00011382927701501605,0.009894646326705524,0.5385342789598109,0.5,0.0,0.5119159206378906,0.4614657210401891,0.0
industry_id,117,30,2105,0.014065719731953991,0.00919424239281281,-0.0006946540952519697,0.03492331752084221,0.054329655368042185,-0.0004704056833063268,0.00031531863880738143,0.00022424841194564288,0.01405603325044226,0.5425178147268409,0.5,0.0,0.5188798140661571,0.45748218527315915,0.0
industry_id,117,60,2075,0.020233355036649237,0.013861405094702527,-0.001087445420979671,0.05493894050612564,0.07322612875480206,-0.0006810830063354897,0.0005773408859283175,0.0004063624146441813,0.02022760426720424,0.5402409638554216,0.5088265152829953,0.058001732316276686,0.5222829971428945,0.4669879518072289,0.023614457831325302
industry_id,117,120,2042,0.027523005576407605,0.02071102927966003,-0.0019599419386450542,0.09685152109116077,0.10846442330730155,-0.0013277730575854362,0.0016451206843019488,0.0006321688810596179,0.02756359175041798,0.5411764705882353,0.5287170113170061,0.0758589495836933,0.5419909344591622,0.4808823529411765,0.1730392156862745
industry_id,117,240,2006,0.039109256043413664,0.031438632233533846,-0.003982503589454569,0.13591299910885837,0.14811913079945713,-0.0026814071686438387,0.003404532311977356,0.0013010964208107294,0.03922219443431728,0.5289132602193419,0.5450019936204147,0.11279302280839944,0.5857919657097289,0.5264207377866401,0.19790628115653042
industry_id,117,480,1865,0.05595024023225046,0.0439917789983341,-0.011675719838248963,0.0922675641755696,0.12279741656052774,-0.002824190779571639,0.005537031900998269,0.008851529058677324,0.054950848338217444,0.5308310991957105,0.5627707557622532,0.13084270272264284,0.5934734486972814,0.5903485254691689,0.3345844504021448
industry_id,118,5,2233,0.0045138955711259065,0.0027011459731368,-0.00013901600184026703,0.025576970136036114,0.04120505036274163,-0.0001513798613588645,4.5658056407218776e-05,-1.2363859518597496e-05,0.004512691316117118,0.5197132616487455,0.5,0.0,0.5130182867987648,0.48028673835125446,0.0
industry_id,118,15,2220,0.00815741791854765,0.004885666279161959,-0.00014231942997978647,0.07617771737338391,0.06628479639455195,-0.00029427114779930375,0.00013928478956358754,-0.00015195171781951726,0.008165604241943377,0.5286164939161785,0.49841083988212986,-0.02646551680520984,0.5254037314686318,0.46958089229382605,0.003605227579990987
industry_id,118,30,2199,0.012070182048663695,0.007236648549421599,-4.8124104092008676e-05,0.11088781428209539,0.07756976322317523,-0.0003814426744726803,0.00021737889207414863,-0.0003333185703806716,0.012092257230190827,0.5300272975432211,0.4961872673197313,-0.03660055846039736,0.5271288034774652,0.4654231119199272,0.01091901728844404
industry_id,118,60,2158,0.016996130708844863,0.010494571638938195,0.0005275897299930155,0.15487321806853488,0.11509126628768926,-0.0005038666301100507,0.00039245508067091244,-0.0010314563601030663,0.017044295772657484,0.5417052826691381,0.4936573730105971,-0.02796014373240518,0.5340272075148703,0.4462465245597776,0.05375347544022243
industry_id,118,120,2111,0.02298222956428951,0.015530163936190935,0.0014942146690756636,0.21645758530152173,0.18618925682352785,-0.0009551293607279509,0.0011943412009139504,-0.0024493440298036144,0.023162466714325394,0.5599242065371862,0.5288957997472877,0.07140761005985616,0.5599397448186717,0.4471814306016106,0.20322122216958788
industry_id,118,240,2065,0.0308076959239283,0.02158465150808013,0.0018662688738136492,0.2576862175953391,0.23249995273942986,-0.0017572929650279028,0.002480091880791118,-0.003623561838841552,0.03129669047696716,0.5806295399515738,0.5545625064236528,0.12124483212556743,0.5961373386473595,0.44019370460048424,0.27554479418886196
industry_id,118,480,1988,0.05154369766388313,0.036057972782134975,0.0025724409591257025,0.2873484567691007,0.27997130783655216,-0.0015604297223620837,0.004506785829975568,-0.004132870681487786,0.05259317844032513,0.6001006036217303,0.5919495115629985,0.1831585266910215,0.6314584994683679,0.42052313883299797,0.4341046277665996
industry_id,119,5,4177,0.0032049150471418195,0.0019187983412566419,-0.00014755019388375116,-0.000502910288259977,0.025405299529144904,-0.00016710483949278722,3.1408881069206466e-05,-1.955464560903606e-05,0.0032013468643501907,0.5290878621019871,0.5,0.0,0.5039724458083261,0.47091213789801295,0.0
industry_id,119,15,4158,0.0061033634919245286,0.0035213699073121368,-0.00013930406982571333,0.026563796647901924,0.03557029955791736,-0.0002433298107166013,0.00015717432516636264,-0.00010402574089088798,0.006103925465804282,0.544973544973545,0.5,0.0,0.507125626738868,0.455026455026455,0.0
industry_id,119,30,4139,0.00890430415525943,0.005089273372427285,-0.00012849382410271755,0.05352038314201377,0.07625274424084115,-0.0002679140315025255,0.0002548078510537992,-0.0001394202073998079,0.008913377902427709,0.5525489248610775,0.5030362394437338,0.020594206931106,0.5239061371500323,0.44817588789562696,0.021985986953370378
industry_id,119,60,4117,0.012881127026355072,0.00746892183149732,0.00017979036553410405,0.10419051059992925,0.10214006296378698,-0.00029338196845261894,0.0004907272651921628,-0.000473172333986723,0.012921751091896146,0.5608452756861793,0.5311606370491972,0.06897429422698628,0.5409770677868546,0.4321107602623269,0.2771435511294632
industry_id,119,120,4085,0.018185433150146375,0.011648059888534394,0.0005560724788791332,0.09627327025918626,0.07075998390786749,-0.0003186681531777211,0.0014407508928893605,-0.0008747406320568543,0.018258977277642276,0.5201958384332925,0.5223706706544864,0.044200131113677196,0.5258777863669446,0.4217870257037944,0.5104039167686658
industry_id,119,240,4066,0.023650590046359218,0.016435893247963993,0.000273469491717652,0.0017018508139907643,0.008377769796378599,-0.0007880939162930449,0.0028585025768325064,-0.0010615634080106968,0.023480482109812392,0.5181997048696507,0.5159565114995418,0.031777023719974574,0.5126588748465697,0.4483521888834235,0.4766355140186916
industry_id,119,480,3891,0.03267363251275407,0.023599710174974708,0.004103541689067368,-0.0623891252477137,-0.002312065063286729,-6.524471524373784e-05,0.005051452950944132,-0.004168786404311105,0.031705296380329574,0.4764841942945258,0.49147728054310347,-0.01690542901907541,0.5009077493373801,0.4004112053456695,0.5769725006425084
industry_id,12,5,1936,0.003913989530324557,0.0022926506980506327,-0.00020655501046580078,0.042035309313784665,0.06155889435454181,-0.0001281642992482886,4.060991984248226e-05,7.839071121751214e-05,0.0039100318604282,0.5139896373056995,0.5,0.0,0.5273762595432974,0.48601036269430054,0.0
industry_id,12,15,1926,0.007251326334637189,0.004232191707841352,-0.0005770596611020785,0.05355046283054635,0.07966319246956997,-0.0002082023335484943,0.00017095624857549465,0.0003688573275535841,0.007235467368051224,0.5080687142113482,0.49948822927328557,-0.02243303846121886,0.528893902989088,0.491410723581468,0.0005205622071837585
industry_id,12,30,1911,0.010053272000293585,0.0062471695430864355,-0.0010252321027887819,0.06810776112542782,0.08456977733223618,-0.00028528443545785116,0.00024751933830987954,0.0007399476673309308,0.01001466751887075,0.4889937106918239,0.5036440430949618,0.016828674005249972,0.5408483701899016,0.5162473794549266,0.049266247379454925
industry_id,12,60,1883,0.013870169326636856,0.009214850154884541,-0.0017440054754456118,0.07695828940064452,0.08428070308916248,-0.00032451986802301203,0.0004590233244411828,0.0014194856074226,0.013787801337528355,0.4925531914893617,0.5122533975329523,0.030445997680705352,0.5419627714957329,0.5329787234042553,0.20212765957446807
industry_id,12,120,1829,0.01807069357226658,0.012749392949756666,-0.003021575541396835,0.1250396259990415,0.08910377900375158,-0.0005452746519901137,0.0012424191514421809,0.002476300889406721,0.017928943728085296,0.4997263273125342,0.5113637186927196,0.023483776712722965,0.5388040021155281,0.5435139573070608,0.3672687465790914
industry_id,12,240,1756,0.026032449990361025,0.018918793405801146,-0.006374858042754526,0.18505369714686354,0.10649517184396895,-0.0010698914240434732,0.002606267076051339,0.005304966618711053,0.025591851764273067,0.48205128205128206,0.495221956812282,-0.00960011209112593,0.5239147936666516,0.5749287749287749,0.4113960113960114
industry_id,12,480,1616,0.035336124942890915,0.025839317600526098,-0.014964079643614287,0.1382043514247303,0.10005356144549594,0.00032761329494671444,0.004478427364268352,0.015291692938561,0.03232137999805354,0.5909653465346535,0.5616737138830162,0.11754927857594231,0.5758183579985906,0.6806930693069307,0.6033415841584159
industry_id,120,5,2688,0.003752089041396375,0.0023295639119580223,-0.0001362827177980599,-0.018243708078496002,0.012904871341831072,-0.00015057241064856238,3.206734798793373e-05,-1.42896928505025e-05,0.003748891099118171,0.5234375,0.5,0.0,0.5061913028811558,0.4765625,0.0
industry_id,120,15,2677,0.007149805003657825,0.004172158566789996,-0.00018987342363146903,0.00537934468355199,0.028997621200799777,-0.0002746500968085757,0.0001380951401867891,-8.477667317710663e-05,0.007146692060549904,0.5420246544639522,0.5,0.0,0.5020509565884135,0.4579753455360478,0.0
industry_id,120,30,2660,0.010254110884880237,0.006043993163795857,-0.00016139022566862774,0.012236415475176506,0.03531810975248351,-0.00034570336296779796,0.00020915886549274917,-0.0001843131372991702,0.010253266762258255,0.543233082706767,0.5,0.0,0.5034499551454569,0.4567669172932331,0.0
industry_id,120,60,2624,0.013745981253373311,0.008703849268892705,0.00011821077283171667,0.027831172754790315,0.04590892115220694,-0.0005060256101875516,0.0003770136955623902,-0.0006242363830192683,0.013750798319489513,0.557545731707317,0.4993268833697127,-0.004008689594082316,0.5088741077222583,0.4382621951219512,0.028582317073170733
industry_id,120,120,2576,0.0179979573420328,0.012246240580563401,0.00037585110843956876,0.03002527422183663,0.05805325632116907,-0.0008890710615215647,0.0012068588786694407,-0.0012649221699611334,0.017989787704193468,0.5442546583850931,0.5122596153846154,0.027955689504019797,0.5184988839285715,0.43478260869565216,0.2531055900621118
industry_id,120,240,2537,0.029952495797989094,0.01954167506834285,-0.0004672317784496738,0.05015050125015842,0.09360276952933652,-0.0018437473068942908,0.0025267228314268873,-0.0013765155284446169,0.029969059283273942,0.5500788643533123,0.5130330180852829,0.029140587530092053,0.5433989355592143,0.42034700315457413,0.26537854889589907
industry_id,120,480,2396,0.04474820121793019,0.029647390820654634,-0.0011672570664088202,0.037785659996479766,0.07809436370079016,-0.0016745713355566976,0.004389554218437712,-0.0005073142691478775,0.044683255963596305,0.5233722871452421,0.5024253030160669,0.004810649788701269,0.5124498643474584,0.38731218697829717,0.4065108514190317
industry_id,121,5,1325,0.004346426881505345,0.0026634614666621896,-0.00018853191947004714,-0.01079201381021826,0.05268445074870981,-0.00019255929983458218,4.3800368768665426e-05,-4.027380364535037e-06,0.004341642470426808,0.5426415094339623,0.5,0.0,0.5194060782990677,0.4573584905660377,0.0
industry_id,121,15,1321,0.00760689477737978,0.004674482127182323,-0.0002821564596727524,0.034664619072498216,0.048302895223136355,-0.00038851689519254026,0.0002245309934991879,-0.00010636043551978788,0.007606130621328996,0.53444360333081,0.5,0.0,0.5052143071005781,0.46555639666919,0.0
industry_id,121,30,1315,0.011084564764856369,0.006939551628484972,-0.00025146165123360575,0.04954379846297086,0.07081915008094088,-0.0005241682483618123,0.0003806882636984451,-0.00027270659712820653,0.011094048110678979,0.5414448669201521,0.5,0.0,0.5326282911286265,0.4585551330798479,0.0
industry_id,121,60,1304,0.01488909013377478,0.009974155945689745,-0.000198971395937502,0.07249790876174642,0.11118881801925641,-0.0008143889927108875,0.00078361675749431,-0.0006154175967733855,0.014924042585349588,0.571319018404908,0.5099524669030138,0.04563764328868466,0.518097573486935,0.4317484662576687,0.049079754601226995
industry_id,121,120,1296,0.020125260008836576,0.01493680187586169,-7.45985256220772e-05,0.0586808422412041,0.09548683613439964,-0.0016557364774654824,0.002144148950119954,-0.0015811379518434051,0.020136791995739346,0.5447530864197531,0.5082374160016291,0.019590214585006593,0.5279897601985901,0.43364197530864196,0.22376543209876543
industry_id,121,240,1261,0.027706596520286786,0.021271557754936603,0.0007264064366107102,0.04152766761719713,0.07041257485212947,-0.003526184437290561,0.004275689488837925,-0.004252590873901271,0.02754319171170426,0.5527359238699445,0.527997211306883,0.06771438760728558,0.5486487514260363,0.45598731165741474,0.21649484536082475
industry_id,121,480,1167,0.0366760170093856,0.028399503333470626,0.00787338569726954,0.09586614450292828,0.13129546392750152,-0.004748354098123547,0.007461561452653335,-0.012621739795393088,0.03575781092559126,0.6058269065981148,0.5569877160350306,0.11646349582974219,0.5935764292541786,0.3496143958868895,0.32047986289631536
industry_id,123,5,1148,0.004356341109410413,0.00261866809137919,-6.880465320610624e-05,0.017057545433937348,0.06668987962376739,-0.00016881019185915368,4.253635111131748e-05,-0.00010000553865304743,0.00435631564821226,0.5461672473867596,0.5,0.0,0.5363688404399587,0.4538327526132404,0.0
industry_id,123,15,1145,0.00842636816188966,0.004705616821697989,1.4103583483290798e-05,0.025699955106547108,0.07489643018164938,-0.00028199236822216956,0.00016597723821785193,-0.00029609595170546033,0.008428988228550316,0.5681818181818182,0.5012497859955487,0.024215149120599543,0.5292431246206285,0.4326923076923077,0.0026223776223776225
industry_id,123,30,1138,0.012056653056000191,0.007099689024270045,0.0001283552598830213,0.04320070805418812,0.06307547976348056,-0.0003677656525760923,0.00028087077603545466,-0.0004961209124591137,0.012064837524556248,0.5439367311072056,0.49017232983018366,-0.03441834451229008,0.5036633834456541,0.4349736379613357,0.08787346221441125
industry_id,123,60,1126,0.016099224399370053,0.01041152425193781,0.0003828732571756788,0.053153845789362275,0.060767198690602535,-0.0004451777330332156,0.0005907158160559662,-0.0008280509902088944,0.01611525640941904,0.5435168738898757,0.49220947494530676,-0.018842290901367242,0.5017921788727993,0.41207815275310833,0.20959147424511546
industry_id,123,120,1103,0.02016153080016793,0.014783702035396442,0.0014466215569027407,0.08536394602359529,0.07337233965262771,-0.0003164213548166591,0.0016818876433819473,-0.0017630429117193997,0.020183195249929713,0.5104261106074343,0.5053247183565275,0.010681479664637821,0.4972266401590457,0.45602901178603805,0.44152311876699907
industry_id,123,240,1079,0.027768136094845734,0.02093768795960212,0.003272917898719713,0.11663902725215654,0.11061807063818777,-0.0007008419847297133,0.003341671455825958,-0.003973759883449426,0.027763891076654144,0.5319740500463392,0.526349173338879,0.05288251249625589,0.5421319884925999,0.4531974050046339,0.43744207599629287
industry_id,123,480,1032,0.04299263105508862,0.03190475455138932,0.002613798063625898,0.0637165517321629,0.08262735628496627,0.0009107154318223555,0.005589574969964037,-0.0017030826318035423,0.042905154049093515,0.4951550387596899,0.5052314814814816,0.010401208536038074,0.5395543981481481,0.4186046511627907,0.561046511627907
industry_id,124,5,7150,0.005624463036493065,0.003478707672119585,-0.00023718258625847428,0.025972665912522137,0.04823428720283685,-0.00019721703275275365,3.93870175364472e-05,3.996555350572062e-05,0.005620344882571797,0.5300699300699301,0.5,0.0,0.5200143705239352,0.4699300699300699,0.0
industry_id,124,15,7091,0.009644694201737247,0.006055481920252918,-0.0005145792683594736,0.04660175186428547,0.07389898471741525,-0.00041563835871671895,0.0002257454452589614,9.894090964275459e-05,0.009638836917000657,0.5468904244817374,0.5004171300999731,0.011067170502799775,0.5341756584765363,0.45339162318431814,0.0014102383302778169
industry_id,124,30,7010,0.013381807364341162,0.008685590414742223,-0.0007860201135450181,0.08614635702698421,0.11524669847936406,-0.0005767105880443182,0.0003913352504838909,0.0002093095255006999,0.013386724273700504,0.5639087018544936,0.5030427891553099,0.027115336499541266,0.5548038187801869,0.43751783166904423,0.012553495007132667
industry_id,124,60,6871,0.018069924155591038,0.012538909973181958,-0.0012544263318980324,0.1291706279640801,0.15734426118476622,-0.0008810182613482759,0.0007876222389145344,0.0003734080705497564,0.018111140073680226,0.5697860573424538,0.5231876636232317,0.08659840293932236,0.5782626000610745,0.4446223257167807,0.07669917042642992
industry_id,124,120,6707,0.024253523101393334,0.018156008033686624,-0.002431723604456562,0.16611840330633212,0.1674996874791568,-0.0015912869430889447,0.0022668938863884018,0.0008404366613676172,0.02440412161328899,0.5407782913374086,0.5353813566107043,0.08296222120678771,0.5753630061456444,0.4896376919636201,0.23885492768749067
industry_id,124,240,6470,0.03287813465954232,0.02492575077420737,-0.0051987301122757195,0.2576953719132318,0.2596744526073771,-0.003189880239911855,0.0043213189198144895,0.002008849872363864,0.03330847813630419,0.535548686244204,0.5543402649741264,0.12765545309789555,0.6281148403026169,0.5350850077279753,0.23601236476043277
industry_id,124,480,6021,0.052177007898753396,0.03917231478437471,-0.011134986462127927,0.24650118133386825,0.25691992365198857,-0.0036379875235560072,0.007447318966166165,0.007496998938571919,0.0522972407196118,0.5530642750373692,0.5678326438637802,0.1433098546779539,0.6311869406581915,0.5429330675967448,0.3338315894369706
industry_id,125,5,878,0.004822961738140516,0.0027384675139973886,-0.0001942193345435603,0.06716322004967788,0.0853516648550726,-0.00015352628145267198,3.8449837849441035e-05,4.0693053090888326e-05,0.004821479286248174,0.5359179019384265,0.5,0.0,0.5389173506194783,0.4640820980615735,0.0
industry_id,125,15,874,0.007612086904513781,0.004839836600879526,-0.00036453031366638687,0.08759184487520276,0.07844095383984681,-0.00032162665902891086,0.00020494103396355583,4.2903654637475995e-05,0.007618563382619718,0.5251716247139588,0.5,0.0,0.5215765020867785,0.4748283752860412,0.0
industry_id,125,30,868,0.010903731920722064,0.006938066785244193,-0.0005565601148407338,0.14175028845603593,0.1413365150523209,-0.00043330867706383857,0.00031881122540611696,0.00012325143777689522,0.010930135878808929,0.5397923875432526,0.5095022600258594,0.06477324563848817,0.5641409230308924,0.4682814302191465,0.02191464821222607
industry_id,125,60,857,0.015247355369463552,0.010119075235839412,-0.0009307042227313987,0.200628387987657,0.25087015737295326,-0.0006902477763215017,0.0006077169908894848,0.000240456446409897,0.015329199238622134,0.5612602100350058,0.5090604323380942,0.03912890497097758,0.624984811832411,0.441073512252042,0.056009334889148193
industry_id,125,120,838,0.02089766770201521,0.014932393776485113,-0.0017758760598839617,0.2409808794907534,0.27883809059320375,-0.001299593301993119,0.001809932427213081,0.0004762827578908426,0.021184006200786396,0.5918854415274463,0.5684223826507463,0.16068918538786067,0.6347800616826617,0.45465393794749404,0.2350835322195704
industry_id,125,240,812,0.026942915911735664,0.019702272196636735,-0.0032738232957693044,0.3175567314571245,0.3098950894189664,-0.002829238995187113,0.00369868641002875,0.00044458430058219123,0.027686843089863095,0.5677339901477833,0.5595929967753102,0.1387112633288331,0.6355128835771587,0.4839901477832512,0.2438423645320197
industry_id,125,480,764,0.04314567626149757,0.029769302167398985,-0.005197670098875816,0.36949806029910326,0.42185955645505474,-0.002815303297092314,0.006530632989915997,0.0023823668017835023,0.04481243450415864,0.6452879581151832,0.6341219604994639,0.27622733853069104,0.7026771816955484,0.45157068062827227,0.3717277486910995
industry_id,126,5,14572,0.003925309279675223,0.0024056962175850196,-0.00019766218537664224,-0.0006086605389075034,0.02948971356609438,-0.00015175143430705437,4.111075484370762e-05,4.591075106958789e-05,0.0039200888161639155,0.5215869311551925,0.5,0.0,0.5124174195691006,0.47841306884480744,0.0
industry_id,126,15,14514,0.007082952030847833,0.004315632454814015,-0.00027193117065146035,0.03305200872323375,0.03784990727625345,-0.00027733761195446844,0.00018404628477619356,-5.406441303008085e-06,0.007081422446669373,0.5256666436987528,0.5005896569279514,0.006298394592800128,0.5183588780568109,0.47447116378419346,0.008819678908564735
industry_id,126,30,14427,0.009860896541702144,0.006192518015342093,-0.00032667503205634387,0.055789082133516535,0.05535585363126622,-0.00036665542081528476,0.0003012655416554061,-3.998038875894086e-05,0.009867699957107555,0.5281475318912923,0.5040409188108156,0.01978941064342639,0.5296607626356422,0.473585690515807,0.04346921797004992
industry_id,126,60,14265,0.013820810796802346,0.009157154275987726,-0.0003743686613390878,0.09137833230445198,0.0910929924083249,-0.0005145245088280505,0.0006245164322982974,-0.00014015584748896265,0.01385880249017183,0.5386988222097588,0.5111212902542143,0.034473327177794964,0.5399549219164138,0.4638951205832866,0.11728827818283791
industry_id,126,120,14025,0.019629813688273722,0.013815571885006761,-0.0006018329736172208,0.09132384191575191,0.09803187893373914,-0.0008564782807493081,0.001772078401904496,-0.00025464530713208735,0.01970290029107841,0.5318026240730177,0.5232769379530186,0.050603991802139314,0.5455093853160091,0.478251568739304,0.3029806046776954
industry_id,126,240,13795,0.02796923541779576,0.019999364021663375,-0.0014984818151531822,0.09878286045841982,0.11018566258877265,-0.0017809837185411472,0.003409025733838907,-0.0002825019033879652,0.02805903006773387,0.5270407423517471,0.5211876788788354,0.04610806022630679,0.5645601312309759,0.48513846599971,0.3024503407278527
industry_id,126,480,12843,0.04160720725199772,0.029830978050536357,-0.0014833772487447161,0.10685782698280089,0.11482841153595835,-0.001365747585727921,0.005976568260606038,0.00011762966301679507,0.04179259532630832,0.5335980689869968,0.5282362063516562,0.05654252048091648,0.5479106735558349,0.44966129409016586,0.44389940045160786
industry_id,127,5,6851,0.0043949779889953,0.0027597952049341866,-0.00019601601430866862,0.0052186880659432985,0.016339353011419554,-0.00016541990623822483,4.391099843308232e-05,3.059610807044379e-05,0.004390614234606844,0.5302278037383178,0.5,0.0,0.498391737231129,0.46977219626168226,0.0
industry_id,127,15,6821,0.007999863077857506,0.004990162923353891,-0.00034661714520419076,0.00947735235991721,0.029827114406024986,-0.0003196695754931918,0.0002007615897642601,2.694756971099891e-05,0.007991731486455845,0.5332844574780059,0.499493964028506,-0.008708347472935004,0.5093158742715311,0.46598240469208213,0.003372434017595308
industry_id,127,30,6781,0.010956782506288702,0.007138625440707845,-0.00046380620128466904,0.028085837328002905,0.04425843430443901,-0.0004441688972180877,0.0003361013085585093,1.963730406658137e-05,0.010951244460838052,0.5315634218289086,0.5006434556457016,0.0033493881510296523,0.5172914446315661,0.46651917404129795,0.03820058997050148
industry_id,127,60,6705,0.01511998889757872,0.010454183844644208,-0.0007875513960467873,0.06666697045130764,0.07319745655944988,-0.000647068952825226,0.0006705963786996011,0.00014048244322156138,0.015129338750465085,0.5291573452647278,0.5026486610775054,0.00976361844982565,0.5276388705763639,0.4684563758389262,0.0796420581655481
industry_id,127,120,6569,0.021107500871816513,0.015444761372348834,-0.001193849159447591,0.081576497755941,0.08358523958868991,-0.0011542092919376112,0.0018718050614329722,3.963986750998001e-05,0.021143669049776034,0.538742578779114,0.520802630784472,0.047958357484210075,0.5350919883771984,0.4639975643172477,0.2493530217689146
industry_id,127,240,6440,0.030245676473492744,0.022388089984689885,-0.0027623003786924837,0.1015079607572462,0.08095292575638122,-0.002416913256673533,0.0036107361367294323,0.00034538712201895094,0.03027082521362566,0.5319875776397516,0.5117173829875572,0.027079825227840627,0.5314751926428062,0.4597826086956522,0.24704968944099379
industry_id,127,480,6067,0.048540500923633295,0.03468199685315518,-0.004279920521884993,0.09841803166138631,0.10228940989115959,-0.0023604304457501804,0.006285570456819497,0.0019194900761348127,0.04856375709391384,0.5315641997692434,0.5143501573168112,0.029350217706937905,0.5380122993747896,0.43003131696060654,0.37497939673644304
industry_id,128,5,276,0.005358361618818838,0.0034465129803022032,-5.6296972161362646e-05,-0.003688368601538343,-0.01669531709526465,-0.00017635655543320658,3.305535746630674e-05,-0.00012005958327184392,0.0053578419883790465,0.5398550724637681,0.5,0.0,0.4816625270834434,0.4601449275362319,0.0
industry_id,128,15,274,0.007663109876868422,0.005396052795125744,0.0001071153164044836,-0.02999752931535336,0.01690274033448933,-0.0004158436725042288,0.00018671410102319042,-0.0005229589889087124,0.007654487060569041,0.5401459854014599,0.5,0.0,0.5590679965679966,0.45985401459854014,0.0
industry_id,128,30,271,0.010502519323426739,0.00768356490246667,-2.867276986546124e-05,-0.015076492195176318,0.06814519187622221,-0.0006012312263637829,0.0003114903692994512,-0.0005725584564983217,0.010493164829302593,0.5682656826568265,0.5042372881355932,0.06929833971319695,0.5741110003323363,0.4354243542435424,0.0036900369003690036
industry_id,128,60,265,0.015226787807426128,0.011259791684367986,-0.00047304602071477036,-0.00956385802516532,0.11114235020991661,-0.0009526777282172709,0.0006013924562364934,-0.0004796317075025005,0.015201800918868469,0.6,0.5015723270440252,0.01780047136272261,0.610062893081761,0.4,0.007547169811320755
industry_id,128,120,254,0.02175331852316503,0.016559409471819962,-0.002202690155616609,0.08016173106866725,0.19882336681542392,-0.002034666351850262,0.0017285119923371225,0.00016802380376634753,0.021711378321008303,0.5236220472440944,0.49844527363184077,-0.0076265391279844155,0.6556902985074626,0.47244094488188976,0.04330708661417323
industry_id,128,240,235,0.029389886848834694,0.024141120238160278,-0.005735196572223163,0.23832039129800167,0.31736382019215836,-0.004555914292181346,0.003428857187051749,0.0011792822800418164,0.02944903115881741,0.5191489361702127,0.5,0.0,0.7059335557812273,0.4808510638297872,0.0
industry_id,128,480,188,0.03424123424729846,0.029953161341991483,-0.007422509664660963,0.4042692492546636,0.4351654107801912,-0.005236678780613843,0.006560190552605166,0.00218583088404712,0.03553621198675776,0.6382978723404256,0.6993448481238833,0.43701866950455437,0.8223347230494342,0.6117021276595744,0.2712765957446808
industry_id,129,5,5119,0.003977673413917821,0.0023667283441987565,-7.862694572344532e-05,0.003166627080766252,0.043526679474405285,-0.00015339956226199597,5.035233933632465e-05,-7.477261653855065e-05,0.003976736902449392,0.5286188708732175,0.5,0.0,0.5149874923004213,0.4713811291267826,0.0
industry_id,129,15,5101,0.00665921484813871,0.004168179154117024,2.1401392931264783e-05,0.02480320701749485,0.06852580852556203,-0.0002705638361551367,0.00019607874932875633,-0.0002919652290864015,0.006661158233348182,0.5330327386786905,0.49981617647058824,-0.013101172279974538,0.536880744002767,0.46677122132915116,0.00019603999215840032
industry_id,129,30,5075,0.009169484894153514,0.005999080888955603,0.0002161933998281778,0.043412754230860176,0.0875642557041026,-0.00034552582572019324,0.0003139201109026388,-0.000561719225548371,0.009175197517905562,0.5367487684729064,0.5015434585588912,0.010763844230455292,0.5508638652218477,0.4632512315270936,0.020886699507389164
industry_id,129,60,5035,0.012678184065706815,0.0087975701198969,0.0006157592047635414,0.06713012357850025,0.10024671740453227,-0.0004847968554703654,0.0005880844527279237,-0.0011005560602339068,0.012689099006698866,0.5551142005958292,0.5142349882848016,0.04222076304976667,0.5524114555279315,0.4446871896722939,0.12889771598808342
industry_id,129,120,4978,0.018047342320382794,0.013301167340909423,0.001571982226304837,0.07854174794333574,0.1110259521939661,-0.000632892788257622,0.0017307084209707635,-0.002204875014562459,0.018031702275642294,0.5443953394937726,0.5319636190837242,0.06448236966089586,0.5457720743098446,0.431096826034552,0.4053836882282041
industry_id,129,240,4940,0.025484703590529817,0.0189620585297305,0.003141085411236076,0.0887143690872924,0.105073623133461,-0.001423669857022952,0.003498714028604424,-0.004564755268259028,0.02535951871321124,0.55,0.5332053342858843,0.06676530868591884,0.5364198558184091,0.4121457489878543,0.398582995951417
industry_id,129,480,4663,0.03435738579491735,0.025866777117946313,0.007081320377292692,0.08740261903713305,0.12320524348494989,-0.0007814261694440753,0.006280971493452377,-0.007862746546736767,0.03358131552841168,0.5320609049967832,0.5398245372308774,0.0783759111591988,0.5455885647678301,0.4051040102938023,0.533347630280935
industry_id,13,5,28593,0.004485087835500286,0.002631492600588773,-0.00025051187387319687,-0.015652998997216824,0.019852041134283672,-0.00015111007157491088,4.0652310902074555e-05,9.9401802298286e-05,0.004477265464649561,0.5171206498144387,0.5,0.0,0.5055729813835343,0.4828793501855612,0.0
industry_id,13,15,28472,0.00778961725445089,0.004696096442139284,-0.00048445068287848833,-0.0073234904690835,0.03154542025847856,-0.00026100381490874817,0.0001762579982852555,0.0002234468679697402,0.007771249255956552,0.5113352781976029,0.5000423189806653,0.002379142593592972,0.516455495472277,0.48869986995184705,0.00031633334504938313
industry_id,13,30,28304,0.010820114948418521,0.00677212447371079,-0.0007578578142768551,-0.010465559282408263,0.04186243792046503,-0.0003452103025458371,0.0002751608226129779,0.0004126475117310179,0.010787154293826859,0.5035699137565389,0.5018725239954851,0.018849825193718563,0.5262934966540261,0.49826806164286724,0.009967481973702813
industry_id,13,60,27990,0.015194122280697138,0.009995850292808375,-0.0012516040749897676,-0.012053422007443158,0.041843655448715024,-0.00046234832910208446,0.0005112874818279428,0.0007892557458876831,0.015127688768816068,0.5086296230123281,0.5106182451922198,0.036413249261490165,0.5278351960977021,0.5024477398606396,0.09383598356262284
industry_id,13,120,27503,0.02034031204435662,0.014234120438018189,-0.001875654531229941,0.011295638191799214,0.051492672038690714,-0.0007408733037187814,0.0014149923996189585,0.0011347812275111595,0.02022014781572129,0.5143272727272727,0.5180824898820533,0.03866201915528259,0.5284753497975336,0.5105818181818181,0.32294545454545454
industry_id,13,240,27010,0.02804917425738189,0.020049259763510525,-0.0036385353856002826,0.021836816093102146,0.05845503441242662,-0.0014878492152593514,0.002859015310647374,0.002150686170340931,0.027727340357286596,0.510145893505147,0.5171218906339903,0.036139524349315895,0.5309441001853458,0.5215507664963341,0.33888765459527515
industry_id,13,480,25236,0.03994235510177854,0.028519448963454506,-0.005776046321014524,0.0021844172854756823,0.06003645876155507,-0.0005863409619878406,0.005191666830781089,0.005189705359026684,0.039191383442919316,0.5204486010937623,0.5183282542955567,0.03661231787454266,0.527837461566013,0.5381231671554252,0.5292066259808196
industry_id,130,5,3496,0.0039074413907520394,0.002372044956979699,-0.00019452604952918087,0.03253936024789773,0.055727992515849034,-0.00015958342249321409,2.735723941453671e-05,3.49426270359668e-05,0.003903390694704979,0.5207439198855508,0.5,0.0,0.5293344267672626,0.4792560801144492,0.0
industry_id,130,15,3490,0.006990644998582042,0.004354851589293873,-0.0005222543414154325,0.007334181169270081,0.051272947212659965,-0.00023339016349973853,0.0001275451450334883,0.00028886417791569395,0.0069708781226164715,0.5177650429799427,0.5,0.0,0.5338419515313294,0.4822349570200573,0.0
industry_id,130,30,3481,0.01001251839123811,0.006425332036446972,-0.0009083538566253766,-0.0026655061234132898,0.053755356997324616,-0.0003026205087295971,0.00020885675242144722,0.0006057333478957796,0.00996848521958447,0.5222637173226085,0.5049869759815945,0.027651707741619312,0.534140778399963,0.48147084171215165,0.033611031312841134
industry_id,130,60,3463,0.014153829790227931,0.009493522549526998,-0.0016668894437188175,0.0027818947972504077,0.06529260390642107,-0.00035288575986938654,0.00041857423461988624,0.0013140036838494309,0.014050263129372702,0.5255558764077389,0.5121599099550443,0.035640871381948075,0.5352745101968565,0.481663297718741,0.1342766387525267
industry_id,130,120,3427,0.01983629993085528,0.013855833941756133,-0.0030401564305675335,0.02791498359276365,0.08669001530862985,-0.00042194772677426505,0.0012717908749773556,0.0026182087037932684,0.01959617819040566,0.5462503647505107,0.5464595093700337,0.09411646644845874,0.5478869315429987,0.5013131018383425,0.42048438867814414
industry_id,130,240,3431,0.028705659302263733,0.02064293023595204,-0.005935603284649884,0.05572777834052362,0.09515858332695662,-0.0010173951503455625,0.002540268677075572,0.0049182081343043214,0.028112093823377995,0.5389099387933547,0.5416453319679126,0.08544000330170555,0.5569446059421641,0.5120955989507432,0.38793354707082484
industry_id,130,480,3290,0.040027036659161026,0.027635664388332155,-0.008693368061303606,0.10000589505654123,0.11140591587873083,0.00043469976711987113,0.004617581602880673,0.009128067828423478,0.03926230343628506,0.5571428571428572,0.5521895202746266,0.10592567525058952,0.5538549578839302,0.5285714285714286,0.5896656534954408
industry_id,131,5,21953,0.003952529454351982,0.002411036727335881,-0.00014337040534805629,0.01879154603906168,0.036353228783363827,-0.00014688517042267104,4.095941270783739e-05,-3.5147650746147443e-06,0.003950485747993587,0.5187465790914066,0.5,0.0,0.5125258754372408,0.4812534209085933,0.0
industry_id,131,15,21882,0.0072255451312174,0.0043692940620634725,-0.00025196702922534455,0.020515415632480827,0.04829530637554495,-0.00023868948333246172,0.00014969419339768157,1.3277545892882826e-05,0.007222670483106346,0.5179510633432426,0.4998732891840663,-0.0032136685243765403,0.524305998883534,0.4818659958838326,0.0015549965698605076
industry_id,131,30,21781,0.010177950587023452,0.006297148343356289,-0.0003363744167940115,0.02423511310268652,0.05642310057646215,-0.0002972643199742411,0.00023790113855505187,3.911009681977039e-05,0.01017537551879033,0.5180285701162096,0.5044857195540694,0.02150053584843731,0.5333064459385984,0.48509485094850946,0.04556520141472601
industry_id,131,60,21578,0.01395409786644563,0.009072827155195709,-0.000385498767539459,0.03857007663462344,0.06843541286265022,-0.0003748237195242209,0.00045862189738389813,1.0675048015238102e-05,0.013958930662929867,0.5325361512791991,0.5208127535611123,0.05484735525127931,0.5382374465759043,0.48197070819428994,0.17412866147571376
industry_id,131,120,21212,0.01922512995473933,0.013383589613854103,-0.0003132375067754571,0.054340854058372315,0.08533874938252928,-0.00045755544362179463,0.0013876555558279262,-0.00014431793684633755,0.019247980608076268,0.5387553041018388,0.5346005088328201,0.07050781065652072,0.5454390596298143,0.4785007072135785,0.4018859028760019
industry_id,131,240,20951,0.026868513016296947,0.01911551358234435,-0.0005107833441931177,0.01834276237912534,0.046768226291950994,-0.001016411655020498,0.0027477291610681644,-0.0005056283108273803,0.02677321173825813,0.5405508616163063,0.538932375347741,0.07930129972399326,0.5331084517891709,0.49143157191274045,0.40488806148264833
industry_id,131,480,19718,0.038125774086257336,0.027010783703497517,0.00018752362759254186,0.029977578825715955,0.04738750742561808,0.0002048827767232702,0.004975871011179765,1.7359149130728357e-05,0.03794866776739954,0.5263237979306147,0.5278110180153365,0.056012253104020124,0.5249052679399391,0.48777642523838505,0.5601541894907689
industry_id,132,5,2961,0.003874760692853345,0.0025231198624063944,-0.0001417714739744158,0.012041418941764718,0.031107988458217137,-0.00015515903917222878,4.057982321926888e-05,-1.3387565197812996e-05,0.0038724422531421607,0.5278622087132725,0.5,0.0,0.521107751957142,0.47213779128672745,0.0
industry_id,132,15,2949,0.006944028569811118,0.004605483305706547,-7.002527042909238e-05,0.04190068289302496,0.0757325102594918,-0.00023516207544605044,0.00013199092220056332,-0.00016513680501695807,0.006947953589857462,0.5418786029162428,0.5007953642420908,0.021537175865034335,0.5437207208709134,0.4587995930824008,0.0013563919972872161
industry_id,132,30,2931,0.01000609735054847,0.006788536423862641,0.00013360367665944282,0.057926413321880144,0.07926255889135725,-0.00025319149022016654,0.00019765012166025534,-0.00038679516687960936,0.010014708619385951,0.5493005800068236,0.5086968333944889,0.04640222968804509,0.5385523874589546,0.456158307744797,0.03616513135448653
industry_id,132,60,2899,0.013775608268301156,0.009682758042106497,0.0005555360076326531,0.07790582986591313,0.09179627897858332,-0.0003428998795766371,0.0004172048065551304,-0.0008984358872092901,0.013790618817891578,0.5629527423249396,0.5308890914312112,0.08461585092927179,0.5544273532019028,0.452914798206278,0.15660572611245258
industry_id,132,120,2873,0.019990548379973185,0.01477202100203066,0.0017904703711594998,0.08933893452314633,0.11280943896787524,-0.00014757460816209022,0.0014930716951047636,-0.00193804497932159,0.019987980088372898,0.5321963104768535,0.5343139892562798,0.06769040654156999,0.5547566520487504,0.41733379742429516,0.5071353985381135
industry_id,132,240,2783,0.03002891460250977,0.02179347097790949,0.0035212820801052117,0.10065005949273628,0.11184806480178942,-0.0004208000490014909,0.002790548585211064,-0.003942082129106703,0.029973090263816247,0.5393460294646065,0.5401966670072893,0.0791942119663023,0.5440252124633831,0.4139417894358606,0.4980237154150198
industry_id,132,480,2548,0.04242971658173055,0.030437033391181718,0.005996907807979886,0.10576497883648706,0.12233320006745622,0.0009472593288646435,0.005207819130614031,-0.005049648479115243,0.04223413430410553,0.5137362637362637,0.542226068941077,0.08462905594785985,0.5566869625438192,0.3873626373626374,0.6169544740973313
industry_id,133,5,1840,0.0035064181316859294,0.0022367124728680703,-0.00022358515704665833,0.014174635492730084,0.04687997901428029,-0.00015498909431540677,2.097089219207084e-05,6.85960627312516e-05,0.003499516896587988,0.5201086956521739,0.5,0.0,0.5283877159536159,0.47989130434782606,0.0
industry_id,133,15,1836,0.006074980743693302,0.003985223912519549,-0.0005090688764594155,0.011620026041098089,0.03970874011353403,-0.0002319010440981427,0.00011482539688259492,0.0002771678323612727,0.006053859104598968,0.5070806100217865,0.5,0.0,0.5269739067479274,0.4929193899782135,0.0
industry_id,133,30,1830,0.008526970373535059,0.005800206468601538,-0.0008465531969327184,0.008939879603393203,0.055052229962316575,-0.00027776325737473507,0.0001849201591516206,0.0005687899395579834,0.008484481625244716,0.4819672131147541,0.4998421309452051,-0.002391367297217211,0.5465223360792981,0.5180327868852459,0.004371584699453552
industry_id,133,60,1818,0.01182585800259238,0.008539779439411515,-0.001514881273075833,0.012128779964005356,0.04773642051473823,-0.0003581974305663559,0.0003696313155862258,0.0011566838425094773,0.011727087197135765,0.4823982398239824,0.5102175498298493,0.03943035729789711,0.5336017258142927,0.5324532453245324,0.07205720572057206
industry_id,133,120,1794,0.016257381876427033,0.012389293982801646,-0.002626374083313525,0.05415578976402246,0.07404481398472416,-0.00042008906853340623,0.0012051387779892615,0.0022062850147801186,0.01606390658236473,0.5222965440356745,0.5236360922363283,0.04706731931471491,0.5472552504788557,0.5479375696767002,0.4882943143812709
industry_id,133,240,1786,0.023629665980429503,0.018166117554953894,-0.005297378445360133,0.0133116045617894,0.03172138950943058,-0.0010540615763003686,0.002420881108073055,0.004243316869059764,0.022932864866771305,0.5111982082866742,0.5230834887700003,0.04548853370393594,0.5234298718121323,0.6007838745800672,0.44568868980963045
industry_id,133,480,1692,0.03199257361715013,0.024892645803845592,-0.008465783183464286,0.05282749302784548,0.05198765937407337,0.0006390371279109569,0.00448949054067874,0.009104820311375243,0.030761847158130705,0.5862884160756501,0.5647128010647533,0.12913813086382253,0.5436145015159175,0.6140661938534279,0.609338061465721
industry_id,134,5,23865,0.004243552612968466,0.0027550987992668733,-0.00020209493922806305,0.0033601101907169703,0.021862396395154707,-0.00015902662305090136,3.4133219373780575e-05,4.306831617716168e-05,0.004238714855472439,0.5164061517830951,0.5,0.0,0.508676618280537,0.4835938482169048,0.0
industry_id,134,15,23767,0.00780391195887496,0.005008092023802765,-0.0004194951558645832,0.023023608782026785,0.04154767420497852,-0.0002643289516923863,0.00015125437706816171,0.0001551662041721969,0.00779464407547556,0.5119498443154086,0.5002919964977993,0.007121518325216162,0.5233810479187375,0.48830261718421275,0.0016830766641420516
industry_id,134,30,23633,0.011006884900792997,0.007252572552274833,-0.0006122522424811238,0.02563158801435415,0.04549076001890056,-0.00033539093366630163,0.0002426243244339345,0.0002768613088148222,0.010993385657243287,0.5101349921713004,0.5050638658319285,0.034134015808603924,0.5305538229055904,0.49468917946764845,0.022512800981761245
industry_id,134,60,23396,0.0155628278554767,0.010619566087936093,-0.000880246192474167,0.03963096492359759,0.05599109445929314,-0.00044017596769838145,0.00047267879194610123,0.0004400702247757856,0.015549466864568992,0.5150673220773669,0.5111932790916294,0.03362483725285906,0.5329638454193881,0.4948065826031203,0.1269074588587305
industry_id,134,120,23030,0.021725281932397554,0.015685704581642715,-0.0012233752667236114,0.07553598800020389,0.09556746077031433,-0.000574484081594419,0.0014298077260128659,0.0006488911851291924,0.021751905059615766,0.5344767694311767,0.5352359042788378,0.07276858459880318,0.5475768273439258,0.5030395136778115,0.3753365175857577
industry_id,134,240,22580,0.030576653839227013,0.022631081960715397,-0.002255025068778952,0.054783856389359925,0.08572872241253504,-0.0013119235779188675,0.0028284457555328487,0.0009431014908600847,0.030517274010089097,0.5441984056687333,0.547469538374547,0.09855140066826719,0.5565091839621216,0.5120460584588131,0.3653675819309123
industry_id,134,480,21344,0.04437698090497737,0.032623477066032455,-0.004682124410596094,0.07629921813566358,0.09838358803219532,-0.00020170007013601307,0.005109012312579758,0.004480424340460081,0.04422409353075725,0.5526143178410795,0.5511566096241793,0.10233235236342972,0.5532444928741389,0.5275955772113943,0.5292353823088456
industry_id,135,5,15944,0.003860168101383954,0.0023882948423996934,-0.00019314788435736426,0.019027493935172533,0.03485400705827858,-0.00014370108683866515,3.611573408624324e-05,4.9446797518699085e-05,0.0038558509746440817,0.5194699158397186,0.5000048987521946,0.0004367843292650267,0.5144423115909487,0.48053008416028137,0.00012561236025624922
industry_id,135,15,15887,0.007001364448720915,0.00430309364656267,-0.0003795578536729405,0.024837893630247344,0.03986648777088284,-0.0002336878709959146,0.00014838918538942489,0.00014586998267702585,0.00699318023545477,0.5151228733459358,0.5002747799110038,0.009992057153302722,0.5213820132402078,0.4851291745431632,0.0007561436672967864
industry_id,135,30,15804,0.009973629944178749,0.006253708986862636,-0.000573164069583006,0.036386116117346205,0.05735847906529681,-0.00030650562140475555,0.0002320208318390289,0.00026665844817825055,0.00996288932405,0.5143363504019242,0.5039091777788823,0.022701866786748265,0.5319540958742242,0.4888917020064561,0.030571555161719097
industry_id,135,60,15647,0.013952465561597583,0.009159747854368568,-0.000864803666270101,0.053551576071262826,0.06513182207689437,-0.00039033297335077787,0.0004451307801410774,0.00047447069291932305,0.013942380362739521,0.5246132208157525,0.51535876311651,0.043416153468215736,0.533727373954815,0.4868942590461578,0.14652857690832374
industry_id,135,120,15394,0.0189744735838153,0.013254670188666951,-0.0012333898147365424,0.08058696579204185,0.08969177022419837,-0.0005548922789842683,0.0013397196476988636,0.0006784975357522743,0.018995160790768153,0.535243292405639,0.5318596439374565,0.06594541086317379,0.5418275794623968,0.48684466965503803,0.37055804586500357
industry_id,135,240,15246,0.025911976229432237,0.018730011178947206,-0.002108753590182464,0.06695177477115329,0.06766082734358402,-0.0011865163066673784,0.002725720250710296,0.0009222372835150859,0.025864925937219327,0.5284355526402099,0.5274076132907467,0.0565131831624015,0.5338038022631487,0.49576910462446705,0.3782879632666448
industry_id,135,480,14417,0.03528052702144263,0.025997584731081106,-0.0028234667086439427,0.052251849751183785,0.06794600184009275,-8.376545842110092e-05,0.004926194062266976,0.0027397012502228418,0.03507898357327542,0.5190066592674806,0.5197501638521673,0.039682223556153924,0.5367539412885977,0.49236958934517205,0.5484184239733629
industry_id,136,5,7795,0.005482670172136291,0.0035448612799916447,-0.0003084430127361243,-0.005060920772593884,0.023921154815449586,-0.00019909286145692855,4.793311975311456e-05,0.00010935015127919578,0.005473534684062713,0.5130211674150096,0.5,0.0,0.506667137016077,0.48697883258499036,0.0
industry_id,136,15,7737,0.009724192444732336,0.006365017545346938,-0.0009433920141297326,0.007576709411326391,0.037245304360304876,-0.00045437438208013523,0.0002274443009211307,0.0004890176320495973,0.0096773732456327,0.49993537546852784,0.5,0.0,0.5250559093668202,0.5000646245314722,0.0
industry_id,136,30,7662,0.013609585517097275,0.008886077359405819,-0.001683269683707309,-0.0031168298880837842,0.04683562102527879,-0.0006558323438657415,0.0003883869042730303,0.0010274373398415674,0.013498292351124212,0.4988253719655442,0.5005140909291602,0.010618984735264531,0.5343797031313964,0.5016966849386583,0.0023492560689115116
industry_id,136,60,7530,0.018811332941612375,0.012855419060199266,-0.0030630119163079857,0.008536841190111012,0.03121876313628832,-0.0010556774163664447,0.0007417160027678925,0.0020073344999415412,0.018551792340224624,0.4863213811420983,0.501464872471816,0.011370397699331746,0.5206433010639347,0.5156706507304117,0.016865869853917664
industry_id,136,120,7372,0.02596187192253977,0.018554706975492847,-0.005751723425298236,0.039664860103061604,0.0434357289399487,-0.0020522379076800133,0.0019967507853227875,0.0036994855176182228,0.0253171827415702,0.48480737927292455,0.5146375591419525,0.04180438501214672,0.5282318334894641,0.5415084102007597,0.14188822571893653
industry_id,136,240,7199,0.03927845082919147,0.028520907504620073,-0.012583909183516736,0.05699847320309817,0.05237773839152312,-0.0043156425976345805,0.0037923437668209116,0.008268266585882155,0.03723111129843451,0.45839699958327546,0.5194019475009244,0.06061161749324037,0.5360430946407094,0.5781358522016947,0.11265453535213224
industry_id,136,480,6774,0.06281586898263104,0.04602021559904987,-0.02446463605674207,0.05106466446436154,0.06516155685718594,-0.00527228764509235,0.006306779054753306,0.01919234841164972,0.057834167368085554,0.47800413345143195,0.5341003331075758,0.07919455280083888,0.549463410544357,0.6017124298789489,0.23117803365810452
industry_id,137,5,2579,0.005494007655290518,0.003340752046955943,-0.00025393911133597794,-0.007418746029168282,0.042654436436287975,-0.00020058410555221244,5.136571009652493e-05,5.335500578376553e-05,0.005487514406629302,0.5242341993020551,0.5,0.0,0.5191111119148546,0.47576580069794494,0.0
industry_id,137,15,2560,0.009371363754457044,0.005906032120971627,-0.0008168649081670587,0.03457106333345033,0.08273839915319843,-0.00044214689057753276,0.00024331913782806383,0.00037471801758952593,0.009340938623987107,0.512109375,0.5,0.0,0.5380957702851832,0.487890625,0.0
industry_id,137,30,2540,0.012712815091534733,0.008362266682634904,-0.0015418941859881158,0.06011966798144449,0.11080795059570543,-0.0006396505050934066,0.00040803119890790886,0.0009022436808947092,0.012636919140414286,0.5070866141732283,0.5,0.0,0.5500447730835631,0.49291338582677163,0.0
industry_id,137,60,2506,0.017570844025139604,0.0117737387021635,-0.0030275259659485617,0.08527401555749248,0.12217721244083857,-0.00102054260926918,0.0008003494249559228,0.0020069833566793817,0.017357920637386504,0.4816440542697526,0.5043893246721411,0.03376216974665658,0.5689636572088083,0.5235434956105347,0.017158818834796488
industry_id,137,120,2463,0.024466757476404997,0.017176141233828802,-0.00550082180503136,0.15560663559986723,0.16011929702582506,-0.002044158123365622,0.002087275268746988,0.003456663681665738,0.02407583499399212,0.5010150223304912,0.5304236770872034,0.09106411433087683,0.5983685844700387,0.5391798619569631,0.1270807957775071
industry_id,137,240,2382,0.035607108491961345,0.025038838977296363,-0.011022411831712157,0.20146161352798306,0.2219242509235845,-0.004293322340164202,0.004112753772567328,0.006729089491547954,0.034446182152634085,0.48572628043660787,0.5325032175032175,0.10367599988659831,0.6191412841412841,0.5591939546599496,0.10873215785054575
industry_id,137,480,2232,0.06212351004725155,0.043928883928810884,-0.025639510303342074,0.2304984279671044,0.23882905275182142,-0.004941058657040292,0.006728296557483372,0.020698451646301783,0.05775656620242743,0.496415770609319,0.5591209791349707,0.13374963530085549,0.6497742508422082,0.6164874551971327,0.2446236559139785
industry_id,138,5,715,0.004331499286249309,0.002389533737778356,-0.0003216328109902333,-0.008534605272633802,-0.027829700330170327,-0.00016345273150974508,1.9459832135794137e-05,0.00015818007948048822,0.004319331544380947,0.5230769230769231,0.5,0.0,0.485051045211473,0.47692307692307695,0.0
industry_id,138,15,707,0.008346448501820564,0.004522104448349948,-7.842217992321263e-05,0.07187070426538715,0.03383718326259849,-0.00025726858593526467,0.00013288015310962298,-0.00017884640601205202,0.00835457784899551,0.5346534653465347,0.5,0.0,0.5171636030298644,0.46534653465346537,0.0
industry_id,138,30,698,0.01263739639377188,0.007055247765988614,0.00020207688696159898,0.11544372478090512,0.07143749028469577,-0.00032886820552182814,0.0002240025329492686,-0.0005309450924834271,0.012659681125018807,0.5444126074498568,0.49636536947241905,-0.04289368024900158,0.5236934808736375,0.4512893982808023,0.0071633237822349575
industry_id,138,60,681,0.018179955696513296,0.01093153670744962,0.0010047141973452082,0.17614032323107354,0.13626833129148516,-0.0004219454454607501,0.0004951218261360815,-0.0014266596428059585,0.01823283845325953,0.5477239353891337,0.5063297779332051,0.01798875989426663,0.5290216821122574,0.4419970631424376,0.14243759177679882
industry_id,138,120,655,0.025842531119960994,0.017340647580388627,0.0021456223942293543,0.22667504048002132,0.20212924629422813,-0.0007248386632267187,0.001643088000577389,-0.002870461057456073,0.02607598177352632,0.5557251908396946,0.549717529977365,0.10173031717455676,0.5892259198982359,0.4717557251908397,0.39083969465648855
industry_id,138,240,620,0.03976472808359034,0.029040026955701778,0.0024317965803587163,0.23945618596098076,0.2691905198339391,-0.001267253271596987,0.003245548786673163,-0.0036990498519557033,0.040342181155124966,0.5935483870967742,0.5850185372430063,0.17163533898149214,0.6375337040781934,0.44516129032258067,0.4129032258064516
industry_id,138,480,542,0.047578442838926704,0.038516286983690154,0.0013731438193611302,0.22061302939599747,0.24522381557179057,-7.62403141483802e-05,0.005028085322129866,-0.0014493841335095105,0.04841435089588202,0.5922509225092251,0.5915677089007517,0.18458267235242004,0.6491039328902931,0.5055350553505535,0.5627306273062731
industry_id,139,5,23357,0.005369102615497084,0.003184361897900513,-0.00024181901094271982,-0.011930319621321647,0.022334611226176772,-0.00016379125084522335,6.374347933542902e-05,7.802776009749646e-05,0.00536251499381022,0.5196351333989979,0.49996118051155436,-0.0008151142775421537,0.506123211315015,0.4802363924457197,0.002269710076656246
industry_id,139,15,23168,0.00964871798314293,0.005767249992513875,-0.00037542454047132353,0.0012969596288231878,0.028516050519364424,-0.0003145582502349513,0.00023836998172527545,6.08662902363722e-05,0.009638773503846716,0.5218667702801882,0.5012821324674223,0.008606463459416458,0.5107836442579633,0.4784354358243751,0.022665457842248413
industry_id,139,30,22939,0.013453798028416106,0.008289864495682725,-0.00045899117098583395,0.0034450691029836835,0.02930821284017727,-0.0003945147148173932,0.0004069604289207215,6.447645616844073e-05,0.013441208317505553,0.5250926531502071,0.5054699918534623,0.020380122399415578,0.5120400650412233,0.4767386091127098,0.07795945062132112
industry_id,139,60,22549,0.01880597559330964,0.012106802565445232,-0.0006183855345939167,0.020305881087919135,0.04615574820930345,-0.0005849474235590526,0.0007994010039501182,3.3438111034864206e-05,0.018795038118149757,0.5364555614688664,0.5171475319575117,0.046278065885939204,0.516347046489484,0.47121695937555436,0.16360652829519248
industry_id,139,120,22022,0.02625312776779434,0.01810234599670841,-0.000562771340819505,0.04326704224001209,0.07121512626135161,-0.0007870399849022867,0.00221690846692543,-0.00022426864408278167,0.026249399210262113,0.5316501680138044,0.524638589575315,0.05110333876583741,0.5308550952655033,0.4737535192080647,0.36513486513486515
industry_id,139,240,21475,0.036380217527979604,0.02596480469554429,-0.001050387586433555,0.048526097635677196,0.0817273722165584,-0.001638100991327515,0.004316940576666135,-0.0005877134048939601,0.036317998802422494,0.539930151338766,0.5356829795032151,0.07408419089245546,0.544821736997856,0.4841443538998836,0.3649359720605355
industry_id,139,480,20106,0.05259875399612571,0.03691458804699881,0.00019226454830033736,0.12790765206561905,0.16255446497079015,-0.0009787346966224012,0.00760679652343932,-0.0011709992449227386,0.05302750877065438,0.5635414076100472,0.5634295416748112,0.12639310071837145,0.5778611917269323,0.4566525739865705,0.4932106441183785
industry_id,14,5,5245,0.00336641403537389,0.002158097842634316,-0.00023451419217563645,0.00747788720107914,0.008759839839987373,-0.00014975970337264267,3.389154700977832e-05,8.47544888029938e-05,0.003358318055141595,0.4995229917954589,0.5,0.0,0.5036180208748664,0.5004770082045411,0.0
industry_id,14,15,5229,0.006216412903021254,0.003904463400538512,-0.0006231530060109916,0.0022267828134019474,0.01467907342985772,-0.00020797076120232687,0.00015123682162973532,0.00041518224480866476,0.006183588120897753,0.48861679739812514,0.5,0.0,0.5190169920440519,0.5113832026018749,0.0
industry_id,14,30,5205,0.00874019175512896,0.0056169097120122875,-0.0011377815055051276,0.0036799268370158035,-0.004773454334723412,-0.00026050521762615317,0.00023271089391949386,0.0008772762878789743,0.00866354944697571,0.47943889315910837,0.5035760596797716,0.025053266305714895,0.5022268560453104,0.5251729438893159,0.0207532667179093
industry_id,14,60,5158,0.01190409821382733,0.008006493797803294,-0.0019865330637915185,0.008921145362608515,-0.02714660948496181,-0.000250442479626285,0.0004564477116170763,0.0017360905841652334,0.01173236742569746,0.47382706475378056,0.4960820746157131,-0.008922724883684612,0.49414252035459205,0.5459480418766964,0.25746413338503293
industry_id,14,120,5077,0.016690265813690184,0.011845801228814047,-0.0034473442734409506,0.039231869963089534,-0.02684548177529837,-0.0002450149579866818,0.0012748171859977516,0.003202329315454269,0.016330619497491698,0.4939925152649202,0.4943818839466412,-0.011133785868976339,0.5028152224011472,0.5674610990742565,0.496356115816427
industry_id,14,240,4991,0.023598814719831586,0.017045271366943796,-0.006514391641783664,0.11806025794502539,0.002758381027834727,-0.0005123154078632633,0.002556797717022576,0.006002076233920401,0.02284116985916125,0.48867962332197956,0.4898803606983014,-0.019885250510650113,0.5164592643668827,0.5934682428371068,0.4916850330595071
industry_id,14,480,4661,0.032338955883942956,0.023568801329825893,-0.011858550719708677,0.03112875864098441,-0.10696531477895761,0.001284337015171643,0.004372918147805213,0.01314288773488032,0.02990320195563137,0.5462347135807767,0.48577051469374016,-0.02840683052211015,0.500164297315432,0.6726024458270757,0.6702424372452264
industry_id,140,5,2782,0.005314498990434951,0.0032937050587438454,-0.0001876620513915846,0.0023039865251079316,0.025716447586687157,-0.00016161694126791382,6.843136836920356e-05,2.6045110123670767e-05,0.0053109014590422676,0.5143781452192667,0.4987428509347136,-0.01661653404297669,0.5100796970425956,0.4841840402588066,0.005751258087706686
industry_id,140,15,2759,0.009496926819817324,0.005893719379581634,-0.00021020961495202487,0.002815958982814691,0.03676056296598888,-0.0003279593639022717,0.0002404469470510278,-0.00011774974895024686,0.009492232106905286,0.5299021384559623,0.4992639252675724,-0.004956119123489247,0.5035761623648947,0.46792316056542227,0.02247191011235955
industry_id,140,30,2729,0.01318618380193183,0.008363612391173007,-0.00026212860677700346,0.003850406144870106,0.04559712069092383,-0.00042140886623247026,0.0004126247175338799,-0.0001592802594554668,0.013178708155166727,0.5364602418468304,0.5062860428950949,0.022391332206134745,0.5115126676602086,0.46353975815316967,0.08574569439355074
industry_id,140,60,2682,0.019562317243657187,0.01256858843335189,-0.0003348482107919535,-0.003328659658102576,0.040987594093888816,-0.0006257357659471366,0.0008063254514424331,-0.00029088755515518314,0.01954014025218357,0.5260999254287845,0.5119793840049428,0.03164076000126186,0.5111645830977143,0.4783743475018643,0.17300521998508575
industry_id,140,120,2652,0.028961883328496342,0.01894386552490453,1.6256083615887948e-05,-0.015779590573571978,0.04175993299890078,-0.0009095482196676233,0.0022631621123037357,-0.0009258043032835113,0.02883762877398051,0.5188536953242836,0.5154049065372701,0.03259845226179588,0.5205534363741058,0.4894419306184012,0.33634992458521873
industry_id,140,240,2648,0.04138408116320326,0.028359489492804903,8.232966906668791e-05,-0.02811108403421538,0.06977531159749233,-0.0019856599003951953,0.004396528276318847,-0.002067989569461883,0.04102639314302603,0.5630664652567976,0.5579775101272941,0.12367863620141595,0.5586012772237939,0.48527190332326287,0.3255287009063444
industry_id,140,480,2512,0.06038028214037989,0.04292136503255904,0.00526270087616641,0.0820017834520047,0.19810552658211295,-0.0016304353035581935,0.007595981386449414,-0.0068931361797246035,0.06029508443367888,0.6142515923566879,0.6110860432153528,0.22275326841029838,0.6166386883457228,0.46337579617834396,0.4486464968152866
industry_id,141,5,13818,0.003672418146659001,0.002089442363036549,-0.00022959215807900362,0.01847976960751853,0.04652948453719526,-0.00014475948982580904,3.441916035784641e-05,8.483266825319456e-05,0.003665708801064502,0.5186553647757733,0.5,0.0,0.5184135419274535,0.4813446352242266,0.0
industry_id,141,15,13767,0.006803563898955926,0.0038438690344793605,-0.00046987662211031534,0.029466368806943907,0.06649038290273829,-0.00020867512318851057,0.0001348580914760296,0.00026120149892180477,0.006789953941305579,0.512831697564522,0.5,0.0,0.5332167667953194,0.487168302435478,0.0
industry_id,141,30,13701,0.00961765658422541,0.005642166820523976,-0.0008569167010418055,0.03359648733810914,0.07284328647941384,-0.0002637217633675351,0.0002034707626924106,0.0005931949376742705,0.009584082809914312,0.5012048192771085,0.5015998579259535,0.017763823607145568,0.5382757709792646,0.5004016064257029,0.008178167214311792
industry_id,141,60,13582,0.013230673098676218,0.008226372177193448,-0.0014993068415708817,0.03673562907467471,0.06926171645159154,-0.0002732252551977886,0.00036498072671550856,0.001226081586373093,0.013153794338741165,0.5132925841372707,0.5294541732989877,0.07404620725041308,0.5502957052580193,0.5264747035864202,0.1963325723543707
industry_id,141,120,13422,0.017573815873637856,0.011791021274480135,-0.002796251969264733,0.0469714245830928,0.06266768582470375,-0.00034780860072631647,0.0010129709514921732,0.0024484433685384166,0.017367977134989627,0.5273431679332439,0.5341878764096817,0.06866783103764816,0.5475338101119249,0.5487259722843093,0.4330949187900462
industry_id,141,240,13248,0.02392037818404223,0.016661878255096258,-0.005762589356169585,0.0848283104022547,0.11336639801045374,-0.0008180376310559476,0.002193498795492666,0.004944551725113638,0.02329884306129221,0.5579463948659872,0.5766261411376971,0.15182902228124467,0.6027221694262386,0.6016610041525103,0.4237070592676482
industry_id,141,480,12531,0.03482001664897742,0.023997220348974876,-0.010595811441181335,0.07629688628958073,0.11501534840836154,0.0001852661002689397,0.0038917143827917836,0.010781077541450275,0.03323785863593459,0.6060170776474344,0.5847427678477756,0.1651361358310278,0.6245449062716775,0.6471151544170457,0.5972388476578087
industry_id,142,5,10512,0.0034078802673058934,0.0020192972419907024,-0.00016226201868187553,0.016960798651804908,0.01857035992906274,-0.0001361938595646127,2.7621834395221094e-05,2.606815911726284e-05,0.0034043715726752603,0.5188256600896006,0.5,0.0,0.5025276544147341,0.4811743399103994,0.0
industry_id,142,15,10484,0.006015191790143339,0.003612240894830651,-0.00026889566276204463,0.030685794212484893,0.03746695948990116,-0.00020036921848433768,0.0001179123305785955,6.852644427770695e-05,0.00601164096721215,0.5088842185708827,0.5,0.0,0.51516926082265,0.4911157814291173,0.0
industry_id,142,30,10445,0.008519737272473037,0.005266123838564023,-0.00044049605474951804,0.05010643865146217,0.05080451749009935,-0.00024621036237947437,0.00017427187429920474,0.00019428569237004364,0.008515293844504057,0.5025867024334164,0.5008863654361794,0.01063607616431736,0.5234435534918099,0.49827553171105576,0.006993676949607204
industry_id,142,60,10367,0.011596021822130374,0.007663896264987448,-0.0006303829922635944,0.06996894737547614,0.05486392632984825,-0.000295647012260362,0.00033431245012994213,0.00033473598000323233,0.011597462585998093,0.49874493145394866,0.5089526554324577,0.029868408853816263,0.5224903045620835,0.5127437729291369,0.0997296775439274
industry_id,142,120,10263,0.015500514042763862,0.01109354237387301,-0.000887893077587073,0.11028510101477053,0.06039630443863218,-0.00041516291142221185,0.0009076961233107986,0.0004727301661648612,0.01554884933035369,0.5061908940235936,0.515582438996636,0.032074941065283864,0.5335659690844251,0.5375840889148874,0.3762308667251633
industry_id,142,240,10140,0.020851948232821084,0.016043098069338953,-0.0016926896859565845,0.19401288964707777,0.13779010058775293,-0.000891754464725082,0.0019217554489975883,0.0008009352212315024,0.021070294841359305,0.531024958074381,0.542036983832489,0.08635489102242475,0.58218004847931,0.5438492650685607,0.3781197592976226
industry_id,142,480,9531,0.02967216079566771,0.022712867810478054,-0.0028789944721501876,0.17927982245452959,0.13598081146765276,6.904951174847149e-05,0.0035961159688580953,0.002948043983898659,0.0299641946460054,0.5520461699895068,0.5418484948460962,0.08480417890638965,0.5735621901415986,0.5550891920251836,0.5971668415529906
industry_id,143,5,5312,0.0033730491817412053,0.002001788332656008,-0.00018347536300447376,0.002102566298069653,0.011301518043301323,-0.00012154385664613863,4.50377291903025e-05,6.193150635833512e-05,0.003367849018620191,0.5128885519332828,0.5005829770695686,0.024447523453574073,0.5061514181749374,0.4876800606520091,0.0005686125852918878
industry_id,143,15,5303,0.005988948041899848,0.0035694042776358305,-0.0003290965457221932,0.013702943896238816,0.023745069486573143,-0.00019239720404498907,0.00014464712356011011,0.00013669934167720416,0.005980131909757504,0.5078702825715912,0.5003850596842511,0.01977313672856302,0.5141877801971114,0.4925090081547506,0.00037929072634174094
industry_id,143,30,5283,0.008407558431282823,0.005178305840090765,-0.0004346360340288292,0.03681232320845965,0.03940202752900809,-0.00023129871345858754,0.000215539289381197,0.00020333732057024162,0.00840148774625589,0.5023786869647955,0.5043365491220146,0.04340006840829886,0.5226238425319027,0.5019980970504282,0.010085632730732635
industry_id,143,60,5252,0.011800450091430232,0.007470918533092118,-0.0005751486599792678,0.07013747882174964,0.0844383671011241,-0.0002633238365426919,0.0003787802023747117,0.0003118248234365759,0.011806934158347807,0.525702274030193,0.5268832926621562,0.06649424766101976,0.5457950248628316,0.5020064972291228,0.20580928721574623
industry_id,143,120,5208,0.016690205255116157,0.011220914601678091,-0.0008541567631525703,0.06659310926336628,0.05659596751938103,-0.00031948318018854455,0.0010275429100354155,0.0005346735829640257,0.016705199967384468,0.5201000192344681,0.5205489341146972,0.04110824859998749,0.544024058718983,0.5127909213310252,0.4829774956722447
industry_id,143,240,5156,0.02350501442092826,0.016584214028433176,-0.001682022873699374,0.08163508902030676,0.02717728797749706,-0.0006921204769567719,0.002215379794273526,0.000989902396742602,0.02352140332125936,0.5068999028182701,0.5074919197112226,0.01494066975202056,0.5249095746443563,0.538581146744412,0.49290573372206026
industry_id,143,480,4924,0.033348122720756025,0.02367133406849282,-0.0031825637813343577,0.04999981472327065,0.0546157733520929,0.00019485614262568552,0.004058104340879262,0.0033774199239600435,0.03315046182769653,0.5367886178861788,0.526869099612292,0.055312689888409865,0.55462143290443,0.5404471544715447,0.6247967479674796
industry_id,144,5,5573,0.004460022349916938,0.0026718244719497845,-0.00030983473335875,0.003670884113384035,0.04348838240492314,-0.0001327958798574805,5.750512135738926e-05,0.00017703885350126955,0.00444908679590543,0.5140743413929989,0.5012215382754741,0.01117360670858557,0.5185531633058399,0.48682785997834715,0.012089498376037532
industry_id,144,15,5537,0.008045797831954988,0.004812047666474253,-0.0006607601376482744,0.020014246431852362,0.05027911702070121,-0.00024395652141295085,0.00019528519644239356,0.00041680361623532366,0.008020150608231537,0.5062533985861881,0.5009255569376552,0.0069374546709817355,0.5213660126870434,0.4944716331339496,0.0181257930034439
industry_id,144,30,5496,0.011886684090891431,0.007141597132019714,-0.0010551946085113387,0.044592919471531586,0.0843202858648995,-0.0003038136769785377,0.0002971110428220961,0.0007513809315328012,0.011849284009060356,0.5082923273191179,0.5095829258960078,0.0346463468423934,0.5406314437098763,0.5015491160925825,0.08347002004738473
industry_id,144,60,5416,0.01716607192752204,0.010616609584942161,-0.001623428330164713,0.07385490783465247,0.10248671746916416,-0.00038004063890251797,0.0005308363897395045,0.0012433876912621951,0.017120137388958553,0.5421441774491682,0.5490506086760544,0.11642973146082798,0.5568025169769582,0.5127541589648799,0.23049907578558226
industry_id,144,120,5292,0.024626200540641616,0.01548357473919052,-0.002789679350664812,0.09737664123111425,0.13268434483558023,-0.0006742174770757932,0.0013490707885820082,0.0021154618735890187,0.02456218269930045,0.5666225666225666,0.573114520176401,0.15022404617062132,0.5877988831074443,0.5267435267435268,0.38253638253638256
industry_id,144,240,5175,0.0357149258774336,0.02278609886811438,-0.005345032678645942,0.13755220205715368,0.16554715649697127,-0.0013890167906686916,0.0028835034503275573,0.00395601588797725,0.03559363895559639,0.5783062645011601,0.5868375896014066,0.17510929200025893,0.6097868555219584,0.5483372003093581,0.42014694508894046
industry_id,144,480,4921,0.05593866427723912,0.036998316223111415,-0.012260343343192828,0.1564259415062757,0.19705429609066374,-0.000850748929403854,0.004947595876905157,0.011409594413788974,0.055133277524534806,0.5892276422764228,0.5847972206619426,0.168429878297676,0.6422166821044332,0.5723577235772358,0.5428861788617886
industry_id,145,5,16153,0.004132725584425874,0.002416119443752732,-0.00017694414769142263,0.011089215969932308,0.03141244466452332,-0.00013877449726220899,4.1533913245022604e-05,3.816965042921365e-05,0.004129187582218004,0.5183940242763773,0.5,0.0,0.5090542941666458,0.4816059757236228,0.0
industry_id,145,15,16106,0.007096424217219408,0.004140282094324217,-0.0002854482907926807,0.022437642149133376,0.037192482208258125,-0.00023425843958894648,0.0001646653666350707,5.118985120373417e-05,0.007092464335721624,0.5171919770773639,0.5002231417286376,0.00685688250980987,0.5135753252887744,0.4829948922386944,0.001058926124330385
industry_id,145,30,16034,0.009532757820146454,0.005836292438986883,-0.0003453893244470814,0.047745302824467185,0.05375666647023411,-0.00030191241444591643,0.00025243426036813114,4.347691000116494e-05,0.00953521379426002,0.5085339168490153,0.49955660750533526,-0.005489642941466295,0.5243125946177688,0.4909034073147859,0.006564551422319475
industry_id,145,60,15887,0.013115772129549204,0.00842378032773473,-0.0004385751561268343,0.07027236818668119,0.057595641887462905,-0.0004100451168772498,0.0004568216110545555,2.8530039249584502e-05,0.013132616236912554,0.4995272612669398,0.4979391722145459,-0.008817330123636545,0.5261865775183371,0.49820359281437127,0.0579892845887173
industry_id,145,120,15663,0.017528042313266008,0.012046055699910747,-0.0007452965258754288,0.10304397789801885,0.0551916115092743,-0.0007431995391206121,0.001218705746312681,2.096986754816718e-06,0.01759576423483785,0.49843420463986704,0.5035798956650087,0.008273975948893545,0.5263843539225129,0.5102575573592382,0.2492490573272832
industry_id,145,240,15440,0.023298564967200258,0.017241249963667528,-0.0015914159956540608,0.10100963875009701,0.05459737002208458,-0.0015834302064878841,0.0025033597700672423,7.985789166176726e-06,0.023363199994388264,0.496339013801594,0.5038052327709942,0.008756938538456821,0.5258543508156857,0.5150651201969805,0.2523164647184604
industry_id,145,480,14775,0.03418722402668121,0.02471260514347087,-0.0028374790104605694,0.15699045771861786,0.07016479300587751,-0.0013147921653585777,0.004511437604879798,0.0015226868451019917,0.03448492436856385,0.5056210212650684,0.5082364384819075,0.016562640679206663,0.5265513785460997,0.5228904239469051,0.4432480021671407
industry_id,146,5,912,0.0026335790454286383,0.0019232272851595063,-0.000165654632337782,0.06594048518051585,0.06888392079030807,-0.00011635961989572694,1.1864456211014785e-05,4.9295012442055065e-05,0.002629119650944122,0.49720044792833146,0.5,0.0,0.5426423082325087,0.5027995520716685,0.0
industry_id,146,15,910,0.004087480844628257,0.0029540347128938897,-0.00016271140218103048,0.023404031964907295,0.011639857850067069,-0.0001382799122938605,5.4270530441795584e-05,2.4431489887169994e-05,0.004085150776476762,0.5094339622641509,0.5,0.0,0.4876699297114522,0.49056603773584906,0.0
industry_id,146,30,907,0.005381342245714032,0.003928268716063652,-0.00026766388976293387,0.0665429579115163,0.04992497044127505,-0.00017541655943646323,6.903764315082555e-05,9.224733032647062e-05,0.005378833944644423,0.5106145251396648,0.5023101898101898,0.03462907161169286,0.5098251748251749,0.49162011173184356,0.004469273743016759
industry_id,146,60,902,0.007175396044522416,0.005469640312391766,-0.0002283593175897617,0.060285686078205065,0.03825412577054947,-0.0001826820580935118,0.00014438497665841712,4.5677259496249877e-05,0.0071790173922865385,0.5155902004454342,0.5155902004454344,0.06243532851374239,0.5041765665844912,0.5,0.066815144766147
industry_id,146,120,895,0.009832182309684263,0.007747965066952711,-0.0002638229382672604,0.05369808651170046,0.008039710677073868,-0.00026361509593718753,0.000539155463012253,2.078423300729063e-07,0.009842837493907294,0.4764044943820225,0.4759978588453925,-0.05149243310192418,0.4939047792186806,0.49887640449438203,0.31910112359550563
industry_id,146,240,886,0.01406361204629542,0.011420993101402762,-0.0006518698974569563,0.06298546560840394,0.03875807626650451,-0.0005098325301552481,0.0011821728581760625,0.00014203736730170817,0.01407332612654402,0.5265536723163842,0.5238697318007662,0.050337387440694895,0.504066411238825,0.4915254237288136,0.34124293785310733
industry_id,146,480,840,0.01769931253123705,0.014695734836089156,-0.00018979637019626914,0.006773068518316515,0.0032249616585979996,0.0005519286714150526,0.002448878888637484,0.0007417250416113217,0.017544647033555755,0.5011904761904762,0.5017404022766956,0.00357748212161322,0.4901103199619039,0.4976190476190476,0.6154761904761905
industry_id,147,5,3559,0.003993481674060018,0.0024246586638602585,-0.00014605844284214708,0.026520570132186682,0.04790724277944031,-0.00014671939079771983,3.439029960286652e-05,-6.609479555727598e-07,0.0039915737688469,0.5293288212069938,0.5,0.0,0.5294335931826503,0.4706711787930062,0.0
industry_id,147,15,3545,0.006820434724700667,0.004251369597707064,-0.00014666407530666449,0.0005965504128070793,0.033513277098908584,-0.0002445257708646373,0.00012400822797178042,-9.78616955579728e-05,0.00681780391078009,0.5334651228466535,0.5,0.0,0.5091334180171427,0.4665348771533465,0.0
industry_id,147,30,3527,0.009710941661950197,0.006133764411400545,-4.852612984668801e-05,-0.0019041715437605978,0.02483129311152107,-0.0003006333817633398,0.0001780509185194626,-0.00025210725191665177,0.009708848936949531,0.5232954545454546,0.501390903362622,0.018486882545315355,0.5048243321399598,0.4778409090909091,0.005681818181818182
industry_id,147,60,3490,0.013440118767096297,0.009059085339270087,0.00036387500507091455,0.014652036568267515,0.03604823605356358,-0.0003891518532067009,0.00032226195448305836,-0.0007530268582776154,0.013436049240712107,0.5362776025236593,0.5022437350470057,0.009783768988608336,0.5078953464131014,0.46171494121020934,0.05534843705190708
industry_id,147,120,3451,0.017884331112150032,0.012883129470808451,0.0009888093144466577,0.039812159958521325,0.014162774137750354,-0.0007064091983616003,0.0009956577456962717,-0.0016952185128082582,0.0178688791008362,0.5268038249782672,0.5105519803465783,0.024712794760949085,0.511225830249842,0.46884960880904086,0.23848159953636627
industry_id,147,240,3388,0.02359502155202555,0.017552907891788202,0.0019346400799552202,-0.005089470363162765,-0.022443814373796375,-0.0015333222767766707,0.001968288549358963,-0.003467962356731891,0.02342303923983391,0.5249483318571007,0.5019874844801799,0.004839791095742065,0.4800633917535975,0.45999409506938294,0.21287274874520223
industry_id,147,480,3218,0.037075510441016826,0.026680771605690448,0.0018271720565344858,-0.10544957362090346,-0.037460037744993964,-0.0014176764839121609,0.00369587034975705,-0.0032448485404466465,0.036457895403282335,0.520671433012123,0.5057806868124112,0.011855455104749552,0.49497670001286165,0.4401616412806963,0.3748834317687286
industry_id,148,5,6163,0.0039056550246643717,0.0023892818616570322,-0.0001268938958464624,0.04989424443255462,0.06507371574271031,-0.00012785318912825373,3.2059779784482075e-05,-9.5929328179132e-07,0.003905061374927783,0.5208197787898503,0.5,0.0,0.5320524277723572,0.47918022121014964,0.0
industry_id,148,15,6142,0.007030014664096838,0.004116941172798269,-0.00012458226751607844,0.04739111516627796,0.05516868664002221,-0.0001853860246783278,0.00013410699558600997,-6.080375716224936e-05,0.007033989587074504,0.5156504727746984,0.5005736424540107,0.010906655688865645,0.5255041051986414,0.48483860449951094,0.0027714378871861755
industry_id,148,30,6117,0.009671651189813916,0.005863483424753305,-0.00011802741330064951,0.06242577140981313,0.05417740998280749,-0.00023835875530261243,0.0001898503917752401,-0.0001203313420019629,0.009680926153793823,0.5165302782324059,0.5033293591261133,0.023887339454209386,0.5218462017190921,0.48625204582651393,0.019803600654664483
industry_id,148,60,6067,0.013383016782562289,0.00835997635201095,-0.00011298347931812822,0.07478058741349068,0.0635761454596371,-0.00027614662703437517,0.00036010799271328183,-0.00016316314771624697,0.013404650131750183,0.5227572559366754,0.5178871086786988,0.05307759667797178,0.5237067727481618,0.49340369393139843,0.13060686015831136
industry_id,148,120,5988,0.01763717157310838,0.011846979084131098,9.883389568840868e-05,0.14353078098793898,0.11472837120838815,-0.00034847259264079755,0.0009754381593228084,-0.00044730648832920624,0.017750461808013825,0.5253925826929502,0.5235322896281801,0.047616316636538515,0.5477707333637152,0.4878048780487805,0.42315402606080854
industry_id,148,240,5927,0.024560186595179938,0.016744984232110755,0.0002912327198131638,0.20313825718555498,0.18867095111023718,-0.000659945006779283,0.0020381168899068574,-0.0009511777265924468,0.024891262837994817,0.5616669478656994,0.5608419687347561,0.12182535370931051,0.5946394786390637,0.48456217310612454,0.4714020583769192
industry_id,148,480,5612,0.03370825591251074,0.02448453683137413,0.001128435956767687,0.22986097592618301,0.18894894014828947,0.000602990149225192,0.0037801752597832606,-0.0005254458075424948,0.034356799700807426,0.5466048832650151,0.5479359414960012,0.10220604140933456,0.5998067053535489,0.49616824095526646,0.6733202637675993
industry_id,149,5,2067,0.0040223723754512835,0.0025048826690638945,-0.00017600901233029401,0.023817084621320993,0.01414019671541143,-0.000121807309319014,2.6096450692141992e-05,5.420170301128003e-05,0.004019056524791138,0.5281553398058253,0.5,0.0,0.5134803921568627,0.47184466019417476,0.0
industry_id,149,15,2059,0.006915039499162418,0.004266806679046311,-0.0002475856880224149,0.05083037946709739,0.0596677923794906,-0.00017417927143057005,8.157992004760651e-05,7.340641659184482e-05,0.006914272244689048,0.5359572400388727,0.5,0.0,0.5201217052019006,0.4640427599611273,0.0
industry_id,149,30,2046,0.009551196224511527,0.006001047975255533,-0.0003039865696396529,0.1009033415861597,0.11909654189416213,-0.00021201262757597939,0.00010263939377654482,9.197394206367351e-05,0.009556167985288475,0.5376344086021505,0.5037398152317187,0.056379329134432964,0.5423792924352144,0.4657869012707722,0.004398826979472141
industry_id,149,60,2024,0.013182099636956837,0.008710500040670529,-0.00017568208090338152,0.1405661640698676,0.12238782913642007,-0.0002744997394545668,0.00022858124421391634,-9.881765855118532e-05,0.013211116699872674,0.5392980721700444,0.5172929714683369,0.06257928274968302,0.5352264596626384,0.4735541275333663,0.08304498269896193
industry_id,149,120,1991,0.017704871426791658,0.012298725510876605,0.00046931463640261943,0.1979536583529457,0.19193833377056552,-0.00029857642771753364,0.0007169177160361902,-0.000767891064120153,0.017826610015710277,0.5740833751883475,0.5645031684982802,0.13260118954979003,0.5863174512230058,0.4590657960823707,0.37769964841788045
industry_id,149,240,1975,0.025405605665343698,0.018067231501264026,0.00022560919054797788,0.23060758924019537,0.27415394301174456,-0.0005614154029319275,0.0015018706887513955,-0.0007870245934799054,0.02570887887981073,0.5918987341772152,0.5828334557100129,0.16775564382331629,0.6228236655756475,0.4470886075949367,0.40556962025316456
industry_id,149,480,1917,0.03537776785079102,0.025557374186756847,-0.00020611552295594302,0.3009525198110712,0.32029399396782005,0.000670135281307173,0.0028687273161322473,0.0008762508042631159,0.03613458194525361,0.6087636932707355,0.6157502131287298,0.2359319566703675,0.6455745731960566,0.4679186228482003,0.6014606155451225
industry_id,15,5,6546,0.004540335226066873,0.0023849379285303474,-0.0003188286736596438,0.007491708789330377,0.03731244506111142,-0.0001414317611526972,4.38383489288866e-05,0.0001773969125069466,0.004529243365820602,0.5036708473539309,0.5,0.0,0.5249823948357561,0.49632915264606914,0.0
industry_id,15,15,6513,0.007036497330091832,0.004205970998796207,-0.000661658807452252,0.0151875951018385,0.042652853274508115,-0.00023383777627527172,0.00016351131903896154,0.0004278210311769802,0.007005894834863886,0.49285384970032275,0.5001514692517419,0.01221805194977658,0.5260021113093954,0.5072998309512833,0.0001536806516059628
industry_id,15,30,6481,0.009966177586428105,0.006027123327794951,-0.0011121893966346433,0.042702092633311255,0.05046452337147301,-0.00030743730991079774,0.0002531332400201454,0.0008047520867238455,0.009911504791322964,0.4895817255749344,0.5028665852260644,0.01852022248903191,0.5330801903840964,0.5139682049699028,0.02454082420126563
industry_id,15,60,6429,0.014236848397020737,0.008965204179387449,-0.0019262884954695102,0.07550492407020101,0.06255093891189208,-0.00037056432898959754,0.000442593628480734,0.0015557241664799126,0.014132442523243655,0.5061459467869924,0.5236265165612026,0.06756554221487468,0.5408507885293178,0.5243503967636534,0.14221254084331725
industry_id,15,120,6336,0.019744874413619606,0.012825310963001995,-0.003214114693986056,0.11211143819624565,0.08288723471972027,-0.000587100856490805,0.0011500869680134349,0.0026270138374952508,0.01957690585167945,0.5087636191378494,0.5273376260503144,0.05872351738470272,0.5492989009771888,0.5487130901626401,0.312016421916943
industry_id,15,240,6258,0.02815865382557744,0.018663079884758692,-0.00646282497748425,0.12556665230669067,0.11871922208261007,-0.001165190264335591,0.0023281817869519345,0.005297634713148659,0.02760180394273588,0.5232539555697618,0.5535656944918521,0.11177773216767568,0.5895849399291202,0.5868627137605882,0.33482499600447496
industry_id,15,480,5872,0.03776837397920086,0.024909494876861945,-0.010114910328185208,0.12072607954428989,0.10435685436764351,-7.755917773981088e-06,0.004180664379002968,0.010107154410411226,0.03665600074231477,0.5654173764906303,0.5539172938158516,0.10469795492147127,0.5830890450120811,0.6321976149914821,0.5577512776831346
industry_id,16,5,7420,0.004050769942765277,0.002447443523866869,-0.0002328356830482837,-0.017808421037843535,0.013874037363168912,-0.00016146452582242485,2.7219184114660243e-05,7.137115722585884e-05,0.00404349647906874,0.5248313090418354,0.5,0.0,0.5074394028146443,0.47516869095816466,0.0
industry_id,16,15,7393,0.0069234959273619,0.004377466034602528,-0.00041238883892860396,0.009193562171208097,0.02450414712474606,-0.0002625987631711974,0.0001407351075787786,0.00014979007575740652,0.0069110642297944775,0.5234872072559903,0.5,0.0,0.5051938973717,0.47651279274400976,0.0
industry_id,16,30,7352,0.00958115381558556,0.00623613959676476,-0.0006686959573278434,0.008178193466392715,0.02773186707785726,-0.0003393160717820767,0.00022485854999247876,0.0003293798855457667,0.00955698394707076,0.5134068327208384,0.4992601798232857,-0.014193265417362402,0.5118730180673202,0.4857765074179937,0.0027221995372260785
industry_id,16,60,7268,0.013103549199665599,0.008829673371788567,-0.0010412551611889739,0.010154722402740604,0.02298150270317246,-0.0004365280816557609,0.00041058897193784665,0.000604727079533213,0.013059828090477267,0.5114230663363611,0.5020749124225277,0.00844209023476899,0.5110478938769106,0.48926507018992565,0.06454720616570328
industry_id,16,120,7139,0.017882896967329778,0.012654038711775801,-0.0013102553948888178,0.033213283246653354,0.04436455906226092,-0.0006700321808740789,0.0012368551155137607,0.0006402232140147389,0.017833019535132263,0.5047632390025217,0.5042517161680934,0.009303514580771903,0.5260523501924997,0.49873914261697955,0.29714205659848697
industry_id,16,240,7052,0.024140525540851512,0.017584115600449837,-0.0022964546357587363,0.08473503763616874,0.06049084432345655,-0.0013539548572808556,0.002529555859661262,0.0009424997784778806,0.02411284738567877,0.5031910367323784,0.5067171193062312,0.014595835296635027,0.5260488069409079,0.5090058147780456,0.30435399234151184
industry_id,16,480,6638,0.03537818662400812,0.024397126011222937,-0.004653437690063155,0.05572129034640743,0.05690437210576341,-0.0005705766441039831,0.004619816612364553,0.0040828610459591715,0.0350235718734777,0.5115998794817717,0.5123846870513487,0.024771130722106804,0.5354634136851124,0.5191322687556493,0.4799638445314854
industry_id,17,5,6039,0.003467744994610662,0.0021353903469916126,-0.0002163451982293118,0.011839259984113224,0.0310507153284613,-0.0001248994673777648,3.413033343711409e-05,9.144573085154697e-05,0.003461225568009811,0.5102414654454621,0.5,0.0,0.5122010616981666,0.4897585345545379,0.0
industry_id,17,15,6022,0.00595965767820135,0.0036884950721258135,-0.00043513873443405275,0.019843162249725377,0.04329656585614313,-0.0002045922208962694,0.00012464420496401346,0.00023054651353778335,0.005944917601870771,0.5028305028305028,0.5025060420791516,0.022276015057492504,0.5217875239590131,0.4996669996669997,0.01282051282051282
industry_id,17,30,5996,0.008404965992594061,0.005318550135122531,-0.0007024551201074126,0.026450771251349522,0.05315420057234338,-0.0002630397490906595,0.0001858338049981206,0.00043941537101675304,0.008378415319052207,0.5017543859649123,0.5076192390812685,0.043235379491184604,0.5299149508859515,0.506265664160401,0.03208020050125313
industry_id,17,60,5948,0.011988254222075088,0.007829350437122613,-0.0011467184259995706,0.03777041991112061,0.06156547394510854,-0.0003187186124223512,0.00032463230817243326,0.0008279998135772193,0.011941135726846625,0.49646464646464644,0.5154192097654995,0.04980973846769601,0.5392095246027732,0.524074074074074,0.10707070707070707
industry_id,17,120,5873,0.016892998893391065,0.011350662760283611,-0.0021046278012002376,0.0684723022115101,0.07763428054224183,-0.0005228835992888457,0.0009670156484217673,0.001581744201911392,0.016799809289942035,0.5026400953840913,0.5188288608805707,0.04203196605720344,0.5496152388062313,0.5358541986033044,0.2755918923522398
industry_id,17,240,5795,0.023257534328331546,0.016579069640371986,-0.0042066246274473995,0.11515826530758635,0.11173158334385107,-0.0010550061688072195,0.002064945546243442,0.0031516184586401798,0.023019581229717215,0.510961505264975,0.5352346912129521,0.07638227986155878,0.5587634736185461,0.559295701708959,0.2994993958225444
industry_id,17,480,5421,0.03399167444243024,0.024344402203703795,-0.007259350635150126,0.11721015524381061,0.12167431855941183,-0.00029320841877357207,0.003933186838180318,0.0069661422163765545,0.03343794578571835,0.5489762036524627,0.5518355450980217,0.10251249712583686,0.5737071127912247,0.5753551005349566,0.488839697472791
industry_id,18,5,4154,0.00482128496532435,0.002910634759236854,-0.00023665657246401675,0.012096752276951513,0.0014729247475013152,-0.00014746835667712947,3.260414763332646e-05,8.918821578688727e-05,0.004815757267953822,0.5216763005780347,0.5,0.0,0.49512190132404205,0.47832369942196534,0.0
industry_id,18,15,4125,0.008720015502632024,0.005154009893081875,-0.0004215222460955402,0.017401607065491348,0.022756724070583694,-0.0002698559413194854,0.00013166175662145948,0.00015166630477605477,0.008711117671291794,0.5230470645317807,0.5,0.0,0.5044299001390994,0.4769529354682193,0.0
industry_id,18,30,4094,0.012099285461272714,0.007441231149049754,-0.0005225684046492463,0.029518469504048076,0.03911908351388137,-0.00035591922463053217,0.0001969068390541448,0.00016664918001871418,0.01209220525059893,0.5258915486077186,0.49979347940537383,-0.007621522039276936,0.5120558491035618,0.4738641914997557,0.0007327796775769418
industry_id,18,60,4044,0.01726200704186226,0.011042840812252121,-0.0008909180541986419,0.04248292336603576,0.08184772888251653,-0.0004998455416098187,0.000345615435352447,0.0003910725125888231,0.01725022503412528,0.5372248330447688,0.5049886548847912,0.03373728979954424,0.5436577978922423,0.4662379421221865,0.022260697501855057
industry_id,18,120,3955,0.025027970013111182,0.016608516552068218,-0.001462555118457678,0.024902075094606253,0.07048597438751655,-0.0008834977033851237,0.00112064824614336,0.0005790574150725544,0.02498797741583731,0.5289506953223767,0.5128482733112851,0.031731484787803105,0.5365464789339308,0.4725663716814159,0.20581542351453855
industry_id,18,240,3874,0.03609983058067338,0.024575197643029893,-0.002493320292589334,0.031008047092515333,0.10199096142833391,-0.0017112952569266662,0.002306606719023246,0.0007820250356626681,0.03601127577442458,0.5467217346411978,0.535117508813161,0.08213616792640979,0.5588697788697788,0.4775425916365514,0.24006195147134746
industry_id,18,480,3600,0.045845502021806726,0.03375423204081623,-0.003502813791332705,0.0334438585773694,0.08682562334019606,-0.001178871238549214,0.004252261440926276,0.0023239425527834907,0.04565571385196883,0.5363888888888889,0.5312540672400778,0.06326153480987941,0.5549441525328137,0.4683333333333333,0.41694444444444445
industry_id,19,5,6584,0.003326384748258489,0.002084410159045627,-0.0001909290672233733,-0.0007300368523286888,0.019910985648608968,-0.00012926986655966373,3.3130440449077116e-05,6.165920066370955e-05,0.0033207112681272843,0.5082669932639314,0.5,0.0,0.5057806568740716,0.49173300673606857,0.0
industry_id,19,15,6558,0.0054884246140261776,0.003608205139298869,-0.00036479454529393066,0.0266299786624898,0.0436686052524965,-0.00020311377967054941,0.00012031781204034775,0.00016168076562338122,0.005478171053698306,0.5062087996320711,0.501449457945788,0.01713682621410807,0.5217714374895994,0.4951709336195002,0.007205273647094895
industry_id,19,30,6528,0.00762241924573939,0.005144058115851942,-0.0006207778855943391,0.041894453639978665,0.053415938047362485,-0.0002612996649897432,0.0001812837071050952,0.00035947822060459583,0.007602534141253898,0.49185367353212417,0.5025402936860311,0.014820819292555092,0.5315636986146595,0.5113741162004304,0.030279741776821394
industry_id,19,60,6470,0.0107884564554063,0.007488519917959346,-0.0010232428990058675,0.0560862058980854,0.0634243767274399,-0.000317294367389693,0.00032889180574064824,0.0007059485316161746,0.010753246576059727,0.49628137589092036,0.5098148552439352,0.034570421577066225,0.5387386704066113,0.5164239231484351,0.08831732259064146
industry_id,19,120,6368,0.014689233432524911,0.010570316676645623,-0.0017276720867655368,0.05537643591775666,0.06038656825828137,-0.0005004307193568326,0.0010061583550020476,0.001227241367408704,0.01460836250834156,0.5023570081709616,0.5147798014137615,0.0325713939780423,0.5363826352793432,0.5292269013199246,0.288340666247643
industry_id,19,240,6268,0.020519946446307728,0.014429961024685427,-0.0031680093161738448,0.07630286257890807,0.0908842414949911,-0.0010459754252289235,0.0020677178047140057,0.0021220338909449213,0.020326594132951067,0.5166906245008784,0.5305517016416614,0.06665119985545592,0.553190333365659,0.5339402651333652,0.2978757386998882
industry_id,19,480,5844,0.029113952967290743,0.02134448929366845,-0.004757228028500183,0.09770629175173005,0.11220052551978957,-0.000283891113145799,0.004001458515437772,0.004473336915354384,0.028836217264895124,0.5429647381033893,0.5466183574879226,0.09247965673461205,0.5710778627484676,0.5669291338582677,0.47894556658678533
industry_id,2,5,1809,0.005753838031030649,0.0032475442310258167,-0.00033224161768995956,-0.001810181972128865,-0.003254536583817738,-0.00012550903619729426,3.3091074695078504e-05,0.0002067325814926653,0.005744082557252817,0.5046987285793256,0.5,0.0,0.47895416894852133,0.4953012714206744,0.0
industry_id,2,15,1796,0.009616272901408455,0.005811420415254623,-0.0008543412634978312,0.023719236738551423,-0.003682304511999692,-0.00026232444762559125,0.00012800042755294313,0.0005920168158722399,0.00958042771255798,0.48329621380846327,0.5,0.0,0.49279209041792466,0.5167037861915368,0.0
industry_id,2,30,1786,0.01312495371725348,0.008358420817968188,-0.0015058844551724833,0.014406631716530779,-0.03701151023955849,-0.00033131708649262445,0.00017371928904950012,0.001174567368679859,0.01303962470663619,0.46976483762597987,0.49881093935790727,-0.035492409135658376,0.4765251747415838,0.5291153415453528,0.0011198208286674132
industry_id,2,60,1763,0.018614964652389696,0.012637119618461073,-0.0026257753662830364,0.011766435093316341,-0.03228905293849451,-0.00041846244443938035,0.00033918039464560674,0.002207312921843656,0.0184297116986053,0.43335224049914917,0.4973786220999483,-0.009550625218416068,0.4692865951996964,0.5762904140669314,0.07997731140102099
industry_id,2,120,1720,0.02517534080427971,0.01849649142298742,-0.005168440193438073,0.06996051275177713,0.024567661394851382,-0.0010438076219437536,0.000958692469919034,0.004124632571494319,0.024687598998469718,0.39127906976744187,0.47278349408686904,-0.08852889032588258,0.5025935280457003,0.6034883720930233,0.10058139534883721
industry_id,2,240,1686,0.033697864704504796,0.026823720367871676,-0.011285659582583325,0.05313758953917561,0.04118765075183196,-0.0020193868397289285,0.001948605028634501,0.009266272742854397,0.031795714078872474,0.43119810201660735,0.4977444693601899,-0.006388513792703002,0.520774777688897,0.5925266903914591,0.13997627520759193
industry_id,2,480,1524,0.04766839531628016,0.03800909466310278,-0.025630343679684902,-0.008937338552148838,-0.04052032669306043,-0.002162448669236222,0.0033446352627379545,0.023467895010448683,0.04002227014339813,0.41601049868766404,0.5319007721677355,0.060873473622368744,0.544233717759858,0.7526246719160105,0.286745406824147
industry_id,20,5,5602,0.004460454632567422,0.0028803058783895717,-6.85430684392119e-05,0.04104260770098055,0.04601416208012076,-0.00015900177660497247,2.7371751115584873e-05,-9.045870816576058e-05,0.004460967511400059,0.523852063605503,0.5,0.0,0.5168183004896478,0.47614793639449704,0.0
industry_id,20,15,5584,0.008135892984155985,0.00531592942802892,-0.00022138560743533055,0.05263938777312269,0.061553889023866125,-0.0002558237667659617,0.00013256116371990025,-3.44381593306312e-05,0.008138780893070992,0.5249865663621709,0.5,0.0,0.5247905187847388,0.4750134336378291,0.0
industry_id,20,30,5558,0.011990584325444927,0.00791125058638571,-0.00044126525176166196,0.06915626932035374,0.06716119134280231,-0.00031104162210036744,0.0001844106175432273,0.0001302236296612945,0.011993802887737416,0.5101673564873133,0.501449282498265,0.014138265733837491,0.5310107582500908,0.49109231599784053,0.010617239517725391
industry_id,20,60,5508,0.0173059630888536,0.011636654110036547,-0.0008581989419130667,0.0896543051485759,0.07422850744448006,-0.0004221125419345717,0.0003983399256780985,0.00043608639997849496,0.017315830184075235,0.5034507809662186,0.5027221326763588,0.009122564649561847,0.5324321835222241,0.4990918997457319,0.09880130766436615
industry_id,20,120,5437,0.024401898999557633,0.017373303144739102,-0.0013949955140121547,0.10931655500113271,0.07494309519557657,-0.0005606161322616742,0.001178789156675657,0.0008343793817504805,0.02446265913928754,0.5112214863870493,0.5182728765471196,0.039145453792296524,0.5349272560941222,0.5194996320824136,0.3199043414275202
industry_id,20,240,5344,0.03220142897416491,0.023987426075902398,-0.002555883709287011,0.1855019608230876,0.1552011953597218,-0.001207467241612337,0.002438764664153556,0.0013484164676746744,0.03246265297009403,0.5222679640718563,0.5380394469252279,0.08129782496203736,0.5910131910700829,0.5428517964071856,0.31923652694610777
industry_id,20,480,5120,0.03978401923819786,0.030636662353133205,-0.005547633259393692,0.19839023936645972,0.18719941421327005,-0.00027151744617412985,0.004500565044200584,0.005276115813219562,0.04004046171454965,0.5810546875,0.584081951892285,0.16706344406815238,0.610531816952916,0.5591796875,0.484375
industry_id,21,5,5232,0.004697284986827525,0.0027188894679621603,-0.00021806746418958297,-0.010452159581477884,0.03082356268806409,-0.0001504342702072504,6.245515309764917e-05,6.763319398233258e-05,0.004691152043644802,0.5253491486512339,0.4994742383392185,-0.016984528468300848,0.510076376735131,0.4740769083604362,0.0009565716472163765
industry_id,21,15,5198,0.008261339401894103,0.004911986865341516,-0.0004412932977572902,-0.0011981215317629472,0.044979627209795106,-0.00030258492807829564,0.00018972142506982088,0.00013870836967899458,0.008247135588667982,0.5282909930715936,0.5,0.0,0.5180494337466065,0.47170900692840645,0.0
industry_id,21,30,5155,0.011622862280723817,0.007112126443595972,-0.0006156131314799576,0.022712996150598352,0.04508438224182591,-0.0003947965384670556,0.0003277020563724334,0.00022081659301290195,0.011609365989226928,0.5219247186651145,0.5023938512771631,0.02267596089474568,0.5149586294477492,0.4800155219247187,0.011253395421032208
industry_id,21,60,5088,0.01611993914664445,0.010269995421280095,-0.000953648310597758,0.04704570431340511,0.0632784436901377,-0.0005677952323318587,0.0006139499329074264,0.0003858530782658993,0.016108899028505333,0.5184748427672956,0.5029722167692521,0.01409560327107852,0.5244617918506174,0.4829009433962264,0.04658018867924528
industry_id,21,120,4979,0.02136052430190228,0.014467560078677949,-0.0013368115773636248,0.05757563118075047,0.07253243689718436,-0.0010658682191397094,0.0016783376510979607,0.0002709433582239155,0.02134933596819531,0.514561156858807,0.5046212482442164,0.011630081277878016,0.5284502358920286,0.4836312512552721,0.1962241413938542
industry_id,21,240,4885,0.02945145356033148,0.021032955521108287,-0.0020762013609249034,0.12915315086508927,0.14431899741417809,-0.0021541879616035274,0.0034479745775207534,-7.798660067862377e-05,0.029623858263757435,0.536949846468782,0.5244833433948547,0.058497025631761894,0.5648829554467769,0.47717502558853636,0.22579324462640737
industry_id,21,480,4578,0.047156474120082004,0.03515705791645613,-0.007614752390684065,0.13620727949585273,0.11453864136614954,-0.002060967630052381,0.006005694612330301,0.005553784760631684,0.04697372737147163,0.5323285277413717,0.5351410561566361,0.07224000541858851,0.5376756709066521,0.5120139799038882,0.3837920489296636
industry_id,22,5,25093,0.0055051943857720624,0.0034609080154504395,-0.0003437116922875843,-0.006364617689908499,0.003066157043842457,-0.00017176879775270598,4.015687378483281e-05,0.00017194289453487834,0.005494051924492771,0.5038870948451142,0.5,0.0,0.5007122596788005,0.49611290515488576,0.0
industry_id,22,15,24920,0.01055236493999719,0.006527056843158824,-0.0009018075015945142,0.00811440020491774,0.009637018323516709,-0.00033334747981438923,0.000188996120948415,0.000568460021780125,0.010513594847362065,0.49656860777782236,0.5001041548611497,0.0021800996680051816,0.5065752383004334,0.5035517919492716,0.0022875948147850866
industry_id,22,30,24695,0.015009223011618224,0.009525567365684615,-0.0016445527372428964,0.0049276402378382175,0.009200415416539586,-0.0004461903842808601,0.000293891554908645,0.0011983623529620362,0.01491740781763927,0.486349643551523,0.5007154766380154,0.006706621921024672,0.5114158775318075,0.514703499675956,0.011503564484769928
industry_id,22,60,24339,0.020924371634239974,0.0137524455108763,-0.003241936162689706,-0.02509676765918233,-0.013164090796220919,-0.000607618301707432,0.0005193631857938456,0.002634317860982274,0.02065214434530428,0.46548607116443425,0.4985427824348099,-0.006274797294318088,0.5049423775674954,0.5373079135508259,0.056865806557646476
industry_id,22,120,23879,0.0286385163592535,0.020109435855950503,-0.006029513492845019,-0.04951882557527188,-0.03696868730378581,-0.0010209316162293745,0.001426618472455475,0.005008581876615645,0.027889672706339554,0.4657844040539409,0.5016178040730345,0.0037582666250899786,0.49690616224435713,0.5685568305553229,0.23888097830639082
industry_id,22,240,23370,0.04065441563586592,0.02929323513270247,-0.01253144225776536,-0.01209301475147632,0.002393459647782052,-0.002187318064210236,0.002873728306042456,0.010344124193555125,0.038533205632841586,0.4554985023534446,0.5159450201130978,0.03706420813249386,0.538908719149261,0.6097988874625588,0.22824133504492938
industry_id,22,480,21897,0.06078109239005808,0.042830118078144054,-0.025592918175587346,-0.055131068618700665,-0.02857868772627401,-0.0016934976612025523,0.005127790581376058,0.023899420514384793,0.054609278937677426,0.48572863862629584,0.5235854912140667,0.04427833619439133,0.5355389037555931,0.6918299310407818,0.41037585057313786
industry_id,23,5,5793,0.006269958252439399,0.003698221698406138,-0.0005620496904473982,-0.044986588946142,-0.031008926450621692,-0.00017848109624987087,4.9185749407992304e-05,0.0003835685941975273,0.006242309884013174,0.49223066298342544,0.5,0.0,0.4862114631121992,0.5077693370165746,0.0
industry_id,23,15,5719,0.011882186576952138,0.007002807320673296,-0.0017827965784098325,-0.07386041018789663,-0.03806540073884175,-0.0003531104090958534,0.00024043523160934582,0.001429686169313979,0.011727474451127363,0.4702693249387898,0.49956651747059816,-0.011577148559420778,0.49540951699783087,0.5293809024134313,0.0013990905911157748
industry_id,23,30,5621,0.016773276807437638,0.010268039368743407,-0.0031891891431861147,-0.10105005245581268,-0.05813182948914537,-0.00047177943572254704,0.000383524369078665,0.0027174097074635674,0.01642412121586614,0.4544483985765125,0.5023058062329974,0.021796105300674246,0.4870052010907266,0.548932384341637,0.011209964412811389
industry_id,23,60,5475,0.02366178497506757,0.015055746120612378,-0.006364930323783001,-0.17843387196677188,-0.11971108810479723,-0.0006341523464533105,0.0006707318968718379,0.0057307779773296905,0.022660401513627693,0.43397260273972604,0.5029665031183799,0.010391376882253202,0.4733764838005939,0.5833789954337899,0.0867579908675799
industry_id,23,120,5279,0.03262616458803039,0.022676951072804017,-0.012299792563266491,-0.2415979049528426,-0.1792198671328701,-0.0010692496551498456,0.0017539262073299443,0.011230542908116646,0.029747185171775416,0.4315211214245122,0.4824983660130719,-0.03627331315846183,0.46622798008092126,0.639325629854139,0.31218033718507293
industry_id,23,240,5095,0.048255834377625276,0.03387462615102993,-0.024551777941965034,-0.33738834969680565,-0.23310591174163883,-0.002152712859651595,0.0034056265040852333,0.02239906508231344,0.04027027273505371,0.42913231252453865,0.5156863913454075,0.030391646356834105,0.4805523042886898,0.721044365920691,0.3111503729878288
industry_id,23,480,4977,0.08769612524137327,0.06010561469715279,-0.053606168941495246,-0.4570515806241317,-0.3077273538234869,-0.0018652959591014843,0.0060995276962860475,0.05174087298239376,0.06640437287545008,0.4550934297769741,0.4785958710938969,-0.03336451535342281,0.4641723654452568,0.8157524613220816,0.44926662648181637
industry_id,24,5,19017,0.005211158344457401,0.003469288957683911,-0.00024982222869749196,-0.009236010743330962,5.2502500315571924e-05,-0.00017863681572555186,2.805780288953722e-05,7.118541297194007e-05,0.0052048319206183845,0.5116474733133513,0.5,0.0,0.5027590313726346,0.4883525266866488,0.0
industry_id,24,15,18936,0.00979654145544154,0.006433283944584878,-0.0007267859620539835,0.009992073578803136,0.020257726859969818,-0.00033840976104992655,0.00016306863327041453,0.00038837620100405694,0.00976981335649042,0.5083438952260245,0.5,0.0,0.5086764319602545,0.4916561047739755,0.0
industry_id,24,30,18826,0.014331110673749972,0.009522283847615349,-0.0013752955752776813,0.0062741289092447606,0.01563249842257403,-0.0004290874631883226,0.00026537934658687877,0.0009462081120893588,0.014264163816468771,0.4953256135132264,0.5008359054390663,0.023425078317566038,0.5072818960497135,0.5055242749389143,0.0012748326782109848
industry_id,24,60,18623,0.02109349138878989,0.014468914971342926,-0.0025601970682209356,0.0004425703682823022,0.010531206358912273,-0.0006004598124795227,0.000484062150905704,0.001959737255741413,0.020932162392707496,0.48542125328894375,0.5025923819899387,0.011709772920747744,0.5075780687097511,0.5191429952209633,0.05160285668259679
industry_id,24,120,18333,0.02972119169101331,0.021565121179814094,-0.004644160412058001,-0.004728254112333511,0.01886432607394672,-0.0009386269461661447,0.0014286503396948825,0.0037055334658918563,0.029314568506234616,0.4953908252877325,0.5209910694617725,0.048303424820113135,0.5227493232837523,0.5505372824960454,0.24884088801614576
industry_id,24,240,18103,0.040281729228774765,0.030853088796444463,-0.009257373179270993,0.040102742670816455,0.07166548036140367,-0.0020813299007692186,0.0028724359404533675,0.0071760432785017755,0.03921354460357844,0.4824062310114346,0.5322551695273697,0.07660104951127189,0.5602677575996962,0.587416450312103,0.22051593658509638
industry_id,24,480,17111,0.0560134885109564,0.04254732817317884,-0.019516445101974488,-0.007440399550411001,0.03222582641316336,-0.001604279204499979,0.005098490713641579,0.01791216589747451,0.05221745818870239,0.5132370989422009,0.5430287461233334,0.08516305714096865,0.5482296535096872,0.6272573198527264,0.3938986616796213
industry_id,25,5,7096,0.004758492680146031,0.002857435920376663,-0.00019223515620958012,0.019984648295883593,0.046192222364435986,-0.00016367186953992617,3.467170067767248e-05,2.856328666965393e-05,0.004755174638485038,0.51939077704132,0.5,0.0,0.5178517764656543,0.48060922295868,0.0
industry_id,25,15,7058,0.00853020208444125,0.005180094866306355,-0.00035911735984532124,0.05460231633083688,0.06853360787541203,-0.0002999205317892844,0.00017935013071903382,5.919682805603686e-05,0.008530550631004366,0.5245181405895691,0.5,0.0,0.5310336635162447,0.47548185941043086,0.0
industry_id,25,30,7012,0.011994148575839738,0.007540293303200782,-0.0004592494820578528,0.07976167928371083,0.0916177476698838,-0.0003892750739372568,0.00027372948455806225,6.997440812059604e-05,0.012004079942177196,0.5243328100470958,0.5020840500172004,0.029531686868282298,0.5390124873201039,0.4775224775224775,0.004995004995004995
industry_id,25,60,6921,0.01675473921078092,0.011281159473877336,-0.0008138222870559762,0.09002062607919525,0.10429397705090843,-0.0005322422760149125,0.0005187743859932774,0.00028158001104106365,0.016773685579736804,0.5194336078601358,0.5074021575975582,0.02706656348848781,0.5507215950309065,0.48562346481722296,0.08134662621008525
industry_id,25,120,6802,0.023496657594907877,0.016870016785563706,-0.001355605868905507,0.0909855326975389,0.11252938124294388,-0.000920448191236833,0.001461579043610003,0.000435157677668674,0.023545302422617397,0.5236695089679506,0.5199158222211384,0.045735577967124436,0.5515435835586644,0.4923551896501029,0.2541899441340782
industry_id,25,240,6631,0.03208647464585612,0.024371579917290085,-0.0027243979281402473,0.1612871722810929,0.16827523504084768,-0.0018501554920325874,0.0030181419097199463,0.00087424243610766,0.03231833313329956,0.5340069371135575,0.5401270899051833,0.08964461322282143,0.592921338085549,0.5136480168903634,0.2768813150354396
industry_id,25,480,6263,0.047062533111803764,0.034973540795817507,-0.006893854535767952,0.10537944527965877,0.1508817617432403,-0.0014050208686347014,0.00539980816707125,0.005488833667133251,0.04681319229192671,0.5741657352706371,0.5767984797940655,0.15501635386690343,0.6016375297266223,0.5181223056043429,0.43014529778061633
industry_id,26,5,3186,0.004071104181149471,0.0025259547455657974,-0.00019202010311573616,0.007318088691035469,0.024599147773616863,-0.00011910518797535099,4.45432520211314e-05,7.291491514038516e-05,0.004066655217696845,0.5028409090909091,0.5,0.0,0.5075018682928287,0.4971590909090909,0.0
industry_id,26,15,3169,0.0064856348964190385,0.004134306217602165,-0.0003191529072350999,0.011778852601531477,0.03397060700305873,-0.0002027257069704423,0.00016958461783689904,0.0001164272002646576,0.006477555131364544,0.508248730964467,0.5020246632004175,0.020851002872934902,0.5144200878159408,0.4936548223350254,0.00951776649746193
industry_id,26,30,3151,0.008890763377180979,0.00580334983428152,-0.0002285153725506115,0.08298145270190446,0.05487098169931587,-0.0002699688190848279,0.0002561001783419676,-4.14534465342164e-05,0.008905412666549112,0.509079324625677,0.5074556489262372,0.039685721939007296,0.5161163885844193,0.49824784963364127,0.03663587129659127
industry_id,26,60,3116,0.013124200934286775,0.008735423008570305,-0.00019077932078507922,0.10993874717595109,0.07260947407126944,-0.00033506011158175315,0.00045098384403650574,-0.00014428079079667396,0.013164736915929906,0.49903722721437743,0.5048768165987305,0.014952563220359996,0.5349354785008003,0.5077021822849808,0.12098844672657252
industry_id,26,120,3066,0.018318237433994144,0.012222752779088348,0.000204224322080875,0.15750469844324164,0.08927165591400561,-0.0005519195938467996,0.0012591040549657768,-0.0007561439159276747,0.018473163664460297,0.5104506858262573,0.5130392573136723,0.02762117229782285,0.5461373184517269,0.507838014369693,0.3350751143043762
industry_id,26,240,3015,0.02428268605976771,0.01632036592769075,0.0007672580138455751,0.2721095721394721,0.1653850746861391,-0.0009757884926931812,0.0025467666588663415,-0.0017430465065387563,0.024839518702077724,0.5457863304578633,0.5512439309550072,0.106358912357072,0.5863049179937454,0.519907100199071,0.36496350364963503
industry_id,26,480,2834,0.03549363705473905,0.024836514686280252,0.0010995683086265791,0.24227316434850396,0.1564217676438142,-0.000296690784567762,0.004616051698257374,-0.001396259093194341,0.03631112857805938,0.5785386516060713,0.575902202820011,0.15173589669077595,0.5871162627327011,0.5411224849982351,0.538298623367455
industry_id,27,5,3220,0.0035778283359138006,0.002245327852807277,-7.858222583443334e-05,0.023655948116567436,0.01877407298583298,-0.00012567081696756788,3.526912404740382e-05,-4.7088591133134535e-05,0.0035776257945926647,0.5391304347826087,0.4995381405799898,-0.006011010467257214,0.5089178278512685,0.45993788819875775,0.005900621118012423
industry_id,27,15,3210,0.006526607148694252,0.004064811300165949,-5.619110964883155e-05,0.025724312260122412,0.036567587738955194,-0.00018576602982126853,8.54430819066041e-05,-0.00012957492017243697,0.006528004255192308,0.5378622623870365,0.500141243268967,0.001835675386204355,0.516965406925179,0.4618261140542225,0.005920847616079776
industry_id,27,30,3198,0.009210446373243187,0.005932484725445295,6.971699158108719e-05,0.032289046964740095,0.045037980350556735,-0.0002245351104538645,0.00012707228564259548,-0.00029425210203495167,0.009213409824980881,0.5486393493900532,0.5081238548716707,0.04401574819161868,0.5105949264554517,0.45636534250860183,0.035032843290584925
industry_id,27,60,3184,0.013219469611758952,0.008661668668149268,0.0002075162691863195,0.03380666065200802,0.04329272193507272,-0.00025968950297342714,0.000250574664492286,-0.0004672057721597467,0.013223939223260409,0.5505653266331658,0.5091030870001817,0.02810562714996893,0.5133084584563602,0.44566582914572866,0.11746231155778894
industry_id,27,120,3152,0.018258403197641302,0.012959585045729718,0.00047441500759983857,0.05867941608868842,0.057556473941078296,-0.00025640216363587436,0.0008784507324877847,-0.0007308171712357129,0.018282707090791828,0.5133248730964467,0.5029690862745813,0.006158208042809871,0.5113995501323081,0.462246192893401,0.3626269035532995
industry_id,27,240,3141,0.025085010301786934,0.018473630886616528,0.0011335358204618172,0.10451207008414015,0.10096802416397284,-0.0004188491012106434,0.001896832746089278,-0.0015523849216724605,0.025186522445486272,0.5272206303724928,0.5195653756552125,0.03952035792403931,0.5274810961763724,0.4533588029290035,0.41610951926138173
industry_id,27,480,2999,0.034771474361766475,0.025462458734571987,0.004742123688428297,0.157754485319716,0.16741150729403295,0.0005993792760720344,0.0036481361333507885,-0.004142744412356263,0.034833209797969375,0.531510503501167,0.540465585400195,0.08113080917710867,0.5718715025813206,0.43981327109036344,0.5695231743914638
industry_id,28,5,920,0.0030255590980528156,0.002004786069569157,-0.00026201741520220196,-0.009887801967253858,0.01934866522103224,-0.00010508472842838788,2.024904194419424e-05,0.00015693268677381412,0.003013923990325446,0.4826086956521739,0.5,0.0,0.510099647967295,0.5173913043478261,0.0
industry_id,28,15,918,0.00512725489529418,0.0035961684390975516,-0.00046018821802712646,0.07209535440397226,0.035391953803747815,-0.000156152516754442,6.880695626071542e-05,0.0003040357012726844,0.0051110609131890285,0.45910577971646677,0.5,0.0,0.4969135506857712,0.5408942202835333,0.0
industry_id,28,30,915,0.007218228349168493,0.005221463078542101,-0.0007167705135956159,0.10152148336165386,0.07021698620592456,-0.00017529935803445047,8.69364131324167e-05,0.0005414711555611655,0.007190857693582621,0.4568306010928962,0.5063148997826612,0.041001241382868814,0.5260782419705385,0.5519125683060109,0.024043715846994537
industry_id,28,60,909,0.010300051859260894,0.007410684786145943,-0.0011489313778208208,0.08124398020640528,0.056755967842225516,-0.00021464394338759906,0.00017090719570988933,0.0009342874344332217,0.01024823950932231,0.43234323432343236,0.49814849745356354,-0.006686324821801948,0.5287454457008409,0.5786578657865786,0.0814081408140814
industry_id,28,120,897,0.014028058778029017,0.010502080226239194,-0.001979765246619815,0.04288985292066393,0.02218583411295765,-0.0002804943177394295,0.0006486308677600862,0.0016992709288803853,0.013900347014631585,0.4882943143812709,0.5257710475131981,0.055224808433114204,0.5161130149321314,0.5919732441471572,0.3010033444816054
industry_id,28,240,893,0.019119822593405823,0.015615285450218426,-0.003740777668642172,0.11190497011146648,0.0966478006037798,-0.0005557121272138367,0.0014508027740077895,0.003185065541428335,0.018857156879126095,0.5061590145576708,0.5534571723426213,0.10815750781309005,0.5677122372494704,0.6382978723404256,0.3437849944008959
industry_id,28,480,846,0.021767432513259802,0.018046133626531343,-0.0072727997570187705,0.06464704553233704,0.05990888302350595,0.0007363282172003845,0.0031490708845132304,0.008009127974219155,0.0204780028687216,0.5673758865248227,0.5493079584775087,0.09260131885860817,0.5640493466921448,0.6832151300236406,0.5673758865248227
industry_id,29,5,10944,0.005353144211410142,0.0033194586141894866,-0.0003021003186834199,-0.018720917677150214,0.014133669205973035,-0.00017247652398342134,4.570755701486111e-05,0.00012962379469999856,0.005343561951305704,0.516264619883041,0.5,0.0,0.5085190113369285,0.48373538011695905,0.0
industry_id,29,15,10858,0.009451013668977234,0.005917229891463855,-0.00043901872717508805,-0.03780141061216871,-0.0004499858783187378,-0.00034358309172513726,0.00019176086945058948,9.54356354499508e-05,0.009431617744812427,0.5224719101123596,0.5001046745142749,0.006291870509613072,0.49448225245140304,0.47762018787990423,0.0002762939767913059
industry_id,29,30,10746,0.013593299609545062,0.008582362644468287,-0.0004960861940851646,-0.041133442516837065,-0.006533514312548345,-0.0004368616759204482,0.00031340163372701665,5.92245181647163e-05,0.013567743393849628,0.5303368695328494,0.5024220079181416,0.018394690985406092,0.4939013446493599,0.47105899869718965,0.017587939698492462
industry_id,29,60,10543,0.019145189602828055,0.012546215462019266,-0.0005830839484575215,-0.03603059070125241,-0.002270941409139373,-0.0006344870404312457,0.0005898760743354407,-5.14030919737242e-05,0.019105972978991758,0.5242340889689842,0.49975512319692544,-0.0008197012876694378,0.49232935469481154,0.46950583325429196,0.09864364981504316
industry_id,29,120,10264,0.02698922990129612,0.01885289256366088,-0.0006082739892700447,-0.010369550216862885,0.0257188344417268,-0.0009735550220305761,0.0017151525850398184,-0.00036528103276053144,0.026910027423472822,0.5152961808261887,0.5034147286165895,0.007416259940137247,0.5046153730657797,0.46979734996102884,0.30309820732657833
industry_id,29,240,9910,0.038362197031696806,0.028274086569067724,-0.0015076038382131453,-0.0717296127225367,-0.031966314778319675,-0.0020887099175552312,0.0034193798434472844,-0.0005811060793420861,0.037935264707378555,0.5100908173562059,0.5003110670174294,0.0006815605587676348,0.4980979190800385,0.47618567103935416,0.2946518668012109
industry_id,29,480,9326,0.060845048306382925,0.044976602114917295,-0.0017556715975880412,-0.051674098791553755,0.00872548921239299,-0.0019584093627668404,0.0060965305035152245,-0.00020273776517879907,0.06019917290263987,0.49892772892987347,0.4848836677499998,-0.030531869963693354,0.4752617038797118,0.4300879262277504,0.40167274286939736
industry_id,3,5,1598,0.007338573482998951,0.004291780978965292,-0.00042854658877709655,-0.007305314199508948,-0.0073748022477592556,-0.00021869534424005498,4.956114059524682e-05,0.0002098512445370416,0.007325520304288137,0.5037546933667084,0.5,0.0,0.49586835117840106,0.49624530663329164,0.0
industry_id,3,15,1579,0.012803359521012445,0.00759300898813104,-0.0014372532383453102,0.009432292038102398,0.025717025019049166,-0.0005150969950669148,0.00025405219915998413,0.0009221562432783954,0.012722293360765748,0.5003166561114629,0.5,0.0,0.5196411095602509,0.499683343888537,0.0
industry_id,3,30,1549,0.01673985809152086,0.010612924763074079,-0.0024658764800610648,0.021314774860672826,0.027708957241895715,-0.0007248467544717216,0.0004249483481930217,0.0017410297255893432,0.016560849214400635,0.4880568108457069,0.5,0.0,0.5120740674019363,0.511943189154293,0.0
industry_id,3,60,1500,0.02253477341629505,0.01524529479116497,-0.004821035362638308,0.0025450451257632363,0.014684936465197477,-0.0011057884652982467,0.0008283458666841606,0.003715246897340061,0.02199955072272258,0.46266666666666667,0.5004294149221685,0.0025946021604579443,0.5100393630345321,0.54,0.028
industry_id,3,120,1437,0.03203563111001818,0.02307792650897779,-0.009765073505838188,-0.0006533977060605274,0.0034219669549836167,-0.0023663104705620433,0.00218385719435541,0.007398763035276145,0.030431380531668883,0.43075852470424497,0.4880667498787594,-0.03410694718347585,0.5202759911911785,0.5796798886569241,0.13848295059151008
industry_id,3,240,1386,0.05076924520180509,0.03771240471800133,-0.022936266218542542,-0.09935153673541407,-0.05340205654633524,-0.004935819630458693,0.004365959367688831,0.01800044658808385,0.04465027343383557,0.4126984126984127,0.5012120797700688,0.0035455886586671505,0.4949377196136344,0.6183261183261183,0.12626262626262627
industry_id,3,480,1299,0.0822457286902044,0.06380172675080527,-0.04371461031623375,-0.03512814409632333,-0.04116842356391241,-0.006363369942283555,0.007387270744952011,0.03735124037395019,0.06901450775539465,0.3933795227097768,0.4974610191767728,-0.005854243185584118,0.4934325934535027,0.6782140107775212,0.20708237105465743
industry_id,30,5,9161,0.004102157894000291,0.0024322501020969684,-0.00024366972413308793,0.009215400288901793,0.025535547695266544,-0.0001305787901764607,3.776753327223181e-05,0.00011309093395662724,0.004095088350626176,0.5125848106806741,0.5,0.0,0.5114205914372059,0.48741518931932587,0.0
industry_id,30,15,9120,0.007109604529866233,0.00427573047786285,-0.0005163852427273989,0.01004781465846663,0.04473117010039389,-0.00021910388654281345,0.00015197196994052217,0.00029728135618458545,0.007090725086411771,0.507521686614692,0.5029699907720012,0.026946472699351423,0.5245759133606103,0.4953332601295707,0.012298232129131437
industry_id,30,30,9069,0.00994749296687671,0.006214165407634898,-0.0008822520974230577,0.023444296310790234,0.056333524824907596,-0.0002807291136642353,0.00022430160567828145,0.0006015229837588224,0.009911012678945213,0.4953652615316707,0.5052608246532942,0.026044909603149695,0.529648387696179,0.510814389759435,0.0425954535422644
industry_id,30,60,8965,0.013833367656609303,0.009013461031777761,-0.001532356747581296,0.049390191979124816,0.055570562564977305,-0.000347143057686377,0.0004359127309404775,0.0011852136898949193,0.013762868436212109,0.49642857142857144,0.514036920320925,0.03789333112013995,0.5329055862504349,0.5261160714285714,0.16361607142857143
industry_id,30,120,8805,0.018884055393283097,0.012686297727706722,-0.00273296200706546,0.06212972689409308,0.06885503063686256,-0.0005633588876730717,0.0012531978016265513,0.0021696031193923883,0.018721198101299647,0.5067590594115643,0.5141300936434078,0.029877077534990942,0.5278500331743818,0.5224355333409065,0.33636260365784393
industry_id,30,240,8681,0.026731286486561496,0.017872664149915903,-0.004855071014284436,0.0685536638242666,0.07970676232827244,-0.0011639176901723203,0.0025070847522440528,0.0036911533241121165,0.026339292873959915,0.5084120765153262,0.5204755429900257,0.04266734661385801,0.5422510236942658,0.5409080433279557,0.35422908504263656
industry_id,30,480,8072,0.04084593844437483,0.026563771057393343,-0.009541828284619058,0.050227331388552884,0.08892322781186345,-0.00011996057755363425,0.0047347062186403575,0.009421867707065424,0.039671088364581955,0.528617443012884,0.5242048493963609,0.048056361593603866,0.5532229351551562,0.569623389494549,0.5350594648166501
industry_id,31,5,70672,0.004506320004600093,0.002717092748206343,-0.00018693353174903404,0.0030003296958007936,0.026944965752277485,-0.00015645235709172613,4.278905154518703e-05,3.0481174657307892e-05,0.0045023661528725235,0.5217095760047583,0.500003696249587,0.0004006265846712571,0.5086325402768238,0.47829042399524174,8.49689863199932e-05
industry_id,31,15,70377,0.008170362759934892,0.004891555905295919,-0.000346965157864627,0.014756573963778757,0.03837970322861682,-0.00027246866968878153,0.00017378272031941228,7.449648817584544e-05,0.008163707062873905,0.5234662685718348,0.500291549634212,0.007888412907891088,0.5164432629117858,0.4767612141892372,0.001364896566432075
industry_id,31,30,69972,0.01155635855742876,0.007107057638066329,-0.0005032492113057515,0.02290776934162531,0.04916554308538987,-0.00034590148352073926,0.000273180813361924,0.00015734772778501225,0.011548423043516696,0.524631175663312,0.5022054045434767,0.01556256298400029,0.5226072255231026,0.4766125343092406,0.02045688472095151
industry_id,31,60,69218,0.016257345491300944,0.010481738346644703,-0.0007063897110112571,0.047559225895062986,0.0672530034726466,-0.0004706880406093711,0.0005086410230763012,0.000235701670401886,0.016258233985022807,0.5250845302430425,0.5125985977557335,0.04132332938277591,0.5313495165994319,0.4842354709129266,0.10358928416611277
industry_id,31,120,68160,0.0222881121099961,0.015415190017407212,-0.0010476435868124704,0.07831403655088415,0.08798327945090298,-0.0006844486378460988,0.0014571167586544128,0.0003631949489663715,0.022330147822940113,0.5249211356466877,0.5205384278347411,0.043249498584521345,0.5389436022220513,0.4859951580955176,0.34295356173428215
industry_id,31,240,66879,0.03024340551899868,0.021716328397715284,-0.0020738095379386158,0.07161522355301642,0.08072293313969112,-0.0014811251073602566,0.0029589330576607355,0.0005926844305783591,0.030239433856933534,0.522729311840177,0.5246642537444368,0.05208654012417833,0.5422095645146077,0.5060113048419416,0.339354607171696
industry_id,31,480,62790,0.04419455120376641,0.03142780511034304,-0.004794805573115458,0.04883620325895963,0.06672718371933027,-0.000515529533046219,0.005280722970522029,0.004279276040069239,0.04387381264498172,0.526820411543607,0.5255663626975122,0.05111055487207396,0.5412278255648914,0.5279989806969485,0.5238262088297126
industry_id,32,5,12558,0.005340606433696491,0.003056941709105114,-0.0002943480104186115,-0.005911147309522794,0.03619995023199149,-0.0001719796982661405,4.1280326374307034e-05,0.00012236831215247098,0.005332084963251731,0.5264710572476479,0.5,0.0,0.5121839692994686,0.4735289427523521,0.0
industry_id,32,15,12474,0.009482510463055342,0.0054234300912109745,-0.0005738008789159827,-0.00858257055309591,0.03791302447579151,-0.0003100174509171133,0.00018700568140005228,0.0002637834279988694,0.009461681368065576,0.538813151563753,0.5,0.0,0.5126403791788969,0.46118684843624697,0.0
industry_id,32,30,12372,0.013230420866930917,0.007858723246246495,-0.0008597907258078863,-0.008943608656446687,0.0482204503543549,-0.0004021562433686719,0.00030225386600227,0.00045763448243921434,0.013196290893047077,0.5346430592610558,0.4991760955587222,-0.007880077114691861,0.5189511031756395,0.46373999514916325,0.010995230010510147
industry_id,32,60,12190,0.01864051380465733,0.011524452047875916,-0.0012803210634731164,-0.008072765412757857,0.050753443048609445,-0.0005351114529906027,0.0005758909829670078,0.0007452096104825136,0.018582924882721175,0.5270026263952725,0.5024317985363744,0.0072982841566099094,0.5169075340398076,0.46708798424162834,0.12655942219304006
industry_id,32,120,11960,0.026645172122956935,0.017390409350390927,-0.0023463384651198106,0.0035692792387875326,0.05195891408305065,-0.0007968889374994941,0.0016333381364922316,0.0015494495276203166,0.026497189446157296,0.5258800903085542,0.5202038509528998,0.043150087874050995,0.5224225716968552,0.4838197173676729,0.3239401287733088
industry_id,32,240,11705,0.036953194737107516,0.02525816858919445,-0.005663026820285238,-0.01596819830588029,0.02640165470446517,-0.001694728764071814,0.003159314985042517,0.003968298056213424,0.03632935355324135,0.5175565997436993,0.5220667838844738,0.04727577163388131,0.5211939897448734,0.5125160187953866,0.3203759077317386
industry_id,32,480,10988,0.052966108314619065,0.03743932659526305,-0.011746069675948425,0.0064040662577128935,0.014975334493423809,-0.0011016558175799744,0.005731724043557467,0.010644413858368451,0.051364936039296094,0.49385637571675617,0.49605493589610306,-0.007882002464810309,0.5054290345308529,0.5373623373077273,0.47028306180030943
industry_id,33,5,4339,0.004160666227161699,0.002547689012985935,-0.0001446933513806585,0.0020916419056420505,0.011079016313890844,-0.00014750133104587138,4.817490309232615e-05,-2.807979665212861e-06,0.00415797119032988,0.521318276100484,0.5,0.0,0.49739888305541685,0.478681723899516,0.0
industry_id,33,15,4322,0.007621816683102484,0.004620753528204648,-0.0003439404602607252,-0.013688516054158717,0.008100537021925177,-0.00027039333527774346,0.00019899812089222072,7.354712498298177e-05,0.007608728019587434,0.5178158260064785,0.5,0.0,0.5045198405143062,0.48218417399352154,0.0
industry_id,33,30,4295,0.010457487381612228,0.006532597198127816,-0.00047799820782286963,-0.0197998696478903,0.0158524326374458,-0.0003618925240624542,0.0003186155504445929,0.00011610568376041541,0.010435390739605458,0.5175785797438882,0.504477003682119,0.027606966025981748,0.5124734821458022,0.48614668218859136,0.027008149010477298
industry_id,33,60,4242,0.014992461592628122,0.009730942597941388,-0.000633220270757059,-0.010832555817710336,0.019505626080340864,-0.00048784462446955026,0.0005601302039295124,0.00014537564628750872,0.01496254043206811,0.5174446016030174,0.5105935835476264,0.035924841285132035,0.513139196570421,0.4915134370579915,0.09618104667609619
industry_id,33,120,4150,0.02191463444186291,0.015499380658169724,-0.0010569650755960826,-0.018250248706964983,0.03209484314028335,-0.0007879536239365789,0.0014998271401705345,0.0002690114516595037,0.02181033130877174,0.5209638554216868,0.5199182256014627,0.043355935162662604,0.5223784486090363,0.49734939759036145,0.30265060240963854
industry_id,33,240,4074,0.030173771104677564,0.0215631806355548,-0.001812449669242321,-0.038774363565594765,0.0028141341616123284,-0.0016831270081502472,0.0031081567528458724,0.00012932266109207384,0.029838211056428112,0.5041728031418753,0.49558901385971793,-0.009476226098797568,0.49724092973917144,0.47668139420716743,0.3161512027491409
industry_id,33,480,3824,0.045652836085685065,0.03291724339637681,-0.004306176615800742,-0.12742316551484492,-0.05906159073578747,-0.000802425439151079,0.005405623696637198,0.003503751176649663,0.04444313784798121,0.49607740585774057,0.49609216002941137,-0.007816442223692854,0.4942651641478797,0.5010460251046025,0.4929393305439331
industry_id,34,5,3255,0.0029495249090676205,0.0019370908883440349,-6.269070720436283e-05,0.04725869515467195,0.05157506284755155,-0.0001259446934635122,2.9662458968538632e-05,-6.32539862591494e-05,0.002950111555425037,0.5142063001852996,0.5,0.0,0.5222271858635495,0.48579369981470044,0.0
industry_id,34,15,3247,0.005456753789386604,0.003390611066121444,-2.0383544946120357e-06,0.058378774614616206,0.06774509720051514,-0.00015697934288632075,8.432363110882172e-05,-0.0001549409883917087,0.0054610267709755194,0.5032397408207343,0.5015563654088554,0.024623492989719147,0.5324093008731945,0.4983029929034249,0.004011107682813947
industry_id,34,30,3234,0.0077981703926887245,0.004855129361458023,0.0001684523705467884,0.09214655435120035,0.10412003663581545,-0.00017992817858790135,0.0001252210119148393,-0.00034838054913468973,0.0078068923080411474,0.5144007432641685,0.51287798571308,0.05750381632001351,0.5436923094629744,0.4982966862805822,0.05295757200371632
industry_id,34,60,3216,0.011095924533837172,0.007192845316842777,0.000557276776844452,0.11636591882047326,0.12321654294149981,-0.00014868978407990942,0.00026495147347220754,-0.0007059665609243615,0.011109627968478362,0.5430793157076206,0.5357434161145723,0.08368068073777252,0.5610495176968426,0.4858475894245723,0.23981337480559875
industry_id,34,120,3186,0.015894109183668678,0.010727615164943461,0.001314884075275615,0.12361824479208658,0.11879428616176144,8.557003325556462e-06,0.0009096233011772832,-0.0013063270719500587,0.01592633285010046,0.522927135678392,0.523711716863642,0.04727573067007013,0.5555649542508578,0.45979899497487436,0.5078517587939698
industry_id,34,240,3180,0.023448771784148496,0.01598617804766565,0.0028697960754772577,0.12666872640213195,0.09590201737376958,1.1355059719995929e-05,0.0017760006685565446,-0.0028584410157572616,0.023430687152768543,0.513054419628814,0.5146754073492165,0.029277452136744667,0.5477832123761182,0.45989304812834225,0.5190311418685121
industry_id,34,480,3039,0.03183556928521039,0.02192132541616283,0.005114568471856157,0.12308210651335148,0.09426009684692242,0.0016095051731161625,0.0035126897818151493,-0.003505063298739995,0.031660423124791004,0.502138861467588,0.5158303170809877,0.03399964138804653,0.5425167476032551,0.4633102994406055,0.6854228364593616
industry_id,35,5,3724,0.004325213271925989,0.0027881929516455485,-0.00011402054668943203,0.027600561625701188,0.04709151071335949,-0.00014783524361729119,3.9429797133925916e-05,-3.381469692785915e-05,0.004324618744486795,0.5255102040816326,0.5,0.0,0.5166719731730798,0.4744897959183674,0.0
industry_id,35,15,3712,0.007670061924164841,0.0049644480441816555,-0.0003458214341689163,0.04511396768461268,0.07344031812296084,-0.00026094103398871337,0.00015795033545277303,8.488040018020297e-05,0.007667762810614203,0.5187281056319052,0.5,0.0,0.5293842439755094,0.48127189436809487,0.0
industry_id,35,30,3694,0.010325372891305432,0.006920817072751993,-0.0005947349429781027,0.06399957453998298,0.08733228726350992,-0.00034063048935248244,0.00024299113919792716,0.00025410445362562025,0.01032092918976092,0.5062263129399025,0.5025124493838409,0.025230066410454218,0.5492244254463149,0.4962100703844071,0.010016242555495398
industry_id,35,60,3658,0.014061074849618648,0.009795960594194379,-0.0011342996074545416,0.08926680447693679,0.10844930817352946,-0.0004636439171177602,0.0004275973093660128,0.0006706556903367813,0.014046946345975149,0.5147621651175506,0.5169121955302587,0.06953050634944154,0.5473944445108754,0.5024603608529251,0.06314926189174412
industry_id,35,120,3599,0.0188790856018425,0.013788340726046304,-0.0022954517031832764,0.1107727158190559,0.11309980956331028,-0.0007176155103029615,0.0012482985251876066,0.0015778361928803148,0.018836182275721484,0.5254237288135594,0.538219665834787,0.08406828128182994,0.5550870808212673,0.5301472631286468,0.2900805779383162
industry_id,35,240,3523,0.025478546350192366,0.018736670387298482,-0.004494170177017182,0.14014570068733292,0.1273079555669878,-0.00151849846953588,0.002643258957745234,0.0029756717074813023,0.0253125577170913,0.5245529378370707,0.5493078808505732,0.1057360931476545,0.5756585497495231,0.5631564007947771,0.3102469486233324
industry_id,35,480,3241,0.03879607513306486,0.028949317711840113,-0.006249907787082699,0.19577694329443623,0.14000188877879155,-0.00037744176659252596,0.00468462966605737,0.005872466020490174,0.038929896830748933,0.5433508176488738,0.5422427456354645,0.08275319740897209,0.564249538223202,0.601666152422092,0.5140388768898488
industry_id,36,5,15540,0.004514974922360134,0.0027294142898326105,-0.00016975531187192225,-0.012000384608475812,0.030579702247010104,-0.00014391075790772074,5.345966956136298e-05,2.5844553964201515e-05,0.004510824318193745,0.5264107188868848,0.5008664999607335,0.0157508977401976,0.5090799144202418,0.47429786137593405,0.0030275702138624068
industry_id,36,15,15479,0.008237361047582794,0.004897508652083563,-0.00023903586170130218,0.0024250674998832905,0.03655408737453135,-0.00025515818189243353,0.0001854254634536896,-1.6122320191131346e-05,0.008232253632234579,0.5359705254993213,0.5001105503375729,0.0017046603270737726,0.5100395935013436,0.4638355633120031,0.0042014090879710425
industry_id,36,30,15406,0.011078385788685448,0.006920565570294261,-0.0002861989084401294,0.010032223667064554,0.04053416668179335,-0.00033205581944804197,0.00029089987558439227,-4.585691100791257e-05,0.01107378589269102,0.530970003895598,0.5016448328117675,0.009716244914828765,0.5096311551480126,0.4688352162056876,0.029411764705882353
industry_id,36,60,15248,0.014807393422268918,0.009781311025929076,-0.0002296022368908653,0.03830911009770223,0.04787488308676499,-0.0004616443687394511,0.0005478285467906428,-0.00023204213184858585,0.014816476241661677,0.5328040939509251,0.5072265124251593,0.022663155148160714,0.5103224885407958,0.4668022569216638,0.11428946332502296
industry_id,36,120,15044,0.01993535047522332,0.014084932695399108,5.657068535930026e-06,0.06458022015374934,0.06256091526006101,-0.0006554358374884333,0.0015140889546921257,-0.0006610929060243633,0.019975789710348472,0.5207073057235924,0.5132515428285638,0.027755694179313978,0.5219187233106926,0.47510469986040016,0.3495978195838596
industry_id,36,240,14879,0.027441088913150502,0.020109352230400484,-7.047296378753747e-06,0.06467016452677936,0.052188836185642525,-0.0013903926488298313,0.0030996347600610336,-0.0013833453524510777,0.027466655627428026,0.5132065326970898,0.5017672174947593,0.0036699235481040754,0.5155428430715449,0.4591706431883863,0.35976880166677866
industry_id,36,480,14069,0.04043012125520153,0.02970866710358608,0.0016908500518509515,0.08282626179865189,0.06852522446910596,-0.0005564783102988562,0.0055084402745023825,-0.002247328362149808,0.04047625069644795,0.5049399388726988,0.5065612927003594,0.013106919031269594,0.5238772601851127,0.46613121046271944,0.5234913639917549
industry_id,37,5,1774,0.0037661848689199587,0.0025121216039196807,-0.00017906890402994617,0.024898236850798564,0.023553411958054875,-0.00013911811847894256,3.173610528570642e-05,3.9950785551003595e-05,0.00376258179920465,0.5344243792325056,0.5,0.0,0.4989478736680426,0.46557562076749437,0.0
industry_id,37,15,1769,0.00676010409199036,0.004439215917407412,-0.0003145516320345964,0.06017464855448834,0.05328835205691043,-0.00018796748553010897,9.381576767278237e-05,0.00012658414650448742,0.006757777962604678,0.5356334841628959,0.5,0.0,0.5230550478657521,0.4643665158371041,0.0
industry_id,37,30,1765,0.00958883669268674,0.006555331712267549,-0.00048170273209253506,0.07735099161003484,0.04164471264847669,-0.00022057550518197027,0.0001396696102283937,0.00026112722691056477,0.009586520825661169,0.5272108843537415,0.4992474104341029,-0.005908548214364096,0.5208351873993161,0.4710884353741497,0.016439909297052153
industry_id,37,60,1751,0.013908366429105137,0.00977214572806441,-0.0006652581528908214,0.09420218268034761,0.03449201052536463,-0.00024490666816804637,0.00028275267497969913,0.00042035148472277506,0.013916230899314954,0.519131924614506,0.5051362346559644,0.015639278960028268,0.5068894654605693,0.4814391776127927,0.12278697886921759
industry_id,37,120,1727,0.019540808525466753,0.014463271686288302,-0.0009722604299800671,0.10641262844781096,0.05286193569442443,-0.00015277757789868457,0.0010043130474590267,0.0008194828520813825,0.019597912721000345,0.5101331789229878,0.5100781899627156,0.020163682814877095,0.5132835760843325,0.49797336421540245,0.4863925883034163
industry_id,37,240,1719,0.02649015516583827,0.02045103737497254,-0.001475825105120729,0.11334850855805113,0.0794893356193011,-0.0002802479190363453,0.0020543656389729738,0.0011955771860843838,0.02660299515942577,0.5078534031413613,0.506622829225569,0.013177774074372851,0.5147229482845921,0.5520651541593949,0.5125072716695753
industry_id,37,480,1631,0.03428142914227948,0.026836488223414195,-0.002226265975545145,0.12156054136571762,0.08805891510370976,0.0012492979511962365,0.003878883114267307,0.003475563926741381,0.03446323459136259,0.5481299816063765,0.5407673481443973,0.08583510487647004,0.5389905629952468,0.5236051502145923,0.6578786020846107
industry_id,38,5,9757,0.005260782556649737,0.0030934522934287765,-0.00025770271518848646,-0.018180150606196023,0.03236291401516797,-0.00016480168528014023,5.3758153957574055e-05,9.290102990834618e-05,0.0052532146555447625,0.527504105090312,0.5,0.0,0.5094688851176612,0.472495894909688,0.0
industry_id,38,15,9696,0.009341959035681578,0.005479007729681656,-0.0005152859571533514,-0.013415157710036074,0.03521940250033546,-0.00032189474383119545,0.00022656341466019978,0.0001933912133221559,0.009321946260216471,0.5292599855506244,0.5001096010521701,0.010770526985406734,0.5100967430765783,0.47084322427495096,0.00010320982557539478
industry_id,38,30,9611,0.013229706763942813,0.007843052938559983,-0.0007908922063179107,-0.0104193383707637,0.04008168016843738,-0.0004419816720360035,0.0003590688610685011,0.00034891053428190725,0.013197422102709494,0.5319038201311543,0.5016539607945522,0.011477308708130388,0.5145517046319866,0.4684084521702925,0.021130425731237638
industry_id,38,60,9447,0.01813570839402725,0.011352325002734372,-0.0009510678871178885,0.013472770143762457,0.04675875875189375,-0.0006236934585738709,0.0006718480041971579,0.0003273744285440176,0.018107341380084005,0.5328675770085741,0.5123124763172338,0.03834625176606923,0.5181495056229574,0.47316608447126074,0.11633322747962316
industry_id,38,120,9169,0.02507283752063591,0.016610725560235205,-0.0013546643519147142,0.034427481287007185,0.05873066576543769,-0.0010560210453369632,0.0017908072143208306,0.0002986433065777509,0.0250338150116313,0.5251390555131421,0.5145384746768651,0.03179474757590309,0.527471508014206,0.47387937615879594,0.29632457192714584
industry_id,38,240,8823,0.03492203004187395,0.02331156895971189,-0.0021860074575419225,-0.004362440111328682,0.029114859069759517,-0.0021909989692193385,0.0035881308225987436,-4.991511677415644e-06,0.03465270599568547,0.5253372633488267,0.5135734929810074,0.029611584418034784,0.5257205728267162,0.47069493254733025,0.2984922344405396
industry_id,38,480,8118,0.05211570182654232,0.03547720214857447,-0.007421986860581413,-0.07665754004221464,-0.03737624221305686,-0.0015201942593544855,0.0060568623343195925,0.005901792601226927,0.050765477063694386,0.48940625769894064,0.4901000864509925,-0.01988308317216511,0.4965767774664031,0.5075141660507514,0.45368317319536833
industry_id,39,5,231,0.002922479971753822,0.0019715687108795726,-0.00021245303289649567,0.04381664295091816,0.06433489717584547,-0.00015084758122225827,1.7454723953948567e-05,6.160545167423739e-05,0.00291546012796095,0.5021645021645021,0.5,0.0,0.5465142428785608,0.49783549783549785,0.0
industry_id,39,15,228,0.005083783158959294,0.0033693832793875245,-0.00024750331656058844,-0.007086525445408499,0.0066273175505184335,-0.00017064412209596443,8.429692649479823e-05,7.685919446462401e-05,0.005076457650102147,0.5242290748898678,0.5,0.0,0.5296062869592282,0.47577092511013214,0.0
industry_id,39,30,225,0.007259050326768083,0.004734684141071739,-0.0006348048525690804,-0.011913814534418619,0.04505255983703528,-0.00021136074288127324,0.00013662463348257584,0.0004234441096878072,0.007228321850836452,0.5244444444444445,0.5060541310541311,0.0308701323828623,0.5650522317188984,0.48,0.04
industry_id,39,60,219,0.009705641964603561,0.006714498337727217,-0.00116654986251813,-0.020596319160968837,0.04617197726029516,-0.0001308397285227736,0.0003217447176981676,0.0010357101339953563,0.009623283503013492,0.5616438356164384,0.5625625625625625,0.12622496143907538,0.5678595261928595,0.5068493150684932,0.4337899543378995
industry_id,39,120,210,0.011232482037307236,0.008302951453459259,-0.0021468137789573422,-0.02901998754156686,0.05303147122411338,1.3406585120329899e-05,0.0011445751919877617,0.002160220364077672,0.010932681314768844,0.580952380952381,0.5694893341952165,0.1403065202216756,0.5993166497368178,0.5666666666666667,0.5952380952380952
industry_id,39,240,188,0.017015958677537135,0.01206698249468397,-0.003754277384137203,-0.16213704823424976,-0.16601002171909623,-0.0003023098338707449,0.0023302053763076015,0.003451967550266458,0.01605876659438275,0.43617021276595747,0.4487479955593931,-0.0988637868541959,0.44739114345627234,0.35638297872340424,0.5585106382978723
industry_id,39,480,141,0.01890546555244876,0.01626518493434018,-0.000346530296142933,-0.03550418983739158,-0.07212134316182371,0.001657015206424374,0.0048107478246007165,0.002003545502567307,0.01810985537111591,0.3546099290780142,0.39097160603371783,-0.21805678793256433,0.42801685891748004,0.3475177304964539,0.6524822695035462
industry_id,4,5,2258,0.004700085191917146,0.0026117828825001146,-0.0002180744137905211,0.012635571885854695,0.01799508522799163,-0.00013139698595425765,3.62222259416969e-05,8.667742783626343e-05,0.0046953413421732875,0.507774322523323,0.5,0.0,0.5224352596719634,0.49222567747667706,0.0
industry_id,4,15,2249,0.007992415119895301,0.004668514394994261,-0.0006113027097507507,0.03819049824895411,0.01962675298344959,-0.0002246712476356262,0.00016582588490771747,0.00038663146211512445,0.007973612956211986,0.4953229398663697,0.5021230133215216,0.024487565038729068,0.5091128034889019,0.5069042316258352,0.0075723830734966595
industry_id,4,30,2234,0.01120877895940812,0.00676240395789919,-0.0011141669179115356,0.05698431081575138,0.021219107202870076,-0.0003065524978114829,0.00023438667207880033,0.0008076144201000527,0.011164167953179387,0.4899148363962349,0.5048288621646624,0.03637352469445005,0.5076084945501348,0.5154639175257731,0.017929179740026894
industry_id,4,60,2208,0.0153662309699744,0.009890847137164628,-0.0017768967421178243,0.06894932004070391,0.020260313819086745,-0.00035295157828142584,0.0004077669017370184,0.0014239451638363983,0.0152858414511817,0.44972826086956524,0.48992706838833094,-0.029864968915786726,0.5195875013284447,0.5543478260869565,0.12907608695652173
industry_id,4,120,2160,0.02078769963805774,0.014108016398086808,-0.0034118907437771296,0.11235875947712796,0.08353176464731513,-0.0007522148238220123,0.0010945503086782096,0.0026596759199551175,0.020599909380865786,0.45694444444444443,0.4888159403144858,-0.025582161385882585,0.5522274403070756,0.5643518518518519,0.25092592592592594
industry_id,4,240,2138,0.028968133530881637,0.020988866992247,-0.007359099855172506,0.10247664199146342,0.09161590022485022,-0.0015566753096069611,0.0022907314324575236,0.005802424545565545,0.028159718532779793,0.4761459307764266,0.5154885520186089,0.03352737938501045,0.571814142812741,0.5926099158091674,0.29045837231057064
industry_id,4,480,2057,0.04380628146451129,0.03189925275041184,-0.01944295361739381,0.12618411560012086,0.08843721542755155,-0.0010596404556030164,0.003989063662121427,0.01838331316179079,0.03955847891555427,0.521147301895965,0.5276422287390029,0.052062926721164804,0.5590023993601706,0.6684491978609626,0.490034030140982
industry_id,40,5,7750,0.003920804386245927,0.002451393582151805,-0.00017213282165376737,0.02475155475952326,0.021758623718822704,-0.00014706067318066715,4.091316137670394e-05,2.5072148473100242e-05,0.0039178231608717525,0.5099483204134367,0.5,0.0,0.5061611234167777,0.4900516795865633,0.0
industry_id,40,15,7711,0.007063735505767497,0.004331934096152339,-0.0003601726451269942,0.020493393284794242,0.020834334229680507,-0.00024335870168800265,0.00015642867276414906,0.00011681394343899158,0.007056019044648007,0.5157061266874351,0.5001420716721229,0.007197451316720751,0.5083647901332911,0.48442367601246106,0.0003894080996884735
industry_id,40,30,7651,0.009972061794204694,0.00632024271244099,-0.00062415171735359,0.0373494122287624,0.05363499229858486,-0.00030705170982147923,0.00024086640113422234,0.0003171000075321108,0.009958594972724878,0.5100039231071009,0.5017130662010177,0.01135947629194192,0.5242783821528006,0.4913037792598405,0.023277102131554858
industry_id,40,60,7546,0.013693990258946605,0.009054973772177548,-0.0009482788082727788,0.07602617381625631,0.07686407838721579,-0.00037960755598003535,0.00044574847225762915,0.0005686712522927434,0.013687774197314219,0.5209382454280413,0.5214359814728021,0.06494187792793413,0.537518657576156,0.500662602703419,0.12443678770209382
industry_id,40,120,7386,0.018756031860811415,0.013183275377036672,-0.001309757140316602,0.11193202221180623,0.09524137496285914,-0.0004666261565784217,0.0013393986684799863,0.0008431309837381803,0.0188127658405499,0.5262017603249831,0.5277678129298486,0.05667713811529356,0.5465841357175607,0.5077860528097495,0.3998645903859174
industry_id,40,240,7162,0.0257817745665925,0.018645792449473286,-0.001892372362327471,0.14634283232911743,0.15434903478369327,-0.0009940402453372692,0.0027697559882383597,0.0008983321169902017,0.025971162184259454,0.5509007121910348,0.548486245263784,0.09861496124251912,0.5719514536885112,0.48666387376064796,0.40818321463482754
industry_id,40,480,6760,0.039824355356435755,0.027903503022457674,-0.004055836424414933,0.0477199540232682,0.055538911920136505,0.0001593660214242867,0.004845305372196671,0.00421520244583922,0.03955177150906729,0.5045857988165681,0.5041242934143924,0.008313410576570793,0.5228325575389922,0.503698224852071,0.5624260355029586
industry_id,41,5,3519,0.0045794623006367025,0.0027247654029473275,-0.00032253317712340666,-0.019823707207205134,-0.0015373138209078749,-0.00014970500416129124,4.338363599144001e-05,0.00017282817296211542,0.004567024158839242,0.5132516386434882,0.5,0.0,0.4917236325902732,0.48674836135651184,0.0
industry_id,41,15,3505,0.0076188922815241715,0.0046398678218011365,-0.0006316845148535744,-0.027426070717980738,-0.015528269786561202,-0.0002680643560975483,0.00018743994902999228,0.000363620158756026,0.007585207535553304,0.5077186963979416,0.5,0.0,0.48468334405834407,0.4922813036020583,0.0
industry_id,41,30,3485,0.010738462320599457,0.006669133773652739,-0.0008889793123225287,-0.032024367555654944,-0.0072540955074680774,-0.00035635695652100905,0.0002824581764092029,0.0005326223558015196,0.010688832188700063,0.5076083835773758,0.5008409674489532,0.0061673020891590095,0.5010911140411223,0.4929658340511054,0.018949181739879414
industry_id,41,60,3450,0.014401784269083128,0.009469118292818726,-0.0012892079678339793,-0.0319244265382997,0.004097531773063052,-0.0004825683261952835,0.0005344833271893943,0.0008066396416386957,0.014316950728089795,0.5290023201856149,0.5088884053497422,0.028378770710714093,0.5024778569994821,0.4741879350348028,0.10991879350348027
industry_id,41,120,3406,0.018345362619148434,0.012740298642491894,-0.001908682981301808,-0.025446785310159037,0.008558937799992885,-0.000816960210217881,0.0014670327542351607,0.001091722771083927,0.018149435004298296,0.5164512338425382,0.5036566389682153,0.008112122695264465,0.5026193326599243,0.4706227967097532,0.282021151586369
industry_id,41,240,3351,0.027775653406045743,0.0182074430703571,-0.004250365631306177,-0.05588794338878112,-0.04123648764568174,-0.0016846690673534782,0.003053123521004216,0.002565696563952699,0.027108092733812275,0.48328358208955224,0.48139709963288246,-0.040490231129302175,0.48221107455026413,0.49522388059701494,0.30268656716417913
industry_id,41,480,3123,0.04030122977225289,0.02760599971962517,-0.006808629637636361,-0.09174228533721769,-0.09248411091288081,-0.0009110476557182383,0.005388808286260593,0.005897581981918123,0.038863423763245704,0.4750160153747598,0.47468594512044926,-0.05064968727781062,0.45733307880519564,0.4907110826393338,0.48270339525944905
industry_id,42,5,3472,0.005018339598918873,0.0027137003631941083,-0.00018188538633575872,0.008551507392104323,0.03856017371048581,-0.0001608837008824246,4.795177242439558e-05,2.1001685453334146e-05,0.005015223200222361,0.5221902017291066,0.5,0.0,0.5123614650487169,0.47780979827089337,0.0
industry_id,42,15,3448,0.008351491492007536,0.004835045191838092,-0.0004139195830344797,0.03869568099364055,0.07146526167846819,-0.0002964870069335017,0.00020037876349646548,0.00011743257610097802,0.008346578001931495,0.5126196692776327,0.5012142577096101,0.025227660832093265,0.542620950846309,0.48854076008123004,0.0023208587177255585
industry_id,42,30,3415,0.01165748870293583,0.006883509713661637,-0.0006633642973193669,0.048349272835278324,0.08468850002412008,-0.0003815961792287151,0.00030495249540556584,0.00028176811809065184,0.011649356903770076,0.5051244509516838,0.5027856438244902,0.016287226527405912,0.5463991570524825,0.497510980966325,0.030161054172767203
industry_id,42,60,3352,0.01599799869498187,0.009738907080475614,-0.0009636648151820806,0.07457233582376026,0.10415442978340002,-0.0005332142041393485,0.0005914272697055713,0.00043045061104273223,0.016002157607243953,0.5152147971360382,0.5210954957649828,0.057461312107090885,0.5532219782880808,0.5086515513126492,0.16050119331742244
industry_id,42,120,3256,0.02259412571264215,0.014828233690641651,-0.001469968688999554,0.10757659359156302,0.1346892619683554,-0.0008657087296844862,0.001563161852902078,0.0006042599593150678,0.022660792008970712,0.5426904176904177,0.5492616828607311,0.10746598980958345,0.5743963815944779,0.5162776412776413,0.29975429975429974
industry_id,42,240,3120,0.03306256330024906,0.02313881683507169,-0.0032281874406128105,0.1580211286343041,0.17202528856791133,-0.0018572528868016655,0.0031052973868827315,0.001370934553811145,0.03325211000058272,0.5585123436999038,0.5836233985980179,0.18254772465997127,0.6130921123919548,0.5578711125360692,0.2927220262904777
industry_id,42,480,2954,0.054179675942439186,0.0361644802177005,-0.013393680906316745,0.16932448345916473,0.1861170683078212,-0.0010663308492091157,0.005614100826499871,0.01232735005710763,0.05315627604525495,0.5930941096817874,0.6008462582634504,0.1967834618595625,0.6350259462340254,0.6103588354773188,0.487136086662153
industry_id,43,5,24260,0.004534919144655658,0.0027445289805147445,-0.00016840407716733536,0.00026727491161827584,0.02810654969865901,-0.0001594641292187592,3.847153859435009e-05,8.939947948576157e-06,0.00453163820808855,0.5237014728330377,0.5,0.0,0.5078406927004796,0.47629852716696236,0.0
industry_id,43,15,24144,0.008087338026948837,0.004935164730455424,-0.00029252197757070626,0.008479641090983177,0.038729317616408666,-0.0002662072594741332,0.00016756705822345538,2.6314718096573076e-05,0.008081729724068292,0.5275717777685711,0.5000226165914213,0.000517772304499852,0.5169029441623079,0.4723453618925301,0.0019057877946720802
industry_id,43,30,23982,0.011319137474184449,0.007088039062753089,-0.0003954729343827278,0.016062995572973828,0.04670862497198802,-0.0003341112326145376,0.00026205943706812554,6.13617017681902e-05,0.01131340115875081,0.5269216332318472,0.5028721355721063,0.02062779553307563,0.5220138723981772,0.4749551653668099,0.019727238603661844
industry_id,43,60,23700,0.015148626080326142,0.010053830965407974,-0.0005187824501962004,0.02970815101484117,0.05910795178148032,-0.00044337048010364223,0.0004981793312065081,7.541197009255822e-05,0.015146348925510589,0.5247942603924879,0.5077840270807762,0.02433664677102488,0.5260805524487023,0.4778645283815151,0.11542519518885841
industry_id,43,120,23216,0.020355691933258393,0.014490958244529742,-0.0007009256541598122,0.04715748420982845,0.07033077593011543,-0.0006176247162391727,0.0014401415066142983,8.330093792063949e-05,0.020360609229547393,0.5201809175102304,0.5155348334730451,0.03254690651759587,0.5306672216106559,0.48442817144087874,0.35033383588197287
industry_id,43,240,22791,0.02867268604311789,0.020792389046839155,-0.000823309188615998,0.022691958234898474,0.050466289849707184,-0.0013299091595054553,0.0029010358647270926,-0.0005065999708894573,0.028579570932465957,0.5208214489446663,0.5151885118838379,0.031843794787223864,0.529146891533204,0.48128483040063186,0.3489402782043969
industry_id,43,480,21255,0.040311295807823715,0.02968149902277603,0.00017239534843418522,0.03784297405433264,0.056953940882202465,-0.00035609610328791254,0.00523471576297408,-0.0005284914517220977,0.04016818406454823,0.5120677487649965,0.5137531021283288,0.02749906846323636,0.5346629886879497,0.4702422959303693,0.5274994119030816
industry_id,44,5,4724,0.003153701459053503,0.0020617436317766523,-0.00021423161545978898,0.0010255556239490758,0.02888561173553216,-0.00013247924200600707,3.7116426758439454e-05,8.175237345378191e-05,0.00314623578285514,0.5092180546726002,0.5,0.0,0.5145189483209316,0.4907819453273999,0.0
industry_id,44,15,4712,0.005616241638250277,0.003638184917502477,-0.0003653851022764975,0.03139600280210545,0.04327316889878812,-0.00022065675709797728,0.00014647233334402795,0.0001447283451785202,0.005607029445838949,0.5029723991507431,0.5000126220985176,0.0002742179434877256,0.5211429165955171,0.4970276008492569,0.0021231422505307855
industry_id,44,30,4694,0.007708950978770169,0.005137378534401777,-0.0005189295157031396,0.05092402533938421,0.060880631786151246,-0.0002771058454285711,0.00022315854051475719,0.00024182367027456847,0.007699599738909599,0.5002130379207499,0.5039264363709249,0.01972514915661789,0.5218375003267945,0.504047720494248,0.04132935662547933
industry_id,44,60,4658,0.010526369781316543,0.007396647212528692,-0.000675276099119122,0.07932968655599375,0.07337861759983223,-0.00035498586992822954,0.0004303775176247793,0.00032029022919089254,0.010530064913173917,0.5090167453842851,0.5120208169819137,0.033638028996001844,0.5371062684175292,0.504293688278231,0.15027908973808501
industry_id,44,120,4595,0.014126849965483492,0.010478925456974432,-0.0008556759341982917,0.12828200418305497,0.1040809481050096,-0.0005201164688709798,0.0012100013704281277,0.0003355594653273118,0.014204979370655792,0.5286180631120784,0.5269970143733727,0.056937617974181794,0.5484609187575337,0.494885745375408,0.341240478781284
industry_id,44,240,4554,0.01931729268358892,0.014413990487417856,-0.0014822996005014915,0.09838427814894986,0.06891268772117475,-0.0011045592619875323,0.002430798039710873,0.00037774033851395916,0.019346977912438817,0.5158102766798419,0.5177148889019207,0.03712086718583099,0.5270742732096064,0.5063680281071585,0.35068072024593766
industry_id,44,480,4319,0.02628897943828372,0.020449853743123813,-0.0018164654307226069,0.13070533857459407,0.0808761408917166,-2.478013349027235e-05,0.004662570300119301,0.0017916852972323346,0.02642497487933783,0.5116925214169947,0.5082046327888062,0.016464105336809576,0.5261034860077198,0.5334568187080343,0.5526742301458671
industry_id,45,5,736,0.004948327540114489,0.0034225468787012587,-0.0002709559646036822,0.006697264730004607,0.006452974079406152,-0.00017516605448295394,2.4130704285621275e-05,9.57899101207283e-05,0.004941006278870957,0.5502717391304348,0.5,0.0,0.5020178285032263,0.44972826086956524,0.0
industry_id,45,15,734,0.0112571142648263,0.006843393423214142,-0.0008002506846688951,0.08542099060935147,0.058617100479750654,-0.0003520043131296475,0.0001496090922491634,0.00044824637153924763,0.011240424249576914,0.5449591280653951,0.5,0.0,0.5191953592814371,0.4550408719346049,0.0
industry_id,45,30,731,0.017023634302346425,0.010567137127636947,-0.0014962215787158542,0.13638976795109914,0.10627553630387011,-0.0004517964667154262,0.00022897264317494798,0.001044425112000428,0.01698746709947612,0.5348837209302325,0.5,0.0,0.5447119001053107,0.46511627906976744,0.0
industry_id,45,60,725,0.023745319914563825,0.015846728417487486,-0.0028492139676407156,0.19783489233948354,0.16937447105151368,-0.0007811040837911825,0.0004419577293442446,0.0020681098838495333,0.02365721437444629,0.5337931034482759,0.5,0.0,0.5447112517774414,0.46620689655172415,0.0
industry_id,45,120,713,0.03347655725358278,0.024015933676068857,-0.004864665000250005,0.24230942059678737,0.21088087614161544,-0.0011763045922111783,0.001464669871782333,0.003688360408038826,0.033445621319434564,0.5497896213183731,0.5446517119244392,0.10823618990883731,0.5723258559622196,0.4908835904628331,0.21739130434782608
industry_id,45,240,705,0.04565032933073202,0.0361554292500422,-0.009617405909143308,0.27854073846856364,0.3008088012417722,-0.002681139945580974,0.0029691020540898536,0.006936265963562335,0.045361569428076,0.4950354609929078,0.5552136012776151,0.1426503193576415,0.6369610061219058,0.5900709219858156,0.17588652482269504
industry_id,45,480,658,0.0658661717127487,0.055788378489888796,-0.014744290130709702,0.28685006542080077,0.27952072393239685,-0.001790905421465992,0.005396597869670789,0.01295338470924371,0.06553419706048827,0.5790273556231003,0.5766734467455621,0.1557285334808168,0.6563748150887574,0.48632218844984804,0.41185410334346506
industry_id,46,5,11916,0.003696343951168937,0.0021232536437224424,-0.00018442496358607704,0.003814264759897418,0.02931152308873748,-0.00013395801626693517,4.575494225445567e-05,5.046694731914187e-05,0.00369163121955288,0.515832137127417,0.501474521724859,0.022731784553103075,0.5151033473908049,0.4855188719074559,0.004221903233977877
industry_id,46,15,11868,0.006655720136616088,0.0037760587739919197,-0.0002753925467434275,0.007575433302860105,0.04507625420557814,-0.00019401818035932766,0.0001545811950037972,8.137436638409987e-05,0.006649394504614412,0.5119228817858955,0.5022748299732371,0.017859713525111256,0.5262961469279588,0.4900219854557754,0.016489091831557584
industry_id,46,30,11808,0.009329674486419443,0.005392432746760947,-0.0004221383799811824,0.009418643384155942,0.0594950076282508,-0.00023336796265462897,0.00023027950831189652,0.0001887704173265534,0.009319443267873167,0.514525993883792,0.5083086708251497,0.0368861129147955,0.5353670933700156,0.4930343187223921,0.0536017669045192
industry_id,46,60,11684,0.012873516887435153,0.007788436548301032,-0.0005503531150937909,0.013839864028708258,0.06672759821520256,-0.00024155262086717974,0.00041480471370782803,0.0003088004942266111,0.012860798931195945,0.5192423073626468,0.519219963066404,0.04504741320868848,0.5368585438341225,0.4999571440815977,0.23930744835861834
industry_id,46,120,11508,0.01752126688962583,0.011185709177642769,-0.0005270907276839589,0.02922505812147338,0.06155216437028665,-0.0001927652569180123,0.0010856699196687537,0.0003343254707659466,0.017511411152703275,0.5195652173913043,0.5195690004771569,0.03914724997531762,0.5320212968797032,0.5001739130434782,0.4891304347826087
industry_id,46,240,11316,0.023031783617271002,0.015766851703121525,-0.0011164051550252034,0.07802725809995384,0.08231381725623815,-0.0004071471800393688,0.002274734562929394,0.0007092579749858345,0.023070149118428643,0.5318772658944204,0.5329728324624666,0.06584912396828009,0.5468070163584456,0.5311698647095234,0.4844813865063224
industry_id,46,480,10773,0.03454364858271051,0.02320364272738263,-0.0025753574549918492,0.020523145907798176,0.09184690346915769,0.0011815466671788479,0.004060556964720465,0.003756904122170697,0.03429079092535892,0.5458766716196136,0.5302326487883108,0.06401079565430837,0.5674134214350944,0.5468053491827637,0.6699479940564635
industry_id,47,5,5712,0.004601380258654405,0.0029386545400589196,-0.00025511639478208083,0.010448904313210137,0.016282357318766788,-0.00014809567317376708,3.8972683831843865e-05,0.00010702072160831371,0.004594544486401316,0.5218229623137599,0.5,0.0,0.5084039956381131,0.47817703768624015,0.0
industry_id,47,15,5688,0.008449370618636605,0.005303297609738046,-0.0006036295241410345,-0.004286781566873737,0.01920991457997231,-0.0002578443334567441,0.00017304440854237904,0.0003457851906842903,0.008425262672540117,0.5255012310939149,0.5000719458014911,0.0019169201934095235,0.5058171281617699,0.4744987689060851,0.0014069644741470278
industry_id,47,30,5658,0.01204894066658466,0.007557540869951348,-0.0010663504735104244,-0.013028174204069516,0.026675882962310323,-0.00035203774253700815,0.0002716176837877175,0.0007143127309734163,0.011995048909821787,0.5212239122744959,0.49964572259552703,-0.005560721182569964,0.5063756142814161,0.4782454899186417,0.004067916519278387
industry_id,47,60,5606,0.016660802443214273,0.010834042512526707,-0.0018308603581661767,-0.015367687257248953,0.02550416213452084,-0.0004376317149717952,0.00047859804006998786,0.0013932286431943815,0.016545629269694048,0.5224839400428265,0.5004059294174501,0.0015550211277237632,0.5083892079606354,0.47412562455389007,0.07334047109207709
industry_id,47,120,5518,0.02288618155222422,0.01528991310123259,-0.0034243838065162843,-0.01747246384011026,0.005632202156108494,-0.0007646614856490644,0.0012483881363063729,0.0026597223208672197,0.02257227761665952,0.49510692279811525,0.49501463463337225,-0.01158547827965377,0.4916838104696745,0.4998187749184487,0.24537876042044218
industry_id,47,240,5445,0.03078293095169837,0.021526745760248878,-0.00657730158814352,-0.01580077373316971,-0.005736878176465381,-0.0015349510883317218,0.0026486106760183537,0.005042350499811798,0.02991335904353792,0.48163115356355624,0.49688958188629206,-0.0068929708769522435,0.5048760966487237,0.5350844966936077,0.2823291697281411
industry_id,47,480,5160,0.05022349438837373,0.03381119228212135,-0.013469710865990229,-0.019629126834198096,0.03813213746515112,-0.0007368496186668487,0.004566100547409732,0.01273286124732338,0.048078047698909734,0.5300387596899225,0.5346696812401475,0.06797994333985352,0.5349280061960437,0.5998062015503876,0.48372093023255813
industry_id,48,5,5188,0.00447399054143827,0.0027377207684184455,-0.00018147935002660743,0.0029063394430897615,0.008151166240323793,-0.0001289660455067643,4.715555791189184e-05,5.251330451984315e-05,0.004470196667393438,0.5287867078825348,0.5002455230982708,0.003767750211199916,0.48975536521897917,0.4712132921174652,0.004250386398763524
industry_id,48,15,5155,0.008243624601786426,0.004973139980442378,-0.00033625197062137573,0.0013837329517480677,0.013496630269771744,-0.00024100228346267508,0.0001406195447153825,9.524968715870064e-05,0.008235758153141289,0.5227537922987164,0.5,0.0,0.507200570860985,0.47724620770128356,0.0
industry_id,48,30,5106,0.011698378747458415,0.007302064988739181,-0.0004427000760727449,-0.005813196509303727,0.01183915338898501,-0.000296564530968375,0.00020567860676916954,0.00014613554510436994,0.0116869941028323,0.5118650715826633,0.49794305537120015,-0.011024054285276832,0.5017127859788996,0.484997058246715,0.03608550696214944
industry_id,48,60,5030,0.016375181049664327,0.010746757596253317,-0.00038645775857549955,-0.028138360158483776,-0.0013888300264028376,-0.0003964379616128003,0.00039574100849666845,-9.980203037300757e-06,0.016354704465143245,0.5105493630573248,0.4947360524680112,-0.01569064069473961,0.4941786354157488,0.47870222929936307,0.12898089171974522
industry_id,48,120,4898,0.022436140579211207,0.015192994477767901,0.00011699859886109886,-0.02749584965724412,0.01417430667538757,-0.0006592524177358205,0.0010619758653190917,-0.0007762510165969193,0.02238150678291122,0.5174596691852155,0.49965857103452727,-0.0007513805067399164,0.5070081549867443,0.45803553195834185,0.28793138656320194
industry_id,48,240,4766,0.03207682232037905,0.023102649910427844,-0.0003370939200809792,-0.022630798169963766,0.013414531012292523,-0.0013800988618685639,0.0022951271494251178,-0.0010430049417875847,0.03194093344495801,0.5241393786733837,0.5045255930087391,0.00973623052644016,0.5019326940069205,0.44836272040302266,0.30961376994122586
industry_id,48,480,4472,0.05029301120756524,0.0367271054887737,-0.003357214416853314,0.05846126652637296,0.07548453731834523,-0.0007756564941676666,0.003992379312095444,0.0025815579226856475,0.05025570927842275,0.5288461538461539,0.5234616041067655,0.046997667319192075,0.5375370516809723,0.45058139534883723,0.4432021466905188
industry_id,49,5,8696,0.004455712935583825,0.00267177689733852,-0.00019388028371147947,-0.005490639884964375,0.029788905975354787,-0.00014585891268796276,4.794358177567414e-05,4.8021371023516726e-05,0.004450971383538763,0.5259216589861752,0.501372318131923,0.02076070201934306,0.5056614176895187,0.47523041474654376,0.004377880184331797
industry_id,49,15,8653,0.008110434214554334,0.00483362320517222,-0.00044487587256596844,0.00701398732578245,0.03898043225650786,-0.0002489999180499041,0.00017927045990767912,0.00019587595451606436,0.008097496792567604,0.5204861111111111,0.4996987000460995,-0.0037185195171956452,0.5110061979864381,0.4789351851851852,0.006597222222222222
industry_id,49,30,8600,0.011490476538179964,0.006984828675941088,-0.0006738449070876129,0.01959086091583495,0.05502037229216347,-0.00031531577898720063,0.00027168413885732723,0.0003585291281004123,0.011472807000709483,0.5178633771674619,0.5033721232246454,0.01872718230388821,0.5274174727484792,0.48446409868497614,0.033515652275107645
industry_id,49,60,8503,0.01612564207770507,0.010289781895846875,-0.0010165828760887242,0.03969063913083954,0.07290969316872986,-0.00038770676446362487,0.0004997818051910851,0.0006288761116250994,0.016105653496306133,0.5131161039877662,0.5086857471668566,0.0227059747662067,0.5378158720253543,0.4931184566521586,0.17797906128690744
industry_id,49,120,8382,0.02233553057156781,0.015365278938495375,-0.0015981280174003688,0.06775689530134237,0.09678453879267607,-0.0005701966674352743,0.0012939563885975816,0.0010279313499650944,0.022328521493460703,0.5349558577905035,0.5365578041453984,0.07642078668682374,0.5527992955390689,0.5054879503698402,0.3544500119303269
industry_id,49,240,8226,0.03012197639669508,0.021904032740229278,-0.0028951028541101425,0.13239954165014295,0.13924841078765018,-0.0012395090400937599,0.00277005706988433,0.0016555938140163826,0.030223296853200996,0.5455982490272373,0.5477467092954915,0.0989412567409664,0.5676750933429878,0.508146887159533,0.36892023346303504
industry_id,49,480,7714,0.04328808786053503,0.031394693736685,-0.004532010915028482,0.186895556563437,0.20456228676374144,-0.0002639756219861544,0.004827170725598253,0.004268035293042328,0.04369039678988844,0.5661135597614726,0.5653249600799981,0.1310499145771105,0.603120165510396,0.5101114856105782,0.5403163080114078
industry_id,5,5,865,0.0037993871509278293,0.0023769493101643336,-8.898214781019478e-05,0.07157180951271658,0.06421631022248428,-0.00013884442163270634,2.4557397399995448e-05,-4.986227382251155e-05,0.003800023659059223,0.5262543757292882,0.5,0.0,0.5334423776391817,0.47374562427071176,0.0
industry_id,5,15,861,0.006704378673959639,0.004363487128695459,-0.00028365891286082464,0.027166480894682148,0.021432046369658543,-0.0002512026476324536,0.0001179341725068872,3.245626522837105e-05,0.006700541597715068,0.514585764294049,0.5,0.0,0.48941435548578405,0.485414235705951,0.0
industry_id,5,30,857,0.009265021666423215,0.006215221813579279,-0.0004544165461035231,0.025327042091824938,0.02789675213638996,-0.00032002014550366827,0.00015655381623179537,0.00013439640059985486,0.00925651273241302,0.5309941520467836,0.5042287765361901,0.03746762107028321,0.5100244780575619,0.47251461988304094,0.012865497076023392
industry_id,5,60,847,0.012648622637265535,0.008848265794269705,-0.0005130275376788863,-0.008879709497079493,0.02607466807351677,-0.0004000571851757132,0.0002909016188408399,0.00011297035250317316,0.012632282935444017,0.533175355450237,0.4924992219109866,-0.03972344454475688,0.5070028011204482,0.4561611374407583,0.03672985781990521
industry_id,5,120,825,0.017069975321617036,0.012731529481872823,-0.0005877247471135254,-0.0631724860145331,-0.004790549152646182,-0.0008073929369901166,0.0009429228961975483,-0.00021966818987659116,0.01697431362340349,0.5296969696969697,0.5011386880410997,0.0026693235622142005,0.48006255351536486,0.44606060606060605,0.23515151515151514
industry_id,5,240,796,0.02364527231663777,0.018783225203436307,-0.0005520657157747602,-0.05501063079613755,-0.04190442779835098,-0.0016995739488220123,0.0020985546610257327,-0.001147508233047252,0.02343033221409103,0.5527638190954773,0.5023839796567069,0.005265724879250488,0.47107106908243274,0.39195979899497485,0.2663316582914573
industry_id,5,480,749,0.032705095460927286,0.026873730784771493,0.0007324821383909379,0.013544748104505283,-0.022978415760779795,-0.0013190205356613477,0.0036609248126065444,-0.0020515026740522855,0.03254092095449387,0.5287049399198932,0.4895626868019506,-0.020525026593539338,0.46464920560012585,0.3471295060080107,0.3751668891855808
industry_id,50,5,4248,0.004566686605188771,0.002694692633648004,-0.0002052308105307636,-0.00623408773830214,0.013891972783069625,-0.00014283148512044883,4.435513472862167e-05,6.23993254103148e-05,0.004561580516279794,0.5095767320879641,0.5,0.0,0.49912428095501254,0.49042326791203594,0.0
industry_id,50,15,4222,0.008306859422414626,0.004882300631599509,-0.00032001754037808464,0.0022995680540318806,0.031055836020971374,-0.0002344195029590169,0.0001566318422389801,8.559803741906773e-05,0.008299575138414419,0.5100926145808596,0.5,0.0,0.5137571750564842,0.48990738541914036,0.0
industry_id,50,30,4189,0.0115056137137191,0.0071049231006461875,-0.00035212790222147406,0.0194403219545002,0.024758091320311374,-0.0002818297344794278,0.00023941620866326353,7.02981677420463e-05,0.011502386905151065,0.5049031332217173,0.5001641962849304,0.0012796754942188927,0.5102354357323154,0.4950968667782827,0.016742406122937096
industry_id,50,60,4115,0.015616030573649905,0.01003007132119859,-0.00048079706803291143,0.01319281416233737,0.018579241738631812,-0.0003379217312003023,0.00042727486773289796,0.00014287533683260913,0.015608415973833566,0.5060827250608273,0.49582915569580144,-0.012657094879396182,0.5096174330651825,0.486374695863747,0.12384428223844282
industry_id,50,120,4017,0.020465565962052852,0.013793087636853786,-0.0005846737461172514,0.05983547417355617,0.06185541030767875,-0.0004602036913759489,0.0012230736721194513,0.0001244700547413025,0.020493932281487937,0.5287814602541739,0.5282104704676062,0.058140723388204925,0.5263995944313296,0.4976326937453277,0.3792673810117119
industry_id,50,240,3899,0.02774287350636566,0.01945288557352164,-0.0005618220262543539,0.12275748506834128,0.11561283068980174,-0.000890641919278453,0.002362846597036675,-0.00032881989302409916,0.027927938274362164,0.5456644433042586,0.5418766084113739,0.08608679331126685,0.5581518537991121,0.4835813237557722,0.3832734735761929
industry_id,50,480,3671,0.038549183656273,0.02783234231520776,-0.0036480174313935627,-0.003943607426687538,0.031961627530186505,-5.2762650976018906e-05,0.004736355312952563,0.0035952547804175435,0.03806411065558047,0.5005452562704471,0.4954630158732527,-0.009186960410632293,0.5305017404031648,0.5302617230098147,0.5836968375136314
industry_id,51,5,2210,0.004639309789558421,0.00294606477282518,-0.00015194902935967327,0.05372450814880069,0.028864296015155923,-0.0001499794181300658,2.898980843878455e-05,1.9696112296074566e-06,0.004638287866476083,0.5368945224083296,0.5,0.0,0.5141979002339118,0.4631054775916704,0.0
industry_id,51,15,2196,0.007930202088382151,0.005100156343100411,-0.0001935719942291151,0.035695586073085976,0.02830266921216481,-0.00027912922138149953,0.00015180385624699217,-8.555722715238445e-05,0.007931806303143862,0.5198177676537585,0.5,0.0,0.5022775387613981,0.48018223234624147,0.0
industry_id,51,30,2178,0.010879753311729655,0.00728071228849171,-0.00014402507186353811,0.038190439401092575,0.06211204557340059,-0.0003634403683872692,0.00022324208116831067,-0.00021941529652373106,0.01088503823161106,0.5234159779614325,0.5014409221902018,0.038813773242780014,0.5374694685865444,0.47796143250688705,0.0013774104683195593
industry_id,51,60,2141,0.015102589706262694,0.01046306722202968,-0.00012550843776856023,0.04980811593638118,0.08096697502373028,-0.0004984905902575353,0.00042060506431329227,-0.0003729821524889751,0.015117174031786817,0.5492760392340028,0.5260375904964502,0.0920745689681668,0.534684980434383,0.4717421765530126,0.08734236338159738
industry_id,51,120,2086,0.020957315114364775,0.015107806535155288,0.00022466164416508425,0.07655926865049885,0.13183711077138788,-0.0008694060237189552,0.0012258313783954848,-0.0010940676678840393,0.02101428682209924,0.5882070949185043,0.5665839985245775,0.15232475037735901,0.5891810385973106,0.4549376797698945,0.25407478427612656
industry_id,51,240,2039,0.02736761281883038,0.020921181394286874,0.0013968459390053902,0.17341557131966584,0.2176347320912802,-0.0019322551428689794,0.0027537372653947596,-0.0033291010818743694,0.027674600122987197,0.6218734673859735,0.597426513586215,0.21723890439006963,0.6368820903668473,0.44335458558116725,0.2731731240804316
industry_id,51,480,1943,0.04112393281213362,0.031174887730162353,0.0012836115241760086,0.23167385913893304,0.27971387348699783,-0.001717985278689046,0.00503960335566995,-0.003001596802865055,0.0419780301334972,0.6356150283067421,0.626798298314552,0.2540838937027972,0.6809052923283431,0.4271744724652599,0.42099845599588265
industry_id,52,5,10542,0.0038891714479016267,0.0024451349265157208,-0.00015687834132687185,0.00321750241214783,0.0108051950206968,-0.00013946439976742514,3.898988504936426e-05,1.7413941559446683e-05,0.003885935988636649,0.5189199467579387,0.5,0.0,0.5027548132559524,0.4810800532420612,0.0
industry_id,52,15,10506,0.0070271128341037525,0.004333350927050787,-0.0003076025828108283,0.014890499807532234,0.027814678624956832,-0.00022209934761145187,0.00014398132400008775,8.550323519937645e-05,0.007021044822898841,0.5275898217859526,0.5001323857530628,0.0051195215212340665,0.5089506506870904,0.47250547984370533,0.00066711140760507
industry_id,52,30,10458,0.00969666627846807,0.006239845701743851,-0.0004250580675307838,0.038097488872202954,0.045669162472520605,-0.00028188229616043733,0.00021986669275679495,0.00014317577137034642,0.009693230077439132,0.5245572044040211,0.5038280044898444,0.029072038986899498,0.5149370194194807,0.47850646242221156,0.017616084250837723
industry_id,52,60,10356,0.013589256196908527,0.009113372514076307,-0.0006058919506831741,0.054686142865742575,0.060035359443826805,-0.000327137412509477,0.00039043753456831,0.0002787545381736971,0.013591494976290803,0.5211676010052194,0.5067044474174026,0.018754662885142503,0.5197562279112707,0.4793156775565436,0.15010632128358786
industry_id,52,120,10204,0.01844670764941362,0.013045994170943447,-0.0009699495028339699,0.08266835232858057,0.08548900565831187,-0.0004284630728278036,0.0010793865445255326,0.0005414864300061663,0.018478986623287105,0.5209803921568628,0.5171866374427203,0.03597720839491974,0.5308501506895803,0.48715686274509806,0.3518627450980392
industry_id,52,240,10074,0.024510393171412955,0.018150755315766237,-0.001930032594102005,0.1244724436747928,0.14073326435911696,-0.0008829322693257373,0.0023361250046986517,0.0010471003247762678,0.024614874587905927,0.5432969215491559,0.5401062135042083,0.08229786305792294,0.5661249966394253,0.48570009930486596,0.3872889771598808
industry_id,52,480,9502,0.03475377623678324,0.026225346871550065,-0.0032887978288519085,0.09302969679949905,0.1262851856203944,0.0002575833822599171,0.004241822152522746,0.0035463812111118254,0.03473368119528895,0.5468898010735712,0.5439053204659648,0.08902646151490685,0.5753530351935265,0.5180507315019471,0.5842542890222082
industry_id,53,5,6344,0.0033240492224968204,0.0021521246381440515,-0.00014777647576643316,0.016703578275599283,0.0068746672157056965,-0.00015366959204931931,2.2010456231959202e-05,-5.8931162828861345e-06,0.003321057494627993,0.5130146710837672,0.5,0.0,0.5066402036712301,0.48698532891623286,0.0
industry_id,53,15,6324,0.005607951459524732,0.0036790474811118383,-0.0001492790191362403,0.03955398241622886,0.025485426798583566,-0.00022600436665599197,9.476443012462524e-05,-7.672534751975167e-05,0.005608912813045811,0.5294954926458959,0.5,0.0,0.5079042799915665,0.47050450735410404,0.0
industry_id,53,30,6294,0.0076585904147530035,0.0051932232696995494,-0.00012127940990975247,0.06248399251482166,0.048619986842308754,-0.00026161921306110846,0.00014175372433023747,-0.00014033980315135598,0.007665180397388115,0.516369993642721,0.5006563833278634,0.026028242996748035,0.5291293616242302,0.48426573426573427,0.0006357279084551812
industry_id,53,60,6236,0.01058245937203619,0.007581105461714651,-5.589594474695455e-05,0.10574776040388931,0.07017420938712737,-0.0002977963141173141,0.0002621347648745094,-0.00024190036937035955,0.010606821060733096,0.527421423989737,0.5093118107712766,0.0353109366480385,0.5341007302481855,0.47867222578576013,0.0750481077613855
industry_id,53,120,6160,0.01388858887387068,0.010598253287142857,0.00031388827133764497,0.1601716907753861,0.1105137215416339,-0.0003598619986606335,0.0008236382538796032,-0.0006737502699982785,0.01399314277481842,0.536537836960052,0.5262493234710446,0.05576419895088465,0.5455714774545403,0.4696329977265346,0.32900292302695683
industry_id,53,240,6062,0.019133408656255506,0.015000978373336768,0.0007087110217836927,0.21333244993123132,0.1493880747791859,-0.0007787238096337303,0.0017932985972969637,-0.0014874348314174231,0.019422408449290912,0.546189376443418,0.5381368059140276,0.08081054916402548,0.5598366709557835,0.47558561530847904,0.3332233586275157
industry_id,53,480,5641,0.02718294691387989,0.021184198055915166,0.0025087388863347646,0.17308814170197803,0.1361591142291212,0.00045500971181088674,0.003489584657988735,-0.0020537291745238782,0.02745184463031323,0.5389115405070023,0.5444836622590727,0.08934120179624522,0.5659783108800864,0.45772026236482893,0.5621343733380606
industry_id,54,5,6865,0.0032409908574794525,0.0018422041246294878,-0.00016301620922965442,-0.007183681812794932,0.008228311934536362,-0.00012147654011861783,3.8051440138575867e-05,4.153966911103658e-05,0.00323639154152832,0.5103326982265866,0.49960749355493417,-0.008378493602073177,0.5057945418738014,0.4892276124871757,0.0021984464311886266
industry_id,54,15,6843,0.005533588044713325,0.0031479614380996294,-0.00013741372087512302,0.03987246298169595,0.039055439031209165,-0.00016319260849684893,0.0001285761624872673,-2.577888762172592e-05,0.005535516197928576,0.5177471399237313,0.5023226864953774,0.025278203945670163,0.5148429365730701,0.48430624816661777,0.008506893517160458
industry_id,54,30,6813,0.007562758830393926,0.004436511265222397,-9.976365016971657e-05,0.05996410791384332,0.05230452710062279,-0.0001917428816599315,0.0001860202344827908,-9.197923149021494e-05,0.00757097525201328,0.5162667451788606,0.5082452271251623,0.0411198372513476,0.530931296754126,0.4912409833652289,0.04195495362873546
industry_id,54,60,6752,0.010568517993614104,0.006426837598761963,0.00015000040975982144,0.08634154122003111,0.07059284666206983,-0.0001617186427422191,0.0003359551784476629,-0.00031171905250204054,0.010591158561483516,0.5257609502598367,0.5234693132079308,0.04784640751036177,0.5449990188583888,0.488195991091314,0.4023756495916852
industry_id,54,120,6645,0.014952178214893794,0.009307894936963006,0.0007184308182338405,0.1427644089496681,0.09544005007235884,-4.608643043171712e-05,0.0008786858570899727,-0.0007645172486655577,0.015035010391312456,0.5350414468726451,0.5404211945380177,0.08240037622470256,0.5421307973973691,0.4737000753579503,0.6001507159005275
industry_id,54,240,6565,0.020811433871219524,0.013504615517401772,0.0014288499728623307,0.22703884372318411,0.12143972679338984,-0.00011283601445350895,0.001923893988218743,-0.0015416859873158396,0.02111440956644835,0.5276803416196432,0.533247306834374,0.0681985606187753,0.5456193628164097,0.4758273600732042,0.6135427787097758
industry_id,54,480,6143,0.02892864478770689,0.01994372508409533,0.0031585554953670707,0.22389322854193455,0.1268299997509699,0.0014649779941682296,0.0034931114951891073,-0.0016935775011988408,0.02933553991178805,0.500814332247557,0.5180047490023383,0.04044909468712087,0.53050219376766,0.46286644951140066,0.7301302931596091
industry_id,56,5,4618,0.0025668460423211546,0.0015523281556782302,-0.00015985012458880199,-0.0023162376652288577,0.009562051765204685,-0.00012932727434875852,3.180280860199108e-05,3.052285024004346e-05,0.002561592812195614,0.5196269789633485,0.5,0.0,0.504424793768395,0.48037302103665147,0.0
industry_id,56,15,4612,0.0043525988963488554,0.0027818090840142813,-0.00030719627495510966,0.005177170723092905,0.035262795059536924,-0.0001497682836128872,0.00010257637191654684,0.00015742799134222245,0.004341063968649787,0.5051053660656094,0.5,0.0,0.5261787835018457,0.4948946339343906,0.0
industry_id,56,30,4599,0.0061544900132194744,0.003929544418593453,-0.0005081467908632774,0.0065330477474539895,0.049659842232569994,-0.00013877493544128526,0.00014962586879952675,0.00036937185542199226,0.006132628776403534,0.49467043724167936,0.5002244245040133,0.0016754967974287492,0.5354967439042859,0.5057646291059387,0.018272786599956493
industry_id,56,60,4576,0.008667067982046778,0.005516030520341327,-0.0008800577432292141,0.018427395633300966,0.06169662968240752,-0.00010352516141961291,0.0002904810108264076,0.0007765325818096012,0.008622731482382863,0.5372840586048546,0.5410779412328085,0.08374600876568837,0.5487554112554113,0.5189153728405861,0.40126831401705665
industry_id,56,120,4558,0.01165860061383568,0.007747120925481689,-0.0012034334484323568,-0.0007520817245278794,0.022382679906663754,0.00025087458602143163,0.0007682753532709214,0.0014543080344537884,0.011570267864345403,0.5539947322212467,0.517874969762356,0.04447449110866982,0.5233530432905283,0.560359964881475,0.8013608428446005
industry_id,56,240,4558,0.01709983563975987,0.0113578478788913,-0.0027693132135139594,-0.00023471010939974594,0.018646046749584963,0.0004454639666934856,0.0015168324546018155,0.003214777180207445,0.016805431756867183,0.568920105355575,0.5166378475804706,0.04065029369776772,0.5194421357331194,0.5891132572431957,0.7963125548726954
industry_id,56,480,4437,0.023689989150674023,0.01430764390835425,-0.0037670425187681694,0.04545214167625472,0.060975191543464494,0.0024635444213104126,0.0030290082373272843,0.006230586940078582,0.023329678708115854,0.6272256028848321,0.5285468678198137,0.07631155158499342,0.546409729479416,0.644805048456164,0.8489970700924048
industry_id,58,5,1599,0.003785418848294442,0.0024893004800826215,-0.00013267973679902286,-0.014643995170487121,-0.02756582956517104,-0.00014731019538698884,3.141404217770782e-05,-1.4630458587965998e-05,0.003782502477892801,0.5128205128205128,0.5,0.0,0.47514480728889447,0.48717948717948717,0.0
industry_id,58,15,1591,0.007108931825392767,0.0044653512199662425,-0.0002516551899854635,0.002262099012620101,-0.023990355164409855,-0.00020968233963178582,8.773247589779232e-05,4.197285035367766e-05,0.007104132891641374,0.5216844751728472,0.5,0.0,0.47558618178363915,0.4783155248271527,0.0
industry_id,58,30,1579,0.00981245984497834,0.006353845603480882,-0.0002867688262047706,-0.008870494126147299,-0.022304002618318605,-0.0002616509933556513,0.00014134404892999816,2.5117832849119253e-05,0.009805996347063835,0.5199493350221659,0.49939172749391725,-0.024157863973612873,0.4761889839197498,0.47941735275490815,0.0006333122229259025
industry_id,58,60,1556,0.013734470383756432,0.009286975072163396,-9.142201183176603e-05,-0.004855522330072575,-0.00467365359362789,-0.0002771901960670529,0.00020125649437712867,-0.00018576818423528689,0.013731714283028893,0.5276349614395887,0.49552756480467325,-0.0319349058334228,0.47043629061701353,0.4665809768637532,0.01992287917737789
industry_id,58,120,1530,0.020160488000740003,0.014502457889877073,0.00012703783650364856,0.03075956470857802,0.031849923536504586,-0.0002796529646539829,0.0006875482429055412,-0.00040669080115763147,0.020169519896669617,0.5078431372549019,0.4944104338568006,-0.011307780160787142,0.4911737740966318,0.43333333333333335,0.4
industry_id,58,240,1484,0.026368186191745583,0.019836007372844498,0.0008197264932954508,-0.01278710395568149,-0.03370003606539265,-0.0007094002982354886,0.0016627338663664209,-0.0015291267915309395,0.026281686186325207,0.4784366576819407,0.46728217883163725,-0.0656195111447152,0.4543556831241221,0.43194070080862534,0.4225067385444744
industry_id,58,480,1343,0.03331217790637692,0.02606634003422175,0.0032247524827175816,-0.04238237028428407,-0.008215734349961626,0.0002580438989331795,0.0030824730964651983,-0.002966708583784402,0.03288174296819319,0.48622486969471335,0.4878926890297736,-0.024784196533307185,0.5129868545392434,0.49218168279970215,0.6068503350707372
industry_id,59,5,920,0.002174553468720026,0.0013708512811777126,-0.000193561174627694,0.003320590460718066,0.00982803780022817,-0.00010934105160666387,1.880876636958638e-05,8.422012302103015e-05,0.0021659024997515994,0.5326797385620915,0.5,0.0,0.5012370043044889,0.4673202614379085,0.0
industry_id,59,15,918,0.00395586724232546,0.0024743796185073244,-0.0003347222566891533,0.01083419807454949,0.02135542163644685,-0.00011455163360815059,4.544868080981183e-05,0.00022017062308100273,0.0039419110925180585,0.5070883315158125,0.5,0.0,0.5021100961080979,0.49291166848418755,0.0
industry_id,59,30,915,0.005531324650211303,0.0035552247828197865,-0.0005737684529085925,0.021814013174415163,0.08187691640533816,-0.00010698363328062487,5.572661786505946e-05,0.00046678481962796764,0.005502418959563089,0.48577680525164113,0.5011120484699747,0.006238053379051729,0.5598325216657719,0.5164113785557987,0.03282275711159737
industry_id,59,60,909,0.00774404431706983,0.005107746421448984,-0.0009553460603225061,0.038959465669233084,0.07008382772118263,-9.271295540643358e-05,0.00013229440593017037,0.0008626331049160726,0.007688907176620955,0.4845814977973568,0.5051263059410572,0.013053801239759048,0.5475182246998285,0.5330396475770925,0.1894273127753304
industry_id,59,120,904,0.009787253409420757,0.006695739188849045,-0.0013375101032625327,0.008938924414241043,-0.002509744806920658,0.00028573464680400234,0.00041059113991708695,0.001623244750066535,0.009690404698614524,0.583610188261351,0.5349440274200499,0.09443646958251725,0.5038083402651807,0.5725359911406424,0.840531561461794
industry_id,59,240,893,0.012735468850341736,0.00978265164034106,-0.0018941740973009997,-0.01102317165856909,-0.01897694051672104,0.0006388022835770036,0.0009135605676617036,0.0025329763808780033,0.012550573749960678,0.5762331838565022,0.5124882726988429,0.03352353325828509,0.48331856562076514,0.594170403587444,0.8408071748878924
industry_id,59,480,846,0.017165415937326296,0.014137136847226799,-0.0011813954392918778,0.022904835433908553,0.0537559682185824,0.002846714345865991,0.0020376102087483606,0.004028109785157869,0.01704979236787873,0.5538461538461539,0.4862106017191977,-0.042790990321652775,0.5135121083279416,0.58698224852071,0.8863905325443787
industry_id,60,5,2620,0.002049327848891579,0.0013465001058470543,-7.325703039409685e-05,-0.0002139132219026294,0.0036763627747047364,-0.0001116801661911122,2.876322786181595e-05,-3.8423135797015344e-05,0.002047809931803047,0.5198928844682479,0.49936024225180653,-0.011572253774488193,0.5029712671953219,0.47934200459066567,0.00306044376434583
industry_id,60,15,2616,0.0038360475408874117,0.0023347031608144356,-6.877006890113219e-05,0.016887011327424,0.044677946789854525,-0.0001193100779986129,5.23326143246233e-05,-5.054000909748071e-05,0.00383595785964582,0.5380497131931167,0.5,0.0,0.5280686209444735,0.4619502868068834,0.0
industry_id,60,30,2610,0.005395868957373641,0.0033946536901274084,-4.051831382640955e-05,0.03483648013148077,0.04924097607183802,-0.00011185323581446526,6.228239877323395e-05,-7.133492198805572e-05,0.005397527489517625,0.5285550019164431,0.5012298295571789,0.008472082769603439,0.5272475636286457,0.47144499808355694,0.021464162514373324
industry_id,60,60,2598,0.007604621754694879,0.004917443552450831,0.0001003817263142003,0.06458132171161082,0.082934522566904,-3.817511019024502e-05,0.00016774887860335132,-0.00013855683650444532,0.007612949808719862,0.5450693374422187,0.543538320286763,0.08723950408397482,0.5473211715986747,0.47842835130970723,0.46263482280431434
industry_id,60,120,2582,0.010500748341802372,0.007209194810679562,0.0007927144747655238,0.020635141860213143,0.0009355285188339663,0.0004784002206613808,0.000535005649699069,-0.000314314254104143,0.010468152823721348,0.4965143299767622,0.52036876626418,0.05668917014427204,0.48542319569700354,0.4659178931061193,0.84856700232378
industry_id,60,240,2583,0.015195701872968162,0.010872771211858284,0.001457113665559433,0.022007919161853955,0.0017393017848690508,0.0009581705895732068,0.0010573773720469533,-0.0004989430759862262,0.01511196411801078,0.4885791715060008,0.5188202735912659,0.05187804717546189,0.48360011019044097,0.4564459930313589,0.8455284552845529
industry_id,60,480,2442,0.02216994071141945,0.016036610172526385,0.005027204202498948,0.014806590743269246,0.021777334844362846,0.0031229863220743415,0.002209127879121751,-0.001904217880424606,0.021511869621763866,0.45737704918032784,0.4829419703103914,-0.054615054989514994,0.5199824561403509,0.4672131147540984,0.8909836065573771
industry_id,61,5,828,0.0036054559194504945,0.0018129255858420502,-0.00022646553689327907,0.03988821109336152,0.06498399661076706,-0.00011893722085401153,1.6851407680470198e-05,0.00010752831603926754,0.003598969301646522,0.5217917675544794,0.5,0.0,0.5282299039619373,0.4782082324455206,0.0
industry_id,61,15,826,0.005627041140638576,0.003014915686766291,-0.000355552437321648,0.05248827703093818,0.07888923620222915,-0.00012956649032531343,4.853145889780537e-05,0.00022598594699633457,0.005618135071191674,0.5254854368932039,0.5,0.0,0.5671429330844698,0.47451456310679613,0.0
industry_id,61,30,823,0.0075101702417154905,0.004416814117128293,-0.0005689663830143033,0.14075303658314728,0.19228695305678306,-0.00014907178509811263,6.773839046648176e-05,0.00041989459791619065,0.007497821019256046,0.5249088699878494,0.5027634771288242,0.032451122196815285,0.6038463814426889,0.4775212636695018,0.007290400972053463
industry_id,61,60,817,0.010101606861533385,0.006379242376096798,-0.0009327274678145848,0.16123960618588698,0.14628576235454105,-9.75784378848979e-05,0.00011962333126405441,0.0008351490299296869,0.010077048353115287,0.5104039167686658,0.49237726098191215,-0.020875730550907495,0.5605702782284718,0.47368421052631576,0.15789473684210525
industry_id,61,120,807,0.013042626686650653,0.009085944528888057,-0.0015838812431783974,0.18805756330073295,0.12448560859517747,6.439561485064758e-05,0.00044652373321524784,0.001648276858029045,0.013022638981208477,0.5588599752168525,0.5651680486184583,0.13763713839568073,0.5499347981202175,0.48079306071871125,0.6617100371747212
industry_id,61,240,799,0.016058308945823305,0.012419957604721362,-0.0030395674461402003,0.12989289393008258,0.04366118808041691,0.0001369890663947663,0.000996265069975044,0.0031765565125349664,0.01586645062066348,0.5832290362953693,0.5743851248601842,0.15776456864712549,0.5049233998165115,0.5269086357947435,0.6683354192740926
industry_id,61,480,752,0.02108772145504161,0.015132736606649311,-0.0049199600605309935,0.10794747865781318,0.0669184104456473,0.002387825467055936,0.002237057367152823,0.00730778552758693,0.02062627997646739,0.5731382978723404,0.5516069045793941,0.15370020832038192,0.5402790790108736,0.5292553191489362,0.8710106382978723
industry_id,62,5,58452,0.004059747547184878,0.002500597372367029,-0.0001343158349115046,0.006036055381071707,0.028913108166123355,-0.00014315627240652968,4.5107602838684435e-05,-8.840437495025067e-06,0.0040575465764528425,0.526169760909776,0.5001565519492014,0.00381926204599232,0.5117666571690437,0.47389874631773654,0.0016784270740563129
industry_id,62,15,58233,0.007410224812834547,0.0045087875722912415,-0.0002466810026270773,0.014614244647681879,0.03999170971811874,-0.00023994287356460578,0.00017082421181952755,6.738129062471515e-06,0.0074066443300614595,0.5289315850074756,0.5004335177638659,0.005746160126196298,0.5169686198133112,0.47117152726460326,0.005705545721699978
industry_id,62,30,57918,0.010386062792220319,0.006505043612369273,-0.00034533897112744885,0.015376651599226845,0.051507545519113976,-0.00030483282649796495,0.0002740058262539174,4.050614462948393e-05,0.010380917001781733,0.5285238087013593,0.5047484912642106,0.020959071138932344,0.5263658089554875,0.47332423703345483,0.054111469973574675
industry_id,62,60,57338,0.014526603947126166,0.009530325927317151,-0.0004388711033034054,0.02855797125400435,0.06503072613139775,-0.00037602764634126097,0.0005380889959942761,6.284345696214446e-05,0.014525373992659896,0.5347486306388026,0.5153698688801869,0.03763229862644733,0.5326490076104698,0.4664375675958553,0.2102710811848027
industry_id,62,120,56514,0.02022472346184223,0.014155842098638285,-0.00046453242570794923,0.02580047694223785,0.06149968255940832,-0.0004612865612515552,0.0016010955544088577,3.2458644563940287e-06,0.02019724731508121,0.5237395813056327,0.520434997990889,0.04096555715709705,0.5292102903115657,0.4650940558141181,0.45123785591675664
industry_id,62,240,55615,0.028191568830963767,0.02043895488769797,-0.0008073628662859949,0.007209890703568989,0.03874832488584435,-0.0009996506580845987,0.0032583226989771103,-0.00019228779179860365,0.028014501482527057,0.5176859860813897,0.5152468577733815,0.030534213155841577,0.5213700477091564,0.4689888327429013,0.4597277419122804
industry_id,62,480,52345,0.04193302857452086,0.03054244844207005,1.783763740919462e-05,0.0038383070119041877,0.03747059874072589,0.0003094010386074314,0.005985483288684743,0.0002915634011982368,0.04152662558667253,0.504499340860893,0.5147190518595296,0.030090184070706502,0.5116328752237623,0.45509256605720183,0.6124644160409621
industry_id,63,5,2703,0.0032081589782844357,0.00182150613680276,-0.0001292079661574532,0.02501649600673855,0.01986794547809803,-0.00012149643956537702,3.3600722880913844e-05,7.71152659207619e-06,0.0032062205856106425,0.5361512791991101,0.5,0.0,0.5160648797697664,0.4638487208008899,0.0
industry_id,63,15,2697,0.0055306137064878875,0.0032403717311609613,-0.00021846383725550704,-0.0101480012020584,-0.0011880151668140118,-0.00014753398652324277,0.00010958276707423177,7.092985073226428e-05,0.00552409875318545,0.5376903082064612,0.5049212914781109,0.03299745073078037,0.49291163343319444,0.4656516895655403,0.02265131823245451
industry_id,63,30,2685,0.007098762062416997,0.004534585779444079,-0.00024038940561281946,-0.016027372961788987,-0.0050368031148451545,-0.00015895965087896967,0.00017705684760606705,8.142975473384981e-05,0.0070896438038056285,0.5248041775456919,0.5032726600355057,0.009149312684727452,0.4999173246248605,0.46922790003729953,0.14994405072734054
industry_id,63,60,2662,0.00973300131459083,0.006542488786045145,-0.00018060312483301084,-0.020584753231720265,0.0011277935847428613,-8.69475207907294e-05,0.00037774082369228126,9.365560404228145e-05,0.009716218818759285,0.502444528018052,0.49771813158461276,-0.004579136939749492,0.5024350751054506,0.4591951861602106,0.4422715306506205
industry_id,63,120,2627,0.01332545651211851,0.009330493500539208,7.817248431267637e-05,-0.0371530378619953,-0.005176208994275655,0.00017799798003344705,0.0013181463292999333,9.982549572077067e-05,0.013210987980959842,0.48628048780487804,0.4991945463981195,-0.0016563929404931456,0.4934263362193464,0.4489329268292683,0.6265243902439024
industry_id,63,240,2578,0.018868431953985458,0.013764992861144352,0.0005209030402202372,-0.0315167495490595,-0.024347764376866716,0.0002707740572560073,0.002604487811757333,-0.0002501289829642299,0.018598647479750145,0.4846720993403182,0.5056501402143673,0.01164926675686436,0.500688448232757,0.42607683352735737,0.6410554908808692
industry_id,63,480,2437,0.02995588324920702,0.023165274007879145,0.0011005566884306004,-0.02047917345370608,-0.013107457550237043,0.002383475919140623,0.004832289627753637,0.0012829192307100225,0.029444269509397585,0.43824374230611407,0.47373310520637935,-0.06053634213102193,0.4777311675015289,0.4296265900697579,0.7558473533032417
industry_id,65,5,1106,0.005255808833117405,0.0032507735537828874,-0.00011266027524493726,-0.009047373090096483,-0.014573689752983392,-0.00016351618884257306,2.948433329141858e-05,-5.08559135976358e-05,0.005254251766223516,0.527124773960217,0.5,0.0,0.49181067138064144,0.472875226039783,0.0
industry_id,65,15,1102,0.009090516181181018,0.005736829031976791,-0.0003260158569330134,0.03844450036632827,0.030550148698757662,-0.0002681213148829748,0.0001553419737939774,5.789454205003861e-05,0.009089314085790718,0.5290381125226861,0.5,0.0,0.5088886465263387,0.470961887477314,0.0
industry_id,65,30,1096,0.012667018160915873,0.00824581334864493,-0.00072758083727996,0.03248475025791092,0.005722896894507769,-0.0003516702873128412,0.0002506545449662921,0.00037591054996711885,0.0126517658950501,0.5063868613138686,0.5054977805749526,0.04895753976215974,0.5122076702530445,0.4990875912408759,0.012773722627737226
industry_id,65,60,1084,0.017267653696214073,0.011805743266494056,-0.0014001767224016144,0.04150649958707334,0.025749871768486587,-0.0004321053363775879,0.0004960716180023606,0.0009680713860240265,0.01722424405901559,0.503690036900369,0.5103655878827503,0.03001443836001048,0.5222431077694235,0.5092250922509225,0.13837638376383765
industry_id,65,120,1070,0.022530212072595073,0.01681861488338153,-0.0026770852599456193,0.0369177832238222,0.05172895775528976,-0.0006147566220720917,0.0015268658960235907,0.0020623286378735274,0.022374870436211076,0.5514018691588785,0.5556224597320487,0.11304567892728563,0.5503222486338128,0.5224299065420561,0.40841121495327104
industry_id,65,240,1040,0.029903997733247305,0.022904169598377367,-0.005282037892958923,0.0031139822533944417,0.01088705637995686,-0.001222473892322831,0.002892258653078424,0.004059564000636092,0.029300371673651567,0.4913461538461538,0.49832822513234887,-0.003410332459697897,0.508431317915854,0.5336538461538461,0.39615384615384613
industry_id,65,480,993,0.04803603879149982,0.03584802211600319,-0.004915516630838678,0.1101792839430331,0.024759249549732985,-0.00015969495082692378,0.0054381210179767075,0.004755821680011754,0.048076368717984784,0.5488418932527693,0.5340371129844814,0.06766660925339107,0.5245500113921167,0.5981873111782477,0.5820745216515609
industry_id,66,5,920,0.0028848237274898677,0.00187516258343457,-8.11604148944535e-05,-0.04051932381185427,-0.0395545611106448,-0.00011006832707963717,2.0004630351537267e-05,-2.8907912185183663e-05,0.00288280198613875,0.5119565217391304,0.5,0.0,0.4865944136297221,0.4880434782608696,0.0
industry_id,66,15,918,0.005391357632000489,0.0033765896834412282,8.680085864116911e-07,-0.013422298581720183,0.014348740865811678,-0.00015039788595538217,9.343805911609064e-05,-0.00015126589454179387,0.005389293802357088,0.4994547437295529,0.4989178106953601,-0.012433763392127426,0.5071067728401404,0.4994547437295529,0.007633587786259542
industry_id,66,30,914,0.008114195934239505,0.004827554694822192,0.00010240597705149579,-0.036381149226829806,0.05279739821202838,-0.00017895402155418654,0.0001436538239488613,-0.0002813599986056823,0.00810705326315332,0.5065645514223195,0.5075078526009347,0.02963642669038337,0.5337925189611583,0.5010940919037199,0.06892778993435449
industry_id,66,60,908,0.012139666628327845,0.00712534957175206,0.00041933503791273573,-0.045444418767469644,0.05562712065666786,-0.00017126174552606148,0.0003105470771447703,-0.0005905967834387972,0.01211434249081791,0.513215859030837,0.5181352682796612,0.041751477889853776,0.5256873832115903,0.5099118942731278,0.2522026431718062
industry_id,66,120,898,0.017004869130782183,0.010533721696001036,0.001191919927977099,-0.020856273992656923,0.07349677172696557,-0.00011834945606315645,0.0010428377161728292,-0.0013102693840402555,0.016909223788800092,0.5044543429844098,0.5058476626738276,0.011713876031805131,0.5401511350030058,0.5200445434298441,0.46547884187082406
industry_id,66,240,893,0.022978296521568662,0.014421880494214742,0.002595536581306738,0.0157627613980086,0.05933823398121368,-0.00022153663877887944,0.0021936466935364623,-0.0028170732200856175,0.022760211269449316,0.5240761478163494,0.5244817547558098,0.048969654761780314,0.5292425839482006,0.48712206047032475,0.5151175811870101
industry_id,66,480,846,0.030346927769388153,0.02164304976557763,0.007016811201765987,0.008474513536873588,0.03821747664669156,0.0016231633073002997,0.004470937394084199,-0.005393647894465687,0.029222003533964563,0.549645390070922,0.5366666666666666,0.08029129023601576,0.5261700336700337,0.5319148936170213,0.7056737588652482
industry_id,67,5,2894,0.0031990083551661037,0.0020364796947144196,-9.981857621407848e-05,0.03270801952736573,0.030498662545726953,-0.00011860635328405384,4.165398238493954e-05,-1.8787777069975354e-05,0.0031985420373393404,0.5159279778393352,0.5,0.0,0.5156517940298221,0.4840720221606648,0.0
industry_id,67,15,2885,0.006097593951701528,0.0037373104051101683,-6.162230634796773e-05,0.0967743141022706,0.06178944031268202,-0.00017270009294963334,0.00010649543050036775,-0.0001110777866016656,0.006106667201548941,0.5209705372616984,0.5,0.0,0.5311971329892073,0.47902946273830155,0.0
industry_id,67,30,2870,0.008537051502075272,0.00549399653370599,6.848102717592824e-05,0.1189138230987033,0.08145457858508282,-0.00019697058791856895,0.00016013182539689237,-0.0002654516150944972,0.008554337962678923,0.5222996515679442,0.501922642816555,0.013537277756933811,0.5341055040515611,0.47874564459930313,0.020557491289198607
industry_id,67,60,2840,0.012494044431088513,0.008265073004458811,0.0003427985401645042,0.1522437966435697,0.07460683651594716,-0.00016078706298877722,0.00031460291962731563,-0.0005035856031532814,0.012533366076553667,0.5274647887323943,0.5198762182931014,0.04474213933808257,0.5226485472331075,0.48345070422535213,0.27007042253521124
industry_id,67,120,2782,0.01757076135566745,0.012021001114967823,0.0009650244113626057,0.20400929094945594,0.07366024493640513,-0.00010779236570887112,0.0008629414786753136,-0.001072816777071477,0.017699937699763715,0.5068296189791517,0.5067085927873841,0.01343260681782547,0.5206374506933935,0.5025161754133717,0.5240833932422717
industry_id,67,240,2725,0.02395758899076355,0.01621869707256621,0.0026048647086014554,0.2552424657376453,0.08491670120685886,-0.00010999005008061681,0.001791209473962881,-0.002714854758682072,0.024209694567990346,0.5251376146788991,0.5242912002482536,0.04913034113466798,0.5356398619520021,0.5056880733944954,0.5746788990825689
industry_id,67,480,2537,0.029905860305876126,0.022449625323895096,0.004897154967076889,0.22967715200031244,0.1292870202589537,0.0017031757737820837,0.002906859247627402,-0.0031939791932948055,0.03003384873530362,0.48797792668506107,0.5086384228450027,0.020785137116935245,0.5515777798606555,0.4631454473787939,0.7796610169491526
industry_id,68,5,7296,0.0034261035792549454,0.0021793857476975808,-0.00014379035170311924,0.026097038581641415,0.04304133077737572,-0.00013655802477411557,3.726638000151556e-05,7.232326929003653e-06,0.003423854695152981,0.5145564405383136,0.5,0.0,0.5218247959989868,0.4854435594616863,0.0
industry_id,68,15,7276,0.00615352978278097,0.0038830695055131585,-0.00019459189104234278,0.025080491308079097,0.060266910763765245,-0.000205107052661603,0.0001263012002217296,-1.0515161619260203e-05,0.006152323802859934,0.5198844089720654,0.5014200587046596,0.020497270588795812,0.5350544092891044,0.4813540663272327,0.004816292830604101
industry_id,68,30,7246,0.008768180210993086,0.0056379631548137835,-0.00022582590707635522,0.02386199779498254,0.05371595363933978,-0.0002384320972885771,0.0001841081924432084,-1.2606190212221878e-05,0.008767732184535654,0.5178793317686041,0.5038417627670185,0.022039224605403075,0.5294093787227677,0.4850200193290073,0.03134060472180036
industry_id,68,60,7185,0.012126423132977883,0.008185839485052542,-0.00019787016188258264,0.042088911941136974,0.0708668622925471,-0.00027031792611225265,0.0003314951329994224,-7.244776422966999e-05,0.012134236550025386,0.532469342251951,0.520336787887237,0.0519826356665712,0.5396861510186909,0.48049052396878483,0.1882664437012263
industry_id,68,120,7095,0.016692574663882992,0.011878157261428244,5.7414066753431275e-06,0.07023367937498677,0.07358040516695613,-0.0002717698454151981,0.000960910580754332,-0.0002775112520905413,0.016732518182701134,0.5334742776603242,0.5325509078421398,0.06526413031975739,0.5393386731353245,0.4873854827343199,0.4625792811839323
industry_id,68,240,6999,0.022621608794906163,0.016710254669698357,0.00012555980428827638,0.06243817839327325,0.052283291540669935,-0.0005885623543727374,0.0019861114335218855,-0.0007141221586610138,0.022658253317655506,0.5229318474067723,0.5220315797989307,0.0441488812371779,0.5276934881679941,0.48649807115302185,0.4660665809401343
industry_id,68,480,6576,0.032899576453133864,0.024534806697924575,0.002038350684283608,0.07360822807926173,0.07673837666046242,0.0007093156672389742,0.0036480596097175793,-0.001329035017044634,0.032902727442606715,0.510800121691512,0.5226771541886817,0.04780300124184662,0.5320578812362011,0.46364466078491023,0.6616975965926377
industry_id,69,5,7957,0.0036518786398065757,0.0021718845969115564,-0.00014370321171229092,0.028163876181358252,0.03893652405401876,-0.0001328044946208629,3.668097016350905e-05,1.089871709142804e-05,0.0036498990062989426,0.5209120685311162,0.5,0.0,0.5143118412530552,0.47908793146888384,0.0
industry_id,69,15,7929,0.006386845403393284,0.003927407951176165,-0.0002473834764500802,0.042194816698767186,0.05360844328639427,-0.00018972197634543452,0.00011643731492990054,5.7661500104645666e-05,0.0063859053025417285,0.5234729934376577,0.5005137591368208,0.009539713207769585,0.5214422538879868,0.4769056032306916,0.0029025744573447755
industry_id,69,30,7899,0.008821288786012951,0.005702990939806801,-0.0003704858461817226,0.06430600863520088,0.09087560250887981,-0.00023559145821294505,0.0001688163216095113,0.00013489438796877756,0.008822750988561464,0.5344565492779326,0.5056177943957987,0.040675638579746445,0.5465007885256632,0.46997719787180137,0.01938180896883709
industry_id,69,60,7836,0.012504372216129496,0.008488440711557271,-0.0004978047891626881,0.1016510542627868,0.12133164745000898,-0.0002466632110557451,0.00030781750448743885,0.0002511415781069431,0.012521996213203917,0.5464641307122798,0.5254367416343867,0.06796358942709145,0.5528500045285326,0.46821547102374267,0.16760275721215215
industry_id,69,120,7731,0.017393477828680386,0.012439598461367128,-0.0006375248720599449,0.14647783633601655,0.1543146298994197,-0.00028374427459251496,0.0008977387356040405,0.0003537805974674299,0.017490588380859366,0.54547806960797,0.5420353021894023,0.08453645922217794,0.5653660349312524,0.4701772544960538,0.43977228619485054
industry_id,69,240,7640,0.025166233697400363,0.018351498135450107,-0.0011146867493673784,0.16618876855229053,0.15994578860458633,-0.000564813265811313,0.0018891618140140167,0.0005498734835560654,0.025386381149691776,0.5587118732818431,0.556707482091397,0.11359305560592062,0.5814508306192419,0.4723131299908365,0.46066239036523104
industry_id,69,480,7271,0.03934179851536978,0.028223109775238727,-0.0005012010647919766,0.17097913719261698,0.17609783642952473,0.0007559978191086541,0.003419659726833094,0.0012571988839006308,0.03977874229144444,0.5476550680786687,0.55351312463142,0.11279365832807853,0.5763986873853348,0.4817769220189795,0.6587814605968918
industry_id,7,5,1974,0.0035022564326815664,0.002300295069189937,-0.0001609661628315881,0.04013932306373984,0.04516205131225464,-0.0001377581673741929,2.2176491569964444e-05,2.320799545739521e-05,0.003499375394472097,0.5241484494153533,0.5,0.0,0.5167479088429622,0.4758515505846467,0.0
industry_id,7,15,1968,0.006880524630959337,0.004104571876695613,-0.00038974171554474263,0.026579780652286594,0.030687162238029374,-0.00023528585962794306,0.00010350627779415703,0.00015445585591679955,0.006871449348619079,0.5205897305541434,0.5,0.0,0.5073552864859491,0.47941026944585663,0.0
industry_id,7,30,1959,0.009612055139487572,0.0059062177440311215,-0.0006453448606914596,0.05941802733051755,0.0418880364936742,-0.0002997218418656385,0.0001330747194094268,0.00034562301882582115,0.009597353718725731,0.5171005615109749,0.5005279831045406,0.023361941011820438,0.4977712017563264,0.4834099030117407,0.0005104645227156713
industry_id,7,60,1941,0.013597445307170171,0.008821998616668122,-0.0011610053371848795,0.062197929641024836,0.04416671368106986,-0.00041092383015050617,0.0002666861180318116,0.0007500815070343735,0.013561761341091093,0.5010309278350515,0.49611439030845716,-0.015594767213125473,0.4901028828237025,0.4943298969072165,0.06649484536082474
industry_id,7,120,1912,0.018968907068565046,0.013161575546939587,-0.0021405530621619795,0.09024875555483305,0.10754778142521884,-0.0007376970356459599,0.000838193808554005,0.0014028560265160195,0.01890489504130719,0.5407949790794979,0.5291164658634537,0.07026466894723617,0.5471032602023815,0.4790794979079498,0.2196652719665272
industry_id,7,240,1876,0.02803191482590934,0.02133953420732128,-0.004511488689075137,0.10151272050043812,0.13171045531441233,-0.0015153231369249567,0.0018396423644089497,0.002996165552150181,0.02779263975229866,0.5421108742004265,0.5396493146449669,0.09243191129092455,0.5642428699547491,0.4952025586353945,0.24307036247334754
industry_id,7,480,1782,0.04091743116594175,0.031006084296375584,-0.005035969149808423,0.07874923520997315,0.09428100322424648,-0.001162174237564344,0.0034508704745792704,0.0038737949122440787,0.04073211093289919,0.5488215488215489,0.5481284129773445,0.09837516066909721,0.5294490738116383,0.49663299663299665,0.39674523007856344
industry_id,70,5,1819,0.004122898919460743,0.002643552507638415,-9.547334312176667e-06,0.04188928933432073,0.02076748812438839,-0.00012381195808410935,3.827777065553666e-05,-0.0001142646237719327,0.0041243139122306436,0.5447513812154696,0.5,0.0,0.4977512849800114,0.4552486187845304,0.0
industry_id,70,15,1814,0.007763018539439504,0.0048063168856301314,0.00012785850644796856,0.05777060395677892,0.026119700225486476,-0.00020174659675530383,0.0001264502740695911,-0.0003296051032032724,0.007768244017032263,0.5502762430939226,0.5022698670374384,0.02906726313105685,0.510143217947912,0.45138121546961324,0.0060773480662983425
industry_id,70,30,1806,0.01084872069952126,0.00698904775337647,0.0002861241220181722,0.07702719747179428,0.0500000763691964,-0.000246964583367033,0.00016956448072688823,-0.0005330887053852052,0.010856690187035447,0.5227272727272727,0.5067323535673106,0.036934046444664734,0.512642082685755,0.48281596452328157,0.03436807095343681
industry_id,70,60,1795,0.015537447722834349,0.009695943207133646,0.0009374381299692022,0.0989279173895037,0.04482439235405902,-0.0003376908227087914,0.00036372054681082616,-0.0012751289526779937,0.01554090048325519,0.5273132664437012,0.5024038461538461,0.006606081250814059,0.5103088017751479,0.463768115942029,0.15607580824972128
industry_id,70,120,1773,0.022912724048185278,0.013732762965284868,0.002593998342962967,0.1869031337655058,0.1086109681388478,-0.00037989215300580226,0.0009252332798620922,-0.0029738904959687694,0.02292019133412696,0.5389390519187359,0.5251538512120497,0.05174807532552489,0.5324206052963755,0.4452595936794582,0.37133182844243795
industry_id,70,240,1760,0.03366290154414308,0.02140790009043485,0.005196285061317047,0.2378723805952156,0.15360344050282845,-0.0007842419698135927,0.0019214047135851229,-0.00598052703113064,0.033664076377890866,0.55,0.5388387056251055,0.07881175288322652,0.5359624914452911,0.4426136363636364,0.39829545454545456
industry_id,70,480,1667,0.05132377185615738,0.03334952307198702,0.012462478096992064,0.3788422223048389,0.3481987171484055,0.00022585110539284406,0.0034268912457444504,-0.01223662699159922,0.05098484958527846,0.6010797840431914,0.6072775361942216,0.21938288115424703,0.6587413304227808,0.47270545890821836,0.6076784643071386
industry_id,71,5,6648,0.003518813728476674,0.002130872236482296,-0.00022544984838152084,-0.000196906773804646,0.040793832277835784,-0.00012662864731388914,4.1324727879174515e-05,9.88212010676317e-05,0.003511332730486091,0.5083031400966184,0.5,0.0,0.5175872596812112,0.49169685990338163,0.0
industry_id,71,15,6629,0.005901891415603162,0.0036910782131687274,-0.0003260119197700476,0.0288372755948546,0.046501433313645056,-0.00018759953351292542,0.00013845276688804502,0.00013841238625712213,0.005895247584208086,0.514881402024475,0.5,0.0,0.5188745169553604,0.485118597975525,0.0
industry_id,71,30,6603,0.00799324879638793,0.005257603983523927,-0.0005155664947071033,0.05140415772689595,0.06050843276537793,-0.00023429916958169392,0.0002119087241433056,0.00028126732512540937,0.007984689504336482,0.5028805336567617,0.5012887200996848,0.008644622905035431,0.528530848972982,0.49833232261976956,0.02274105518496058
industry_id,71,60,6547,0.01083212962956458,0.0075591369397828255,-0.0007830456827035671,0.08952001116045118,0.09907912957459936,-0.0002577183214304674,0.0003694851817344855,0.0005253273612730997,0.010830596704873744,0.5199449793672627,0.5254373701824511,0.06668593142824428,0.548609148426787,0.5084823475469968,0.17667736512303225
industry_id,71,120,6456,0.014722230213085434,0.010772039218886989,-0.0013042805536126337,0.12451580887504786,0.13934814873636933,-0.0003209508855454537,0.0010187018472154604,0.00098332966806718,0.014756309640633814,0.5518363551836355,0.5535699243001223,0.10763739107789876,0.5699989710509512,0.5165039516503952,0.4492484115915078
industry_id,71,240,6374,0.02014202026044171,0.015254022472996214,-0.0023978302462165646,0.13870870069171956,0.1546286021888942,-0.00062908460211858,0.002160163592093494,0.0017687456440979845,0.020183668884505453,0.5651969245253413,0.5689263230135915,0.13788091112918952,0.5889282815800001,0.5399340969715989,0.45881060724933315
industry_id,71,480,5956,0.027879048228891787,0.021236368398541875,-0.0023361045813886684,0.1583501045806289,0.22259078618221934,0.0006317097158007051,0.003936631069397034,0.0029678142971893734,0.028131100607518996,0.6001679261125105,0.5785518207676807,0.16395550298029032,0.6290739254707841,0.5731318219983207,0.6592779177162049
industry_id,72,5,9382,0.003916254759779575,0.00236665022439589,-0.0002388856029099978,0.004207518191392621,0.011799483283649763,-0.00012431385675397056,3.70373743836524e-05,0.00011457174615602724,0.003908942510265867,0.5045586184704495,0.5,0.0,0.49792021972244194,0.4954413815295506,0.0
industry_id,72,15,9354,0.006786216602839458,0.004133254066804668,-0.00042877621864603613,0.007007512717683086,0.015636904640577837,-0.00019276207829399197,0.00014063006676556894,0.00023601414035204414,0.0067721826203984755,0.5017167381974249,0.5000036840309783,0.00011252830712252562,0.5056564611640506,0.4982832618025751,0.001072961373390558
industry_id,72,30,9313,0.009465402508563394,0.005874948585920845,-0.0006858112859945243,0.01689912436526798,0.03503337590863675,-0.00024394943003744126,0.00020275587413456236,0.0004418618559570831,0.009441774203675443,0.4987088444157521,0.5042082600331684,0.02277202853559244,0.515414385530955,0.5059177964278029,0.03539918226812998
industry_id,72,60,9227,0.013107568315742349,0.008515562153299714,-0.0011580524242372273,0.022596483035035433,0.04354312627394836,-0.000266025983156296,0.00038290562699297534,0.0008920264410809313,0.013059350381452612,0.509765625,0.5160638490169716,0.03779002166285717,0.5280990364329415,0.5119357638888888,0.2365451388888889
industry_id,72,120,9129,0.018237305828826517,0.012394122074041069,-0.0021277868384108113,0.033042742497624074,0.08416367548740183,-0.00040842638327520794,0.0010054968516675586,0.001719360455135603,0.018118077898109878,0.5357142857142857,0.5387436260275362,0.07870243627828433,0.5413558871722346,0.5167616126205083,0.41093339176161264
industry_id,72,240,9076,0.024749070497802804,0.017163920580526994,-0.004033599940907691,-0.030333575652172762,0.04767563277231506,-0.0007743251029488316,0.0020930708595411625,0.003259274837958859,0.024264880921438078,0.5382070790605359,0.5456909588426258,0.09212624627309707,0.5409245475929526,0.5455948836696438,0.42209725438306317
industry_id,72,480,8625,0.03827563630730865,0.026195770553859642,-0.006932463662240994,-0.0026268103364824867,0.04978942267902013,0.0004510120926762297,0.0037201525319147727,0.007383475754917223,0.03744854927594535,0.5686456400742115,0.5441921994452109,0.0893594787118532,0.5591608224911087,0.6041280148423006,0.6266233766233766
industry_id,73,5,13027,0.003355369208898559,0.0020328248896326648,-0.0001561760309643152,0.016328709968871768,0.03586654426668625,-0.00012271948260072685,3.3744782877307436e-05,3.3456548363588356e-05,0.003352113803740908,0.5159500693481276,0.5,0.0,0.514034380530822,0.4840499306518724,0.0
industry_id,73,15,12991,0.005718724766440943,0.0035759281243124066,-0.00025566214479275063,0.035613971592075834,0.045911256553463266,-0.0001678779571267025,0.00010671380771342748,8.778418766604813e-05,0.005715812094686668,0.5091835159746875,0.5000255223137944,0.000685143216735385,0.5238212551545065,0.4908164840253125,0.001389103256675413
industry_id,73,30,12943,0.008139096769606892,0.00525285277279144,-0.00034516444926319454,0.05742666983441983,0.07384224353030888,-0.0002034268637203987,0.00015081329353509548,0.00014173758554279585,0.008139041267420538,0.51446249033256,0.5044966054554998,0.025157257292616964,0.5377657243077267,0.48932714617169376,0.03302397525135344
industry_id,73,60,12846,0.0115606387135303,0.007704664330906575,-0.00042833441144358417,0.08787720915174034,0.08758366090516582,-0.0002064730453148856,0.00027628808263185114,0.00022186136612869855,0.011573701553273641,0.5249591153336968,0.5231140009904637,0.056319560707637675,0.5426917303367319,0.49676816447317185,0.2143914025387431
industry_id,73,120,12684,0.01602418465119633,0.011222542979241959,-0.0004137378570478567,0.12718326548137174,0.10782950671188422,-0.00016829565642156337,0.0007951980278658821,0.00024544220062629337,0.016100548473741975,0.5474688534931399,0.5476715642092518,0.09533822895878777,0.5593695698090095,0.510250749093203,0.4910897334805236
industry_id,73,240,12589,0.02256007837831809,0.016039367157678303,-0.0007226864877926166,0.13119052757454863,0.1182906562851835,-0.00032694010589146314,0.0016954084356493445,0.00039574638190115343,0.022708193078227572,0.5361881306109478,0.5360857361475173,0.07217147229503477,0.5502201548508311,0.5074282990386907,0.5074282990386907
industry_id,73,480,11984,0.032326789836629864,0.024335716853254623,-0.00029929939798664786,0.18202110113733283,0.17774614090499297,0.0011694945372756958,0.003124805622938206,0.0014687939352623436,0.03274782439566622,0.540303738317757,0.5362533545528303,0.08049947683022002,0.5840761689669315,0.5093457943925234,0.7173731642189586
industry_id,74,5,14373,0.0028930290499368317,0.0018056212664683661,-0.00014569508058963554,0.025526272567800566,0.026738040550498072,-0.00011373982351335228,2.7946989483898246e-05,3.1955257076283256e-05,0.002889936375243246,0.5145155648828261,0.5,0.0,0.5088514057562442,0.4854844351171738,0.0
industry_id,74,15,14326,0.004853726998524079,0.0030619521021697698,-0.00016273246999955787,0.02930528878987494,0.02457282497915512,-0.00014688732763033744,9.898466967598433e-05,1.58451423692204e-05,0.004852889884531829,0.5139696099712905,0.5000112767946062,0.00011205816670387853,0.5107114238228087,0.4857502975982074,0.010223373713325398
industry_id,74,30,14264,0.006805685952124439,0.004405034417827635,-0.0002195702088832949,0.047034187058056065,0.050248325770590845,-0.00017262817470065328,0.0001542236091188431,4.6942034182641634e-05,0.006807652145268774,0.5122602402866577,0.5028372877958113,0.011432780815061034,0.5201420359599123,0.4891449448464835,0.06590318274432656
industry_id,74,60,14135,0.009333338277512286,0.006332367890119066,-0.00021967140140266076,0.05457666382880943,0.057469056472593295,-0.00015759549510657332,0.0003179133542869711,6.207590629608746e-05,0.00934270211935647,0.5198272199405184,0.5194577155739546,0.04420748726465312,0.5246770702962036,0.4992210735023368,0.26278147571165555
industry_id,74,120,13926,0.012635915650990865,0.008893633735031537,-0.00013173256327400992,0.05665981450080964,0.07174897647136844,-0.00013945664253925353,0.0010193035219746578,-7.72407926524361e-06,0.01265193342146329,0.5267241379310345,0.526967660805979,0.0540388605068679,0.5336159008779017,0.5038793103448276,0.46882183908045977
industry_id,74,240,13782,0.01788741952326097,0.012772692399099013,-0.00020543982346251264,0.058021011695908536,0.07036312043644993,-0.00026954092097896694,0.002086733148205453,-6.410109751645432e-05,0.017885583240048422,0.5181851179673321,0.5183363239399058,0.036668982593341205,0.5323004278880843,0.5100544464609801,0.49284936479128855
industry_id,74,480,12942,0.025497906193612013,0.019114729460450435,0.0010444045241427807,0.051380367309336886,0.06397336452964437,0.0011367783882938226,0.0041930273481133136,9.237386415104202e-05,0.025345448739954195,0.4946676970633694,0.49044856473797044,-0.020459366099627885,0.524689816356483,0.5117465224111283,0.6793663060278207
industry_id,75,5,2937,0.005373174502405132,0.003217828405107597,-0.00020917455013752645,-0.013056271327066774,0.016472711551850375,-0.00013406668906650065,4.095789041834784e-05,7.510786107102579e-05,0.005368410481545715,0.5262978142076503,0.5,0.0,0.5085170211760545,0.47370218579234974,0.0
industry_id,75,15,2920,0.00969259002946572,0.0056411095457978904,-0.00042636042723502246,0.01585157138449475,0.042424639743343276,-0.00024866787136663135,0.00015392241015426713,0.0001776925558683911,0.009684424838222941,0.5200686106346484,0.5,0.0,0.5112891605575788,0.4799313893653516,0.0
industry_id,75,30,2883,0.013792392792036116,0.008125544327591537,-0.0006676371294824387,0.001976863680813102,0.04315223099869289,-0.00032591483064774846,0.00023422925594942365,0.00034172229883469015,0.013774696101923084,0.5166782487838777,0.5003437737069685,0.0020178746853380556,0.5127638680779278,0.48262682418346076,0.029881862404447533
industry_id,75,60,2829,0.018396954548296176,0.011501494124652022,-0.000709130992969545,-0.022450643591976988,0.022641764575011405,-0.0003864680165122074,0.00044778366558611307,0.0003226629764573376,0.018367777654949617,0.5224778761061947,0.5082926493811321,0.024477868212319023,0.5179629311720894,0.4807079646017699,0.1320353982300885
industry_id,75,120,2736,0.02466444434663354,0.016347048911989,-0.0006498501599944289,0.0531526083218935,0.08847488629333566,-0.0008412921442283482,0.001276862479388995,-0.0001914419842339193,0.024690759101188314,0.5349177330895796,0.5191322311386815,0.04381200166487578,0.5347834095146449,0.4676416819012797,0.2548446069469835
industry_id,75,240,2650,0.034513931587244744,0.024170812500501338,-0.0009384957600260985,0.10180280609920454,0.1633406091218669,-0.0016284249543941597,0.0025751721680279086,-0.0006899291943680613,0.034668088244339514,0.5521541950113379,0.5288913921438914,0.06364456794649005,0.5717947798651943,0.4452003023431595,0.28458049886621317
industry_id,75,480,2505,0.056591869896762584,0.038885586955042045,-0.003240837290694347,0.16221393444514765,0.231966737932931,-0.0014228803220905824,0.004910947101106374,0.0018179569686037644,0.05708742188270688,0.5612774451097804,0.5564769600086175,0.11365832540295007,0.6017699001561903,0.46187624750499,0.43273453093812375
industry_id,76,5,3869,0.0035994668358277876,0.0023440272274050777,-0.00011946286473923038,0.007689051737717736,0.019328696833476173,-0.00010969362558815838,4.7990851672782204e-05,9.769239151071995e-06,0.0035975327675100534,0.5223376623376623,0.5006164828033745,0.0068913169755945095,0.5037655472636816,0.4779220779220779,0.008051948051948052
industry_id,76,15,3850,0.006730009079878231,0.004265428454730079,-0.00027679981016570003,0.015829797480898515,0.02067320515374785,-0.00020715223685021864,0.0001514770714754471,6.96475733154814e-05,0.006725006312880272,0.5256577233654598,0.5000312995178785,0.00025408313193604163,0.5086735046587291,0.4735608231310237,0.015368585569158636
industry_id,76,30,3827,0.00945503734656228,0.006219826882181681,-0.00035928211922361887,0.04018784701057124,0.04895409150534902,-0.00025000062921474563,0.00023489272443952364,0.00010928149000887325,0.009454732951784471,0.5185669456066946,0.5078236557197344,0.03224829377097041,0.5256246347715295,0.4877092050209205,0.06276150627615062
industry_id,76,60,3775,0.013065568410021152,0.008955541400955131,-0.0003577420546688826,0.0824845100425473,0.08148369263864878,-0.00029805624013341076,0.0004052838200494515,5.968581453547186e-05,0.013087852683370371,0.5190779014308426,0.517485946536175,0.046979020806271296,0.5369397711902868,0.49761526232114467,0.16613672496025436
industry_id,76,120,3691,0.017582798186578187,0.012439082549680736,-6.944939249387996e-05,0.11356695937863424,0.09784771104833924,-0.00041530484515653565,0.0012312462149917372,-0.0003458554526626557,0.01767988458229676,0.5218098076402059,0.5176356402303527,0.03642429616446341,0.5468625444139011,0.4833378488214576,0.3741533459767001
industry_id,76,240,3639,0.02675426474652194,0.0183289846769385,-0.00012629839735995947,0.1576222213601781,0.0838954819489933,-0.0008345517571339873,0.002541027096032083,-0.0007082533597740279,0.0270365567677418,0.500412881915772,0.4988967768727815,-0.002255453239730498,0.5248939820610675,0.49270575282135975,0.39609138453069087
industry_id,76,480,3405,0.04583326588943422,0.02997049177781475,0.0002163972007769798,0.17408579199062524,0.1167390209951777,-0.0002603744187600167,0.004688516402030786,-0.0004767716195369965,0.04641582511375853,0.500587544065805,0.5015584569962624,0.0031211771413341685,0.5453882458478007,0.48413631022326675,0.5305522914218567
industry_id,77,5,364,0.0017756637704074132,0.0011595996315589732,1.0153235390415265e-05,-0.009839841852495684,0.021154546314947616,-8.813478501366802e-05,1.9760673682471127e-05,-9.828802040408328e-05,0.00177533035120143,0.5316804407713499,0.5,0.0,0.5204815604998476,0.46831955922865015,0.0
industry_id,77,15,362,0.0033028021216652682,0.002006171754404158,0.00017862834091658583,-0.07430755019546109,-0.05054132448362343,-0.00012804023515965626,8.251484110515427e-05,-0.00030666857607624206,0.003290809935169696,0.5348189415041783,0.5,0.0,0.4948852295409182,0.46518105849582175,0.0
industry_id,77,30,360,0.004957378969734957,0.0031634578138437066,0.0004726583658440278,-0.05653402421741493,-0.052628197981799886,-0.00011228283405620864,0.00012319008293019208,-0.0005849411999002364,0.004926297474092522,0.520891364902507,0.5027981594329063,0.011193333769543547,0.46039049869419224,0.479108635097493,0.06685236768802229
industry_id,77,60,354,0.007305629525365879,0.004838649312879648,0.0011876641644723586,-0.030228282665196303,-0.033856470570909375,-0.00012629458024350686,0.00025738918561787227,-0.0013139587447158654,0.007196071865302508,0.5225988700564972,0.5135174000575209,0.03202251109301352,0.46615856581344073,0.4830508474576271,0.23163841807909605
industry_id,77,120,343,0.009672008769211787,0.0068236630503138085,0.002965079499751082,0.042158520567188495,0.1123563612729625,4.190052430140012e-05,0.0009124026648619036,-0.0029231789754496818,0.009199527611976325,0.49122807017543857,0.5142045454545454,0.029280596641050077,0.5685500841750841,0.42105263157894735,0.6432748538011696
industry_id,77,240,325,0.013063551711196273,0.009260584962075182,0.006399204494015206,-0.07119646720463424,0.007281652246957421,-8.170957247225138e-05,0.0018884591702074377,-0.006480914066487458,0.011097572432896632,0.48,0.4982029598308668,-0.0034235984390653404,0.512706131078224,0.3384615384615385,0.556923076923077
industry_id,77,480,280,0.024329020067844258,0.018896395724277683,0.017319036746578476,-0.053821244122530296,0.12258919342454,0.0015016282694497412,0.0038482608825910463,-0.015817408477128734,0.016441784771117154,0.41785714285714287,0.568989591266819,0.15790129444416837,0.6400736227468901,0.2785714285714286,0.8107142857142857
industry_id,78,5,6790,0.004299861121707111,0.0026472960625497275,-0.00019200373521211002,0.0006370423479306168,0.00932292713147724,-0.000138771698802402,4.354671365113849e-05,5.323203640970802e-05,0.004295379172140163,0.5192878338278932,0.5,0.0,0.5011536155202821,0.4807121661721068,0.0
industry_id,78,15,6761,0.007519883400133636,0.00467715079282506,-0.0003746668057948555,0.014732476397807668,0.025815282543641273,-0.0002520610857311135,0.0001830648917196383,0.00012260572006374197,0.007511010102381905,0.521493380931132,0.5018813387154246,0.024145832161062565,0.5028820159087243,0.48014279339580546,0.006098467945857504
industry_id,78,30,6720,0.010619389398997037,0.006777535447907231,-0.0005524567986033243,0.023562512921549688,0.0488191916306584,-0.0003404292826720242,0.00027478021040291766,0.00021202751593130015,0.010607925377516578,0.5266139853884002,0.5073956034284322,0.03476798098671823,0.5230489425295056,0.47875354107648727,0.04741315043983897
industry_id,78,60,6655,0.01471365122644198,0.009932773548318128,-0.000832155522111021,0.02026339841462866,0.048055945804240316,-0.0004482696268509494,0.000525930043760789,0.00038388589526007163,0.01469134378847502,0.5310666466074921,0.5169107247726822,0.047050645319683705,0.5238182230052492,0.4796148638483526,0.15209869113885963
industry_id,78,120,6556,0.019453851959281638,0.013816133759678564,-0.0013944634338394892,0.017950296421226756,0.044976497639396165,-0.0008139037396807094,0.001419741158828262,0.0005805596941587797,0.019377301544677133,0.5222900763358779,0.5126738686131387,0.02791657526262682,0.5130580087591241,0.4770992366412214,0.28946564885496184
industry_id,78,240,6525,0.025578141601480416,0.018662277883874603,-0.002116386208782349,0.010443410763498091,0.005295604509796261,-0.0016937871547986778,0.0029770366525847017,0.0004225990539836711,0.025347102278362343,0.5056731064090769,0.4981471176003388,-0.003983660915450932,0.49471159425313516,0.479607482367372,0.3155473781048758
industry_id,78,480,6156,0.03474612055601464,0.026002610111880216,-0.0028723390786084884,-0.033627425308019494,-0.017696028743067416,-0.0013012878518661875,0.005419776637043413,0.0015710512267423009,0.03401865035284849,0.4815537136356249,0.47991258195441777,-0.04026407643893006,0.48266958412928557,0.47944092312692993,0.4609133755891435
industry_id,79,5,4224,0.003837591482837034,0.0022155262368834267,-0.00017118996161281214,0.008407911141037425,0.009263015289047362,-0.00012240296013722013,3.668174748662001e-05,4.878700147559201e-05,0.0038339042394280386,0.5045066413662239,0.5,0.0,0.5007187220857997,0.4954933586337761,0.0
industry_id,79,15,4205,0.007193869733206746,0.003990829927564535,-0.0003876154655996176,0.03307852948678724,0.00973914144924323,-0.000181488343363965,0.0001485072307758631,0.00020612712223565263,0.007186798345552996,0.4866666666666667,0.4989172499419145,-0.01499507916032794,0.5060068577195632,0.5123809523809524,0.005238095238095238
industry_id,79,30,4173,0.009898269239191135,0.005857624308928742,-0.0007420953895361297,0.019059661638105227,0.0027855695581266242,-0.0002261820141255178,0.00022240318007597803,0.000515913375410612,0.009872145655629293,0.49328537170263786,0.5117170693914779,0.04790404320753537,0.5056351208819673,0.5211031175059953,0.06378896882494005
industry_id,79,60,4110,0.013497876318599365,0.008620042702823068,-0.0014372543731764195,-0.003020981809572001,-0.01688807693977376,-0.00024360603420771974,0.0004193651436460154,0.0011936483389686997,0.01341331843122282,0.4936739659367397,0.5207218866839229,0.04724249759152153,0.5054551337359793,0.5547445255474452,0.2552311435523114
industry_id,79,120,4020,0.018874896416890583,0.012964030650649891,-0.0025144330190461565,-0.002894625373831372,-0.010035540579980093,-0.000312895726709944,0.0012260523104215128,0.0022015372923362125,0.018662895521713702,0.5001244090569793,0.5075281089233068,0.015012047530814098,0.5211237317012788,0.5665588454839512,0.4453844239860662
industry_id,79,240,3973,0.027107798505127886,0.020120829995768988,-0.004855345290077321,0.045852493950832615,0.03387842323341818,-0.0006236774476128776,0.002538514427855777,0.004231667842464443,0.026664991431087658,0.5164862824062422,0.5268075327878041,0.0524102839239789,0.5593219049754191,0.6123835892272842,0.46010571356657437
industry_id,79,480,3751,0.03788471331598848,0.026713072361214132,-0.009851469446261285,-0.02426700967034351,-0.08179512963087582,0.0006744793723743301,0.004791089481151954,0.010525948818635614,0.03615023471984788,0.5267928552386031,0.4726445792338714,-0.052305855235410724,0.48827553322758094,0.6923487070114636,0.6302319381498267
industry_id,8,5,2723,0.0038912160098076637,0.0023643683164594237,-0.00026465820222862434,0.03555115204388966,0.028739364476163647,-0.00013399786908158189,2.9106883052143844e-05,0.00013066033314704245,0.0038831311152486146,0.5007347538574578,0.5,0.0,0.5125610249217601,0.49926524614254225,0.0
industry_id,8,15,2713,0.007639444968057012,0.0042375744413047,-0.0006659576545212281,0.04453587002737863,0.040995844525492646,-0.00022455864443892643,0.00011530105089629536,0.0004413990100823017,0.007614625939279178,0.488020641356432,0.5,0.0,0.5101058380586351,0.511979358643568,0.0
industry_id,8,30,2695,0.010212962023783424,0.006121089214220926,-0.0011986890533728393,0.06410258304271013,0.06231726006682328,-0.0002706281792528838,0.00015588177637589366,0.0009280608741199555,0.010151172758820654,0.46159554730983304,0.5001706526243935,0.0033427060505009146,0.5189355154706577,0.5387755102040817,0.0025974025974025974
industry_id,8,60,2662,0.013745959229910981,0.009068348595935435,-0.0021188225277647458,0.08739108869375434,0.10527658057504127,-0.0003894086548388403,0.00028653801422789124,0.0017294138729259053,0.013603719348813726,0.45543437382474616,0.5040978498865202,0.027228425310327656,0.5480371138971307,0.5509590071455435,0.022940955246333206
industry_id,8,120,2641,0.018642303212841153,0.013371027361807605,-0.004218847702683441,0.11683032419463096,0.14681932584174523,-0.0006902314386339714,0.000913018967491474,0.0035286162640494703,0.01824267027684414,0.5081408557364635,0.5324074716631968,0.07588799299352532,0.5800601434189221,0.5456266565694813,0.23703142748958728
industry_id,8,240,2622,0.031309853498383604,0.022999049995046292,-0.010042081709481567,0.15731167092426687,0.17706776954981987,-0.0013537609581725457,0.001911592275053429,0.00868832075130902,0.029896319603550648,0.532418001525553,0.5590592698855017,0.13261361580091463,0.5984915208804027,0.5556826849733029,0.26735316552250193
industry_id,8,480,2482,0.047697226363095854,0.03384556218598882,-0.016667292148039105,0.2482766725506979,0.24842446826383366,-0.0006122539833219576,0.003358277613021733,0.01605503816471715,0.0454055661048377,0.6071716357775987,0.6094712316065096,0.21741910851622542,0.6327327734722801,0.5592264302981467,0.4935535858178888
industry_id,80,5,9246,0.0027337950670235753,0.001729822752319753,-0.0001884193605915648,0.024576252432682417,0.03279961746706655,-0.00013321729488204522,3.185110027176624e-05,5.520206570951956e-05,0.0027278910904463545,0.5124959428756897,0.5,0.0,0.5149440696011913,0.4875040571243103,0.0
industry_id,80,15,9223,0.0050757469363461385,0.0030803436693325596,-0.00028145497626272213,0.045658042665898964,0.04874680183445638,-0.0001887012506904156,0.0001026140771108891,9.275372557230651e-05,0.00507158582400324,0.5078641935133963,0.5004533301121632,0.012571894518093433,0.5216914928061737,0.49256969302527387,0.0013016596160104132
industry_id,80,30,9190,0.007164609943927194,0.004460341954626827,-0.00044495639439531045,0.06187361510332553,0.07290648721425247,-0.0002222680193372704,0.00013979674936476393,0.00022268837505804004,0.007158067968302111,0.4979316350968866,0.5027431986082619,0.029163510281316137,0.539147753842583,0.5048987589810582,0.008926627476594819
industry_id,80,60,9123,0.010097772542123998,0.0066177229991759,-0.0007072577259962559,0.06954370883714409,0.0760697421830171,-0.0002788214231021523,0.00028785562006077296,0.0004284363028941037,0.010088898162645646,0.5081122560841921,0.5141090838875151,0.048816564163411444,0.5434907159416242,0.5073448805086603,0.09197544398158299
industry_id,80,120,9033,0.013932106022999425,0.009732001057207857,-0.0012621642910458774,0.09057029438649349,0.06797123625856623,-0.00034979584761504995,0.000893777584412304,0.0009123684434308274,0.013927185072562763,0.5293401240035429,0.5354569207994042,0.07234412337018561,0.5406133562921527,0.529118689105403,0.39703277236492474
industry_id,80,240,8930,0.019431695621174545,0.01430660418941327,-0.002631301225290706,0.12336224954641412,0.12547949575404654,-0.0007064430593890488,0.001831356227524733,0.0019248581659016576,0.01939266806731631,0.5370660694288913,0.547778639057233,0.09674765704176287,0.5684962187576517,0.5537513997760358,0.40548712206047033
industry_id,80,480,8413,0.025444851319276117,0.02004397912889579,-0.0021079526373194734,0.1162442573805003,0.1111790230378515,0.00021022195024289651,0.0034246462524961073,0.00231817458756237,0.025526312117782793,0.5556876262926423,0.5462853935529457,0.09441257901732988,0.5753907892712447,0.5453464875787472,0.6078687745156306
industry_id,81,5,1835,0.002350538313252695,0.0016260049078531806,-0.00019073481416900077,-0.007657927199071696,-0.0014740713963791146,-0.00011413708653823442,1.8666773297267173e-05,7.659772763076635e-05,0.0023425696167496367,0.5099118942731278,0.5,0.0,0.4989279734025772,0.4900881057268722,0.0
industry_id,81,15,1831,0.004462062566232341,0.002857309431121179,-0.00039832405623303166,0.009860208640874103,0.01533826737612004,-0.00012641542502921172,7.295630324223572e-05,0.00027190863120381996,0.004444368561428074,0.5010989010989011,0.5,0.0,0.5108833999922714,0.4989010989010989,0.0
industry_id,81,30,1824,0.006171566342992516,0.004067996503321462,-0.0007102341398163852,0.02985976568591071,0.04983570959892793,-0.00017667002683945037,0.00010431805598668867,0.0005335641129769348,0.0061327907637200784,0.47936158503026965,0.499453203704378,-0.0034415541960601285,0.5252212067144886,0.5211887727022565,0.025866813428728673
industry_id,81,60,1812,0.008860749328524195,0.006100979464625337,-0.001246976141488882,0.034549120745484115,0.06227841184003118,-0.00016044459259317403,0.00021020396838798927,0.001086531548895708,0.008777313456724509,0.4823008849557522,0.5124006670882191,0.034826140883229044,0.5368248227815804,0.5425884955752213,0.14767699115044247
industry_id,81,120,1791,0.01254193686481915,0.008995764278322303,-0.0023559961644701085,0.05260444502184606,0.08517107264174982,-0.00018844423714012743,0.0006571742058889217,0.0021675519273299812,0.012335740129637545,0.5159128978224455,0.5285908606773005,0.05693936057288795,0.5503689350289374,0.5840312674483529,0.42936906756002235
industry_id,81,240,1780,0.016623491225994193,0.012266758597682158,-0.0049183277643706285,0.06880637314661496,0.1174367408577266,-0.00037292902716932547,0.0014404151534392713,0.0045453987372013034,0.015913202807573208,0.5508712759977515,0.563300724733866,0.12399720198814998,0.5701830417584751,0.6093310848791456,0.45699831365935917
industry_id,81,480,1686,0.019255509337494967,0.015399639682615469,-0.007543293430085973,0.038105082774596524,0.004964781711212863,0.0006741051447027046,0.0029109164757835995,0.008217398574788677,0.017586968113905487,0.5502079619726679,0.4947964493419039,-0.010723899129291519,0.531688943305105,0.6470588235294118,0.6868686868686869
industry_id,82,5,2752,0.002587972784692278,0.0015709621738055901,-0.00021936619512082122,0.02554376890973106,0.04165624664436008,-0.00011656267650873498,2.33725970201842e-05,0.00010280351861208624,0.0025791500457570072,0.5165876777251185,0.5,0.0,0.520944233510135,0.4834123222748815,0.0
industry_id,82,15,2746,0.004414730497605606,0.0026879156321227707,-0.0003140779972605879,0.052278500281896595,0.05195931002898721,-0.00014478769955990594,9.532146246320608e-05,0.00016929029770068195,0.004407498343125359,0.5113056163384391,0.5015024652564889,0.03214800165631086,0.5266861886027658,0.49015317286652077,0.002188183807439825
industry_id,82,30,2737,0.006088814917403214,0.003955546537781048,-0.00048491715302161336,0.08290295695902004,0.08748278848446407,-0.0001807087543501308,0.0001293227521440658,0.00030420839867148253,0.006078827452509168,0.506578947368421,0.5048223281085434,0.03498820619425619,0.5414027152948142,0.49817251461988304,0.019371345029239765
industry_id,82,60,2720,0.00877110429339783,0.005965616369419489,-0.0006764876048407587,0.11165221118025757,0.0861517129626646,-0.0002129784176705631,0.00027976889732483776,0.00046350918717019554,0.008771794015001878,0.4979757085020243,0.5165495168452428,0.05170444284173872,0.5373567806772857,0.5241074714758925,0.11556864188443136
industry_id,82,120,2692,0.012446270581367285,0.00847430407728262,-0.0012858284010262816,0.15301691135508563,0.1530520244495274,-0.00028015641666359625,0.0008649276178776726,0.0010056719843626854,0.01248247863546809,0.557785209959123,0.5585177708889049,0.11681942979511471,0.578272322443615,0.5314009661835749,0.4920104050538833
industry_id,82,240,2671,0.01749252728049908,0.012279218382401908,-0.0026610980985667713,0.21936240978257437,0.21715159572644463,-0.0005208598479028138,0.001823045441191767,0.0021402382506639575,0.01759710215097216,0.55672032946462,0.5544401995945736,0.1086728894675146,0.590491008978592,0.5436166229876451,0.530887308124298
industry_id,82,480,2531,0.020799381684208862,0.016025978756232497,-0.0028597174737619857,0.20000801259333065,0.1555832072399194,0.0005940933822354663,0.003377364355529379,0.003453810855997452,0.021009855210863192,0.5827736072698538,0.5482848232848233,0.10351414846783394,0.5685638098681577,0.5906756222836823,0.6989332279731332
industry_id,83,5,899,0.004235697644366763,0.002639644356918072,-0.0001663732577132595,0.08468331724503002,0.08817987885791337,-0.00013058504860899856,2.3647480053989167e-05,3.578820910426093e-05,0.004234365868002021,0.5161290322580645,0.5,0.0,0.5390061434799841,0.4838709677419355,0.0
industry_id,83,15,895,0.006705482315734604,0.00447206664394778,-0.0003231894477719112,0.06520859316547259,0.08726410796302929,-0.00021027028735424002,0.00011369555678521913,0.00011291916041767123,0.0067041422295577,0.4960893854748603,0.5,0.0,0.5464183695891013,0.5039106145251396,0.0
industry_id,83,30,889,0.009833760248055016,0.006733252003881516,-0.0005536232360904889,0.09878866702430089,0.12765308821607765,-0.00028739007332213477,0.0001595822715150365,0.00026623316276835413,0.009832644462793678,0.4904386951631046,0.4997417826113372,-0.0022372648860162496,0.5685795005771919,0.5095613048368954,0.013498312710911136
industry_id,83,60,877,0.01395464287162153,0.009506141474405237,-0.0007613710468367852,0.14715462436389173,0.17301186442893063,-0.0003551050788057095,0.00030074941185068615,0.00040626596803107566,0.013974937922408675,0.5039908779931584,0.5159816995096967,0.05894680076906675,0.5900372672100601,0.5142531356898518,0.07981755986316989
industry_id,83,120,858,0.0182668658834287,0.013461765967009227,-0.0008763054977402292,0.1898684330841689,0.21468796547591754,-0.0007031476815065069,0.0008835508329119881,0.00017315781623372222,0.018392959609666925,0.5524475524475524,0.5563809668724459,0.15256821601261264,0.6026378141031214,0.5058275058275058,0.16317016317016317
industry_id,83,240,854,0.02600289314412836,0.01833613429884051,-0.002731864682415742,0.290777583280812,0.3812591449532039,-0.001414987937338973,0.0019354370351691579,0.0013168767450767692,0.026355380912576134,0.5796252927400468,0.6068260253971063,0.26029694287572025,0.7145120791115437,0.5456674473067916,0.21194379391100704
industry_id,83,480,807,0.039617380505951864,0.02895009688150684,-0.005817048046152948,0.31882482390986416,0.4023787772430358,-0.0009668953223396301,0.003633573473010307,0.004850152723813317,0.040194841013308946,0.6369268897149938,0.6506658330728352,0.3029401268126743,0.7373116598937168,0.5662949194547707,0.4163568773234201
industry_id,84,5,3745,0.0042214101269827655,0.002683826319809956,-6.930099577979046e-05,0.024632048595733362,0.010526395171584433,-0.00015462362383494155,4.147896707668616e-05,-8.53226280551511e-05,0.004221659267013968,0.5275106837606838,0.5,0.0,0.49534686692760693,0.4724893162393162,0.0
industry_id,84,15,3729,0.00756819718134871,0.004858512815713073,-5.6680233400287066e-05,0.07575587156043896,0.05045642815092043,-0.0002975717859453397,0.0001668029956714858,-0.0002408915525450526,0.0075787933469667135,0.5349959774738536,0.5,0.0,0.522065978094024,0.4650040225261464,0.0
industry_id,84,30,3711,0.01061918937444572,0.007054698219596989,2.7346663831591268e-05,0.10581384766684561,0.05637135077309936,-0.0003877982614665814,0.000267604054949601,-0.00041514492529817266,0.010644135778361773,0.5459444893559687,0.5,0.0,0.5345537683702374,0.45405551064403127,0.0
industry_id,84,60,3675,0.015036553860851254,0.010463849391099001,0.00018427772444958005,0.13371842840432382,0.0689647904974901,-0.0005542421041034339,0.00048547977844031213,-0.000738519828553014,0.015092642550857445,0.5512925170068027,0.49835647279549716,-0.008097269114656434,0.5343720825515947,0.4421768707482993,0.04244897959183674
industry_id,84,120,3615,0.021403720318171223,0.015676105933008843,0.0003162093893988791,0.15049383624562054,0.08974340223361822,-0.0010551265334207461,0.001375436191763514,-0.0013713359228196252,0.02156513778014956,0.541908713692946,0.514361803691892,0.03489730701245536,0.530732347403422,0.4517289073305671,0.21327800829875518
industry_id,84,240,3565,0.02985055660218426,0.021926625662668113,0.0007453767204429469,0.18492617744901083,0.0939857793578461,-0.0021016687551528987,0.0028415503654505322,-0.0028470454755958456,0.030235775945851705,0.5301542776998598,0.5092111436634487,0.021965620355665235,0.5352095531226078,0.46171107994389904,0.22580645161290322
industry_id,84,480,3330,0.04776772390569542,0.0339117504813174,0.0032209024406895607,0.2529411841816869,0.16442294153355086,-0.0021582568531391677,0.004929022118285705,-0.005379159293828728,0.04866658364675885,0.5408408408408408,0.5287613663643443,0.058400245677403276,0.5697693864944464,0.4402402402402402,0.3954954954954955
industry_id,86,5,8454,0.006106204542020913,0.0037204963074311294,-0.00038024776201056045,0.03129086802850686,0.04967540034820307,-0.00018748368770899542,5.4422815556625646e-05,0.000192764074301565,0.006095813750508619,0.5128356796403644,0.5,0.0,0.5186974449809064,0.48716432035963564,0.0
industry_id,86,15,8365,0.010112102476194672,0.0063348512242318794,-0.0007595370861923203,0.03964807963717922,0.06058977574843016,-0.0004229762079556029,0.00023169732546981253,0.0003365608782367174,0.010090065315800503,0.5280966044954567,0.4994599864161886,-0.009684534438398597,0.5180349219493062,0.47118603538976567,0.0031085604973696795
industry_id,86,30,8248,0.013896523123614458,0.008941394960518692,-0.0012267418177319667,0.0767769916516645,0.09217804947200142,-0.0005842315799389671,0.00039410656831401203,0.0006425102377929995,0.013866950660481717,0.524733268671193,0.5004467852242506,0.0035426609707265968,0.5403023615099908,0.47490300678952474,0.016125121241513093
industry_id,86,60,8055,0.01908194781022297,0.012894633300206307,-0.002243608595654082,0.09126053145140181,0.10828919297566544,-0.0009004641136976594,0.0007559332532524398,0.0013431444819564224,0.01900361854909321,0.5014276846679081,0.5023985733277339,0.01224378335883631,0.5587352543209645,0.5010552451893234,0.039975170701427684
industry_id,86,120,7724,0.026506880980754353,0.019093352415129355,-0.004638901656451687,0.10231730436893424,0.13294765352329357,-0.0018365259530916927,0.0020589256590377997,0.002802375703359995,0.02622797594201365,0.4952097358881409,0.518546641481174,0.05712353810631983,0.576251629613897,0.5305541170378042,0.11923873640600725
industry_id,86,240,7325,0.03728774344754109,0.028039547296130184,-0.009513420375468254,0.15340927261034784,0.1552096586728636,-0.00372213970311145,0.0039385297676671725,0.005791280672356803,0.036447249457023476,0.47003412969283276,0.5388345807298752,0.11754151055023893,0.5974873539719221,0.5889419795221843,0.12013651877133105
industry_id,86,480,6757,0.060815942879092054,0.04411770863770122,-0.020223668233525324,0.09134358955819243,0.11856529701769675,-0.004682209658273079,0.006881559213142144,0.015541458575252246,0.05757260633126974,0.4786147698682847,0.5478341564103337,0.11070122481237359,0.5974500631230585,0.6217256178777564,0.22731981648660649
industry_id,87,5,4160,0.00437661738035791,0.002411354688069502,-0.00015797041244553197,0.018914935494480725,0.03794090247520045,-0.00015514532392706733,4.861879526870126e-05,2.8250885184646165e-06,0.0043744150313765285,0.5367788461538462,0.5,0.0,0.51372208308128,0.46322115384615387,0.0
industry_id,87,15,4145,0.007738740602964971,0.00436084291819902,-9.029827800840446e-05,0.04043825531483934,0.05304043034722915,-0.0002802003430775833,0.00020144956708363868,-0.00018990206506917884,0.007743741706650728,0.5524728588661038,0.49922510746040155,-0.012054643729094965,0.5120282635576753,0.44632086851628466,0.004101326899879373
industry_id,87,30,4122,0.010726301029080273,0.006447331256049551,9.221559397496607e-05,0.08127051130335583,0.07751204472053204,-0.00036053107672476373,0.0003326405511304972,-0.00045274667069972977,0.010747813277042911,0.5574963609898108,0.503820707176126,0.02196470776378982,0.5172562186532762,0.44274623968947113,0.030810286268801553
industry_id,87,60,4076,0.014947529071241092,0.00959153743851865,0.0003454228228582963,0.11941952872399944,0.10341684149790556,-0.000522382993306951,0.0006633337453555243,-0.0008678058161652473,0.015008232779656835,0.5522571148184494,0.5082024082184808,0.029185829924636288,0.5369827986133688,0.44676153091265947,0.08537782139352307
industry_id,87,120,4013,0.0211571569263022,0.01403467666794115,0.0008128595662446165,0.14981112313363312,0.16861690616211233,-0.0008804816347118694,0.0018719523729647063,-0.001693341200956486,0.021340804646030328,0.5715353938185443,0.5501569632367294,0.10786482665428708,0.568236760752265,0.44242273180458624,0.3085742771684945
industry_id,87,240,3961,0.031137138425102535,0.021292647496435713,0.0015199267377623011,0.22201085702324,0.22613171318691758,-0.001805674123725431,0.003579206500388629,-0.003325600861487732,0.031698213401478506,0.5738449886392325,0.5561555484175837,0.1205735772412239,0.6005066758911226,0.45140116132289826,0.312547336531179
industry_id,87,480,3746,0.047086204644676596,0.03258163488432816,0.0038178237301465757,0.27122705588940915,0.16724077278077715,-0.0018950461560586298,0.006254510500136816,-0.005712869886205205,0.048239853187093014,0.5656700480512546,0.5570951537794402,0.11510257082082727,0.5795217129671719,0.4444741057127603,0.4164442071542979
industry_id,88,5,9403,0.00403488788876507,0.002494321657926318,-0.0002780753304848467,0.025077969126917447,0.04466783441059693,-0.00014961094088850624,4.5142262125539084e-05,0.0001284643895963405,0.004026173423030571,0.5096870342771982,0.5,0.0,0.5194338973791405,0.4903129657228018,0.0
industry_id,88,15,9371,0.0069557113126516015,0.0043038635520947595,-0.0005961032722835552,0.017534723686827257,0.025784114095498207,-0.00028870849692860725,0.00019203500322408952,0.00030739477535494795,0.006930828190016766,0.5091821481956011,0.49921411035928726,-0.013465401948440172,0.5019327009692198,0.48996369848387783,0.003416613282084134
industry_id,88,30,9330,0.009586880384193176,0.00615877011085607,-0.0009607439522268182,0.03269128788876409,0.04416342763762772,-0.00036805598524274074,0.0003131719803678117,0.0005926879669840775,0.009543719766807348,0.4994104405616894,0.4998608528353849,-0.0007775471675939147,0.5177338982256267,0.5004823668131633,0.03312252117054346
industry_id,88,60,9254,0.013422291254438999,0.00898781716771612,-0.0017974700249770036,0.043822462107909105,0.060097059654903334,-0.0005574810126281742,0.0006167221927542678,0.0012399890123488294,0.01331413989869714,0.4838430779206744,0.5003327110936447,0.0013966653252985028,0.5300572647653268,0.5187506754566087,0.060304766021830755
industry_id,88,120,9132,0.01879938372399342,0.013280016837603556,-0.003437122114375496,0.04533095134407432,0.06481850848468974,-0.0009887580760855916,0.0017473465619841175,0.0024483640382899044,0.018479102197220175,0.49923329682365825,0.5248359740411259,0.0577938913950879,0.5422990408255738,0.548959474260679,0.24096385542168675
industry_id,88,240,9025,0.027221327860711547,0.019640560416318346,-0.0073487555810662795,0.08195076474935171,0.08551309073241833,-0.0021432285262671636,0.0034723673731477337,0.0052055270547991155,0.026265712538316357,0.48193705673758863,0.5389371208465018,0.0880229023625208,0.5777109275233793,0.6092641843971631,0.24767287234042554
industry_id,88,480,8426,0.04258990643339153,0.030576225776107253,-0.011396082946340542,0.10467983212400288,0.1333796577926055,-0.0020140017033913834,0.006019309907395355,0.00938208124294916,0.04122806037541443,0.5518632803228104,0.5792475074114117,0.15625487044619935,0.5917329582516716,0.6231901258010919,0.40837882743887965
industry_id,89,5,2056,0.0029823290402726985,0.0020474004555693266,-0.00022934982091785895,0.04261104835756864,0.05117402585582572,-0.00014602674792984097,3.1833026930228885e-05,8.332307298801796e-05,0.0029746834745511047,0.5107317073170732,0.5,0.0,0.5186474959076924,0.4892682926829268,0.0
industry_id,89,15,2053,0.005126818066038724,0.0035560425003666324,-0.0004103541790703284,0.04599034475603687,0.06888536827442829,-0.00021911211736906045,0.00014621868833691407,0.000191242061701268,0.005115005987637637,0.5119687347337567,0.49914887519701967,-0.012203093996362031,0.5374026842432058,0.4870542256961407,0.004885197850512946
industry_id,89,30,2049,0.007458004292212972,0.005207745182732966,-0.0006916852761934827,0.07925588522371203,0.11874899839181612,-0.00029134694423364944,0.00024920921516599393,0.00040033833195983335,0.007441454900721151,0.525390625,0.5110887096774194,0.05525862532217125,0.5650354349951124,0.484375,0.0419921875
industry_id,89,60,2038,0.010708024994169974,0.007524904750566909,-0.0012836406995032205,0.10974451621047931,0.16995634673385826,-0.0003611144245280249,0.0005319280414191487,0.0009225262749751955,0.010676027817075925,0.5191364082433758,0.5175187437701342,0.06189243709428233,0.5793392369588143,0.49803729146221787,0.08783120706575073
industry_id,89,120,2026,0.014435863958767682,0.010477817883408444,-0.0024001444838382276,0.13213777629511098,0.2003118647003012,-0.0005661666191937834,0.0015144178041320276,0.001833977864644444,0.014355678131625652,0.5646594274432379,0.5771082922245713,0.16536856854462564,0.5897952392138439,0.5330700888450148,0.3168805528134255
industry_id,89,240,2007,0.018978036624362836,0.014459715309920684,-0.004708432933460878,0.1863485866689892,0.27732883186485674,-0.001208207334256506,0.002834107965807005,0.0035002255992043724,0.018700729211021925,0.5894369706028899,0.6245309721853223,0.2649905654661753,0.6639691606547996,0.5839561534628799,0.31190832087693077
industry_id,89,480,1914,0.028526309589759356,0.022356143951196564,-0.007571307476644158,0.13517527506885954,0.2227274923784664,-0.0005435706205668985,0.005084046001862694,0.00702773685607726,0.02772518127124092,0.6238244514106583,0.62485799424764,0.2459204744650765,0.6222213080758446,0.5882967607105538,0.51619644723093
industry_id,9,5,12560,0.004845345929424385,0.002911721198158668,-0.00025247025457865343,-0.01218690688500083,0.00750672870464374,-0.00014899248661668548,4.656821261625602e-05,0.00010347776796196798,0.004837972305824141,0.5114016903205231,0.5006362361664077,0.010638339652989668,0.5010188530296618,0.48915643438048156,0.0035879445064583002
industry_id,9,15,12511,0.008690415169633786,0.00520089821903113,-0.0006009331430313897,-0.02978659282868184,-0.007410406722572697,-0.000281096975457365,0.00018259576112029336,0.00031983616757402464,0.008662253033325705,0.501960156812545,0.5005705789623214,0.009322251926543677,0.4939566433216926,0.49859988799103927,0.003760300824065925
industry_id,9,30,12446,0.012125331070316377,0.007423258634593109,-0.0009682841049983792,-0.04108121793225593,-0.01172565078952298,-0.00037192318779412267,0.0002816732700928438,0.0005963609172042565,0.012071758917735721,0.49131832797427655,0.4999728902198178,-0.00022275896486915518,0.4949832944544353,0.5089228295819935,0.015032154340836013
industry_id,9,60,12308,0.017207616841653606,0.010966003541062292,-0.0016509532399442274,-0.049676867564834554,-0.01993163474811725,-0.0005120509250831186,0.0005108834790144026,0.0011389023148611088,0.017095253868685465,0.47557109178115603,0.494833823708999,-0.01931346740025041,0.4911046022023329,0.5228030241443785,0.07739208194455735
industry_id,9,120,12135,0.024401612725421323,0.016402463038600934,-0.002812822793043376,-0.05805205540330587,-0.027367822659882086,-0.0008250649953818392,0.0013861787521318384,0.001987757797661537,0.0241189450769168,0.4731723398994478,0.4865594847235998,-0.02972891213480514,0.49530589353383986,0.5311959119756037,0.284595730651941
industry_id,9,240,11940,0.032040873297576586,0.023483924573874132,-0.004868383939833087,-0.034998454327365626,-0.03141924430079648,-0.001666289983303411,0.0029080694263138606,0.0032020939565296763,0.031433438735346035,0.4749539286312615,0.4880175178740994,-0.025744926313058674,0.4865338310248291,0.5353493047411627,0.3143742670464064
industry_id,9,480,11431,0.05128547047831403,0.03688340852355432,-0.011459144175248959,-0.08232406488643103,-0.08945671912455086,-0.0008756721077949479,0.005070832683900553,0.010583472067454011,0.049315318509225325,0.4730994663633978,0.47380770452359855,-0.051640992186910505,0.46549582375976317,0.5843758201382206,0.49138308109526724
industry_id,90,5,1831,0.003977953571628833,0.0023004064422524266,-0.0002951295045252248,-0.009922152848970826,0.018036367587613802,-0.00012557453434629002,3.4831324924765546e-05,0.00016955497017893479,0.003966491941179859,0.5114754098360655,0.5,0.0,0.5090997198799212,0.4885245901639344,0.0
industry_id,90,15,1825,0.0065570649300610235,0.0039459263877884105,-0.0005064157890172607,0.004458837650959771,0.050679981292187246,-0.0001765590351376338,0.00012683322655741597,0.0003298567538796268,0.0065368150036662345,0.51947339550192,0.5026902776438832,0.022675849621777017,0.52864769112118,0.4827207899067471,0.01426220515633571
industry_id,90,30,1816,0.008983922539543297,0.005773567431289056,-0.0008526335121405132,0.007916307560050722,0.060973785453579975,-0.0002274550402655968,0.00019442377656724426,0.0006251784718749164,0.008942796415598177,0.5110132158590308,0.5013105778191985,0.0055400982819986105,0.5134649735942839,0.4889867841409692,0.05947136563876652
industry_id,90,60,1800,0.012429619207909373,0.008642650009753778,-0.001584639767778021,0.013218474151024595,0.06614066336346226,-0.00026754784177885287,0.0003756679121358898,0.001317091925999168,0.012327435019624739,0.5027777777777778,0.5121560871235659,0.03574839326015321,0.5266408555711075,0.5127777777777778,0.13333333333333333
industry_id,90,120,1784,0.01563846503292311,0.011473718059115698,-0.002771112319240604,0.02662856396228165,0.06431974616036067,-0.0002590153143187043,0.0011913691226838206,0.0025120970049218997,0.015376566290830371,0.5434660684240045,0.5499954494433152,0.10152515346694663,0.5536099818988968,0.5339315759955132,0.4071789119461582
industry_id,90,240,1768,0.023493901230058827,0.017182664496573224,-0.005898369931989745,0.04925825644848837,0.09251315038993746,-0.0003843062540621084,0.002359003926553062,0.005514063677927636,0.022735246159872033,0.5808823529411765,0.58756555458754,0.17307985756793695,0.5922665625940365,0.5808823529411765,0.47285067873303166
industry_id,90,480,1674,0.03686072055849499,0.02642558175158873,-0.010948492727967194,-0.027509172399091446,0.056601897031449314,0.0013926848432598824,0.0038911869136681785,0.012341177571227076,0.03487457112159085,0.5925925925925926,0.5461574155072607,0.09740965436149218,0.5777865678794472,0.6242532855436081,0.6983273596176822
industry_id,91,5,1888,0.004484608058359576,0.002259200503866455,-0.00025889435099420556,-0.021109474355195376,0.023733603940688866,-0.00014101913974226882,3.776987416762303e-05,0.00011787521125193671,0.0044761723452860485,0.5143008474576272,0.5,0.0,0.5102363301276832,0.4856991525423729,0.0
industry_id,91,15,1882,0.008132795614802896,0.004206851979151728,-0.0003574162929565325,0.04786429302167663,0.0941658909229599,-0.00022232077794850236,0.00012127512538114825,0.00013509551500803015,0.00812983971511979,0.5026567481402763,0.5000225872318895,0.0003471736152914306,0.5359927540160099,0.4973432518597237,0.004250797024442083
industry_id,91,30,1874,0.011743444994491575,0.00645845545800939,-0.0005185134028769103,0.08153118291868364,0.11769221653226851,-0.0002802917034690877,0.00019581217245384468,0.0002382216994078226,0.011746333788733234,0.5064034151547492,0.5058977092559183,0.0369592563085101,0.5495422384414922,0.4994663820704376,0.026147278548559232
industry_id,91,60,1853,0.01573213658897016,0.0094365549927882,-0.0009400192671844763,0.10063356208871153,0.1445748148710728,-0.00034415375080255666,0.0003856580651630234,0.0005958655163819198,0.015738149605964757,0.49595250944414465,0.497049729961463,-0.010140466033210614,0.5731742692184026,0.5013491635186185,0.0933621154883972
industry_id,91,120,1809,0.02133015601975629,0.014162882056858596,-0.0014114667856326055,0.10787731557315411,0.1128941383214184,-0.00032034929473784014,0.0011887261266767858,0.0010911174908947653,0.021378805803104473,0.5295743504698729,0.5324599067855701,0.06627215542951072,0.5547518563372357,0.5140961857379768,0.39856274184632395
industry_id,91,240,1753,0.026993610287292757,0.019257413079800306,-0.001020041060050839,0.03785891750148646,0.04083490397601208,-0.0005236605947456841,0.0023355672488668605,0.0004963804653051548,0.026961595598057945,0.4997147746719909,0.5036528250688166,0.007400129371652079,0.5198224466100478,0.5236737022247575,0.416999429549344
industry_id,91,480,1698,0.03906493726459405,0.027786493215626467,-0.0010296854191853533,0.06660974516832698,0.11518927835174114,0.0005396341109218885,0.004438154555475245,0.001569319530107242,0.039095099202757694,0.6012956419316844,0.5977616789212964,0.20276764524652943,0.5881743285869783,0.5135453474676089,0.633097762073027
industry_id,92,5,16003,0.0038827767756653216,0.0022160676096314317,-0.00018193793843500133,0.007713903718738416,0.027438721968521824,-0.00012654928171740466,4.777940770581599e-05,5.5388656717596664e-05,0.003878586112542606,0.5120376175548589,0.5,0.0,0.5135737326807959,0.48796238244514106,0.0
industry_id,92,15,15943,0.006332673465764931,0.003735466866139061,-0.0002567931447395413,0.026470997845018027,0.048448772957040406,-0.0001898780769202924,0.0001779285526059784,6.69150678192489e-05,0.006329674303432171,0.5200125667609173,0.5035073239222829,0.021791862852839645,0.5194836966833637,0.4825636192271442,0.02657869934024505
industry_id,92,30,15852,0.008495436886344729,0.005337732262969445,-0.0003350556800401678,0.03791273211514702,0.07213699264157769,-0.00024381943086487014,0.00028494623563723586,9.123624917529763e-05,0.008494853298230028,0.5196512068747631,0.5087199781033491,0.03294237931898007,0.5327137954669413,0.48710981928472136,0.07576140528244661
industry_id,92,60,15684,0.011433130105826908,0.007570088328956555,-0.00031647511302652063,0.057770331216923355,0.07624613735334508,-0.0003073948304447612,0.0005440882728671578,9.08028258175946e-06,0.011447266051816184,0.5260672579924701,0.5217690593630443,0.05779389526107375,0.535949491463276,0.4934592559504818,0.17114415161763769
industry_id,92,120,15489,0.01569487650978068,0.010807260507767449,-0.00025943290224639953,0.10081396979337498,0.1295731688566086,-0.00032927711949871864,0.0015020510012515838,-6.984421725231914e-05,0.015772843036966862,0.5508978168195323,0.5506501648168829,0.10140791690166584,0.5626434754064478,0.49463893553804417,0.4763596434569177
industry_id,92,240,15219,0.02214252803382172,0.015994700989797432,-0.0003407993646587887,0.16314905305586042,0.20162480228160973,-0.0005976841063986786,0.0030535118075566557,-0.00025688474173988986,0.02243216146715744,0.5789404495859077,0.580053595512271,0.15991091430215107,0.6038804773782153,0.47121072696200866,0.5147232811883792
industry_id,92,480,14321,0.032960699530980124,0.02367748808932761,0.0003312192425431088,0.18365447615205308,0.20065002314772,0.0006986569445346455,0.0054213010528366135,0.0003674377019915366,0.03352100267713861,0.5594132029339853,0.5613139605255452,0.1298195870124616,0.6012166019171076,0.49423681453021306,0.6641983932937479
industry_id,94,5,1830,0.0032667899451370584,0.0020704703919560276,-3.053009236381776e-05,0.018212460521621163,0.04140770723086766,-9.99433290973704e-05,3.261311445232054e-05,-6.941323673355264e-05,0.0032670784968870624,0.5359297860669227,0.5,0.0,0.510496139337142,0.46407021393307735,0.0
industry_id,94,15,1826,0.0059808642003821,0.0038067564171354834,0.00010115408752268058,0.015177069072163464,0.015418453297448153,-0.0001400999310119437,7.951284910923226e-05,-0.0002412540185346243,0.005980686983285208,0.5391780821917809,0.5018714826637155,0.014439645874137414,0.5085920264448112,0.46136986301369864,0.016986301369863014
industry_id,94,30,1819,0.008574615041724095,0.005538518464926265,0.00027877550319369877,0.015534872012406645,0.028909428890290384,-0.00016588876254927242,0.0001247376028995347,-0.0004446642657429712,0.00857111228307863,0.550357732526142,0.5045728118194126,0.01661723746600384,0.5053177791512155,0.4452394056136489,0.08145294441386902
industry_id,94,60,1805,0.011569559538472515,0.007869295173976554,0.0006346394571142089,0.030027318726320792,0.05532359666432045,-0.000201393393257896,0.00028747714059285643,-0.0008360328503721049,0.011557197969665046,0.5678670360110804,0.5246088518659178,0.06535958534858746,0.5344250334805812,0.4343490304709141,0.1673130193905817
industry_id,94,120,1780,0.014922513470355937,0.01125471168144329,0.0017279232170327953,0.053978063580566296,0.09470907126018377,3.4089402911734634e-05,0.0009998464804349006,-0.0016938338141210608,0.014842441955631927,0.5207865168539326,0.5218136014841048,0.04270528842448006,0.5299027900750485,0.39775280898876403,0.500561797752809
industry_id,94,240,1776,0.02026948518019872,0.01640780527293501,0.0037673428386401017,0.0927883928433983,0.11275095674961336,0.00013592022803201977,0.0019539481048309014,-0.003631422610608082,0.020002356028662852,0.5061936936936937,0.5127867139746138,0.024748859800119035,0.5381912172750893,0.3721846846846847,0.5225225225225225
industry_id,94,480,1683,0.029211937922711866,0.024734335417776906,0.009787404591381953,0.15581299436333795,0.18768295424515125,0.0017434713571189626,0.003717421071556513,-0.00804393323426299,0.027856691376676124,0.43672014260249553,0.5157446864564741,0.03192605441656329,0.5849903509869656,0.3113487819370172,0.7035056446821153
industry_id,96,5,3653,0.003956597182970005,0.002198788657253394,-0.0002217617114537768,0.02116695001637896,0.03332134826064438,-0.00014955964498328633,3.535286917315187e-05,7.220206647049047e-05,0.003950967767866784,0.5216319824753559,0.5,0.0,0.5032445572237071,0.47836801752464403,0.0
industry_id,96,15,3643,0.006490369296326078,0.0037754380414064506,-0.00036063931030682375,0.0508004075520498,0.05808798340607719,-0.0003128877236294719,0.00017307799659524646,4.775158667735182e-05,0.006486828725078164,0.5317046390337634,0.5,0.0,0.513494236080135,0.46829536096623664,0.0
industry_id,96,30,3628,0.009130561044486637,0.005538945226767778,-0.00046484527438425666,0.07254404321023904,0.08235007646828338,-0.0003907695091627292,0.00026215200600234915,7.40757652215275e-05,0.009133988869289192,0.5283902976846747,0.501317058822633,0.02121126758975991,0.5381268869283208,0.4727122381477398,0.003858875413450937
industry_id,96,60,3598,0.012877327571597026,0.008260119327755068,-0.0007542982931325946,0.08298808340965028,0.07311070688542441,-0.0007422533011450388,0.0005968074811590869,1.204499198755585e-05,0.01289097928008969,0.5169538632573653,0.5014654430104122,0.013969440854155874,0.5258105712320361,0.4841578654808227,0.011117287381878822
industry_id,96,120,3560,0.017464299947113494,0.012020785552711943,-0.0012187416872573233,0.08140744492340497,0.08275556009270064,-0.0013985006337340533,0.0018868648729283377,-0.0001797589464767301,0.017473529118932737,0.5264044943820225,0.5212484311728907,0.04993207624938072,0.5337725259892491,0.4901685393258427,0.23735955056179775
industry_id,96,240,3518,0.024940264414260938,0.017986489816082966,-0.002755336073734263,0.1238394186964004,0.11812183529692283,-0.002921843213919892,0.0036994485335013322,-0.00016650714018562917,0.024972396319758915,0.5517339397384877,0.5428256857700451,0.10271261954687831,0.5565524104836497,0.48379761227970436,0.22370665150653782
industry_id,96,480,3330,0.038584170090104265,0.028519456730354505,-0.0031841388211162397,0.14266570699594172,0.11557241254964935,-0.0034971048218175745,0.006412498406707377,-0.00031296600070133507,0.03883998362567465,0.5225225225225225,0.5169057404799918,0.03586650911878062,0.5468751636368495,0.4831831831831832,0.3324324324324324
industry_id,97,5,917,0.001820879204737219,0.0012282728058233873,-0.00015957175828193137,0.01524974988150826,0.005558824530306213,-0.0001275114062849804,1.8369655126174534e-05,3.206035199695097e-05,0.0018140608708964666,0.49612403100775193,0.5,0.0,0.4952560832025118,0.5038759689922481,0.0
industry_id,97,15,915,0.0032095283527034998,0.002085604119797534,-0.00035171724331876795,-0.0002789671387309601,0.025819281540367323,-0.00016964519798947763,9.268097141050938e-05,0.00018207204532929032,0.003188826205870014,0.4714285714285714,0.5,0.0,0.5092585861816631,0.5285714285714286,0.0
industry_id,97,30,911,0.004700275933232302,0.0030410368187646546,-0.0006242086745961007,0.008934843580716438,0.02920920049436924,-0.0002192260647838185,0.00013337892155122126,0.00040498260981228223,0.004657925431595557,0.45434543454345433,0.4972112428634168,-0.020503904599212024,0.495557019470063,0.5445544554455446,0.0187018701870187
industry_id,97,60,903,0.0066698226534193,0.004534109586920961,-0.0011582947800820597,0.029377494903779416,0.06539064705587043,-0.0002633211240822146,0.00031131176252112533,0.0008949736559998452,0.00657024730090939,0.4673311184939092,0.5316179599943255,0.08834100064563061,0.5222321301907059,0.5891472868217055,0.1450719822812846
industry_id,97,120,892,0.008403997218051445,0.0061900365499389,-0.002148110139787625,0.05080691378207735,0.11111949318709527,-0.0003706487790982118,0.0010383325043194583,0.0017774613606894132,0.00811113152206994,0.489337822671156,0.5170146861326517,0.033507588019332145,0.5490485422172161,0.6318742985409652,0.3995510662177329
industry_id,97,240,891,0.012160429425272344,0.009364900015497259,-0.0047324163564937405,0.07167086572502351,0.15995839030865586,-0.0009534290069808262,0.002185328736721247,0.0037789873495129144,0.011144306084762481,0.5444319460067492,0.5829097358915014,0.1662316877616813,0.6041211524734486,0.6265466816647919,0.3689538807649044
industry_id,97,480,844,0.0169775901102648,0.012527116143365066,-0.006144903333598187,0.15770819521783563,0.18233860074190056,6.123391099790579e-05,0.004040688160474253,0.006206137244596092,0.01595252486370685,0.5516014234875445,0.548932384341637,0.09237710986670536,0.5872994262990591,0.6666666666666666,0.5243179122182681
industry_id,98,5,5780,0.004123459212420761,0.002348267671295945,-0.00024869168509519254,0.01193092790133424,0.051575966830751364,-0.00013638476693719162,3.376883565642581e-05,0.00011230691815800091,0.004116217290515745,0.5172713070647457,0.5,0.0,0.5238987472518456,0.4827286929352543,0.0
industry_id,98,15,5750,0.007521836650491505,0.004269488974863021,-0.0005492934926842479,0.03028048326864819,0.048510287244414904,-0.00018693569708620603,0.00011930726974822731,0.0003623577955980419,0.007504418110699519,0.502527453372843,0.5005390026445766,0.008529787654621151,0.5280162272002489,0.4979954680146418,0.0040090639707164024
industry_id,98,30,5709,0.01064865347865251,0.00621650708337286,-0.0009715610975406288,0.05051940135753705,0.04876078982656477,-0.00023676862042994897,0.0001669910084991458,0.0007347924771106799,0.010611363952994992,0.49430124495879363,0.503068908907845,0.020111000826459637,0.5334953968211787,0.5092056812204103,0.02384709801858671
industry_id,98,60,5639,0.014930533486842609,0.009081082274797645,-0.0017254715621715959,0.06678558691286886,0.056096595021094674,-0.00023473601093981333,0.0002920659547869154,0.0014907355512317824,0.01484713730107071,0.4906865353911655,0.5047474844039603,0.012435565665819178,0.5437819778088763,0.5217314174206138,0.1766897285790314
industry_id,98,120,5534,0.02043322033129795,0.013000026934224355,-0.003102310187441528,0.07986889609735141,0.014539417616861115,-0.00029342518848433344,0.0007769470645291479,0.002808884998957195,0.020243539690957477,0.49574968348706816,0.5110087200851595,0.02228491935448531,0.5314428459818565,0.5717127871224453,0.3951890034364261
industry_id,98,240,5410,0.02838859535839083,0.01914148914871184,-0.006462012403582394,0.10420282935288458,0.06488019326801825,-0.0005669298133870515,0.0016402037484111731,0.0058950825901953425,0.02776608890849587,0.5352321065285741,0.5510368717557836,0.10131671400185945,0.5677936703272994,0.5949694840022194,0.42648418716478637
industry_id,98,480,5072,0.04080784429097463,0.02601575905104526,-0.012347986770648807,0.09792108089706152,0.08512570836076959,0.00055984576348504,0.003010404975355713,0.012907832534133846,0.03907405152932559,0.6154604614474463,0.5800330485568854,0.15816069591583642,0.5989085006890865,0.6566752119897457,0.638138434233879
industry_id,99,5,6531,0.003503965628893717,0.002171171330085937,-0.00013275259832533348,0.016647942514216127,0.03602280575546268,-0.0001302951765627432,4.181245384131435e-05,2.4574217625902675e-06,0.0035018964682491526,0.529601226993865,0.5,0.0,0.5121926553709126,0.470398773006135,0.0
industry_id,99,15,6511,0.006298735139516647,0.003886146058274185,-0.00023223250081811408,0.02957452656988074,0.06289174811450322,-0.00020009122934005075,0.0001419597839603565,3.214127147806334e-05,0.006297051281369276,0.5291762894534258,0.49998144618165274,-0.00038586094094856225,0.5254277701754696,0.4706697459584296,0.0023094688221709007
industry_id,99,30,6488,0.00906943182904546,0.0057420243983514925,-0.0003757615777546267,0.026501332168683937,0.0571083020673192,-0.0002530033231007926,0.00019969007768168217,0.0001227582546538341,0.009064737335053795,0.5269248572751118,0.5029622208135881,0.023545136950004503,0.526536169652165,0.4752353031939516,0.01604690634161395
industry_id,99,60,6434,0.012602107837581734,0.008417840012818343,-0.0005380897349779183,0.010530722352238538,0.040272701678362915,-0.0002833650153214465,0.0003563318990264897,0.00025472471965647185,0.012589324451301795,0.5119751166407465,0.505505173573928,0.014046295953310006,0.5153093826632814,0.4895800933125972,0.18942457231726284
industry_id,99,120,6335,0.01719099721883431,0.0122486041724387,-0.0008020693109097782,-0.016171985195389687,0.01586982005003126,-0.00037175153970447146,0.0009892785597865692,0.00043031777120530675,0.017127765693342546,0.5035516969218626,0.49941271479948723,-0.001195046471661481,0.49920904736768207,0.4781373322809787,0.4053670086819258
industry_id,99,240,6273,0.02366970719540961,0.017991439288767716,-0.0016227533820866022,0.019421875024365008,0.0414832925095514,-0.0007909741203203261,0.002145653219220758,0.000831779261766276,0.0235580417809398,0.5177802583320045,0.514629832869166,0.029558884470744774,0.5071741121970557,0.4785520650613937,0.425928878966672
industry_id,99,480,5902,0.0344492708167169,0.026062070305969156,-0.0011132943449730253,0.03571721266317689,0.035437125582542583,5.628402897845405e-05,0.003859162250202884,0.0011695783739514793,0.034352436305246245,0.5299101847144552,0.5271229774065422,0.055543891794417835,0.5197628097298289,0.5129639044229791,0.6082019996610744
turnover_band,10-12.5,5,136969,0.004705352754018426,0.0027824604707770233,-0.00022498557585923394,-0.0033189937182874197,0.028912798778081585,-0.00014670043629080415,5.1974077013753557e-05,7.828513956842981e-05,0.004699510972331977,0.5182887169030862,0.4999809158555159,-0.001144576924713696,0.5096940807328613,0.48168205038258316,0.0002777107861407701
turnover_band,10-12.5,15,136299,0.008361440486332479,0.004959900599553551,-0.00042067688834832576,0.007783880353119532,0.04042383635066485,-0.0002889051222914547,0.00019832735757151633,0.00013177176605687108,0.008350039824847352,0.5200446333531541,0.5002927697027614,0.004847129605303015,0.5163457663238245,0.4801021868874843,0.0036558239918955226
turnover_band,10-12.5,30,135402,0.011662618372334616,0.007155087028643831,-0.0005838349799707479,0.015190819988095662,0.05276294987934927,-0.0003684306067911599,0.0003096397281720131,0.0002154043731795878,0.01164858402162934,0.5180388187399795,0.5025593786589119,0.018298075385148,0.5247306031139959,0.48387478111816296,0.01994133597346081
turnover_band,10-12.5,60,133724,0.016325241735409494,0.01048631689108818,-0.0008770043123088592,0.03005205930200778,0.06553689780283735,-0.0005627890103968787,0.0005708799599252362,0.00031421530191198045,0.01630883410318193,0.520221096958047,0.5082769420895323,0.03259512818710355,0.5314972948783784,0.48612908292631846,0.06922369237903618
turnover_band,10-12.5,120,131267,0.022444163271306404,0.015288756860059755,-0.0012937144917637138,0.04801438654547466,0.08130803355241713,-0.0009227502906675877,0.0015713009836189676,0.0003709642010961261,0.022427256454519404,0.5305164676931516,0.5265263661269085,0.05826811356877228,0.5405284700960419,0.49033575352171693,0.29305103727801185
turnover_band,10-12.5,240,128596,0.031275582616907736,0.02199713319692154,-0.00263279656315219,0.05463059892947198,0.088493696068839,-0.0018910429844938446,0.003197924001308683,0.0007417535786583454,0.031175256982945754,0.5326059060047752,0.5304686760673044,0.06617943360330719,0.5482714487234576,0.4945131862405799,0.3049050792885419
turnover_band,10-12.5,480,121274,0.046887715002253284,0.032784227567094704,-0.005165589795841396,0.03947937442616547,0.09490020562888338,-0.0013690324998551213,0.005687075719649562,0.003796557295986275,0.04647905797111932,0.5400156681647631,0.5401504384928997,0.08040669707470298,0.5545645353813836,0.5025934935884221,0.4742258689646642
turnover_band,12.5-15,5,77014,0.004938180111189461,0.0028992323087178064,-0.00022358644264680976,-0.0014852895253144186,0.031635333590098846,-0.0001462759354020046,5.923800896241576e-05,7.731050724480515e-05,0.004932672172699249,0.5217747174223724,0.5001910666248418,0.003749611538897885,0.5094834103479873,0.47830323502663374,0.002598414966870209
turnover_band,12.5-15,15,76570,0.008857116066604763,0.005195682551848234,-0.000419447023090418,0.009606605410824592,0.040802068566856795,-0.00031005300106215565,0.00020942661787102794,0.00010939402202826237,0.008846711633621244,0.5219958974090962,0.5002514506016071,0.004350901861594436,0.51627053686108,0.47810862719991637,0.003344787488404301
turnover_band,12.5-15,30,75998,0.012363663438460891,0.007502153371711686,-0.0005783977699270631,0.01593310256143946,0.046988802480558374,-0.00039567030172191317,0.00032860100943436364,0.00018272746820514988,0.012350991115844418,0.5190166609638618,0.5026953084060843,0.01829326250774479,0.5217464612719924,0.48291790593003975,0.022175137525333614
turnover_band,12.5-15,60,74980,0.017058464508523306,0.010910199214872088,-0.000936372062067822,0.028550873041687966,0.05923918128940122,-0.0006449274537834831,0.0006018230288781644,0.0002914446082843389,0.01703930121401947,0.5178802470288512,0.5075521607808068,0.03213938375478645,0.5305491728757942,0.4882954742500433,0.05862266743140681
turnover_band,12.5-15,120,73498,0.02361096706937015,0.015964923023407997,-0.0013920287881096626,0.04558306980244327,0.06948427518866704,-0.001034931169830909,0.0016610634755087087,0.0003570976182787536,0.02358713110867217,0.5228862220045174,0.5199708310541661,0.045066414157358,0.5343252405379983,0.4937001659999456,0.26836204315998585
turnover_band,12.5-15,240,71978,0.03302459094302709,0.02314489526947982,-0.00255724131160833,0.05233313631351223,0.07569985585845516,-0.0022024037868904034,0.0033839761865811983,0.0003548375247179267,0.03292864658938271,0.5278981882849839,0.5255875749060757,0.057629703166896085,0.5396871101125393,0.49497054573746807,0.27003445592975434
turnover_band,12.5-15,480,67526,0.04873281056897411,0.03443705952829204,-0.0028301928270183367,0.06106472439042121,0.08189850606336788,-0.0018634623726729964,0.005846115337861634,0.0009667304543453402,0.048656341446940254,0.5356100884143181,0.5336257769936215,0.0679462518308439,0.5420435699167284,0.48616027131495937,0.42738030004591027
turnover_band,5-7.5,5,494365,0.0039545933477704125,0.0023953476554732524,-0.00018744943887237235,0.006519304794596274,0.02669342162173872,-0.00014630360321345688,3.989223933360511e-05,4.114583565891549e-05,0.003950206896014772,0.5175201336566614,0.5000676739239165,0.0032783272761826745,0.50994109204357,0.482532582866319,0.00042578730099512575
turnover_band,5-7.5,15,492445,0.0071264600792746435,0.004290724139622411,-0.00035221406599033115,0.014470986084015047,0.03805112109339546,-0.00022467561775014468,0.00015539423701765179,0.0001275384482401865,0.007118303527824355,0.5169112188971253,0.5004481113302817,0.006665571066922571,0.5168873608093693,0.4833857010666748,0.0045351473922902496
turnover_band,5-7.5,30,489797,0.010075732012035609,0.006215491986017652,-0.0005633266807476217,0.020114084703392158,0.048350912187555765,-0.00028971070291188505,0.00024577689101284143,0.00027361597783573665,0.01006191413438055,0.5137561055363675,0.5031575568205127,0.01783228926984847,0.5244627551326245,0.4886656720688316,0.03238642169585743
turnover_band,5-7.5,60,484872,0.014096083685415704,0.009076944775792434,-0.0008530009253494902,0.03044353018369771,0.05614473097655935,-0.00032682661520538864,0.00046356879188456723,0.0005261743101441015,0.014076732192853545,0.5182926703439794,0.5144582866427894,0.03745749904881383,0.5290804710563319,0.49396503870258135,0.18214460382217654
turnover_band,5-7.5,120,477577,0.01943606812789482,0.013268985334730074,-0.0013440610104199775,0.045694740749904976,0.06142915234979244,-0.00043239379515348125,0.0013291211035521748,0.0009116672152664962,0.019404760569946142,0.5184754651854458,0.5190923287973579,0.03875418094023215,0.5306095361552989,0.5036025167349469,0.414521912517489
turnover_band,5-7.5,240,470515,0.02698041298906789,0.01903858815171976,-0.0027191618424650893,0.0517375328228383,0.06587821410257831,-0.0009223341202868428,0.0026745727832362654,0.0017968277221782462,0.02684819893816083,0.5221993337542544,0.5254414897238615,0.05150104129803919,0.5389855241950595,0.5200734698563129,0.42026415984795823
turnover_band,5-7.5,480,443514,0.03946235858205357,0.027689358636120175,-0.0048826191093697315,0.04523700362197983,0.058542380810698375,0.00016793113108762468,0.0048361107249971945,0.005050550240457356,0.0390787463174937,0.5311572633382943,0.5250059093439883,0.05062345420580676,0.5387836116537008,0.5367338655121093,0.5855657781987101
turnover_band,7.5-10,5,241130,0.004369686454588851,0.0026178989410253935,-0.0002028876759016482,0.001157855501700349,0.02709015863321069,-0.0001478144802441957,4.513885008055853e-05,5.507319565745249e-05,0.004364792667695355,0.51940860259723,0.5000717717448205,0.0038398870927322678,0.508406757286881,0.4806495567427446,0.0003489560398474564
turnover_band,7.5-10,15,240053,0.007745033617832647,0.004666229663894242,-0.0003942694276417412,0.007251100620705378,0.03586606514008252,-0.00025779918862188495,0.00017511306469021164,0.0001364702390198562,0.007734279162850881,0.518474657548527,0.5002623168584551,0.00466702194352488,0.5145847786352206,0.48167128828471945,0.00316493964097325
turnover_band,7.5-10,30,238577,0.010834735898136192,0.006719894187211476,-0.0005873773401499688,0.01280095166517436,0.04351725924265487,-0.00032594395607026075,0.0002742882912027299,0.00026143338407970797,0.01081883676364564,0.5157226374105668,0.5021762919551025,0.014838745926520819,0.5213000231171158,0.4858290766043465,0.021975625508500875
turnover_band,7.5-10,60,235857,0.015081019148362865,0.009786510793152478,-0.0009136548313719744,0.022547819964825903,0.049657527662374086,-0.0004412422107477007,0.0005040954585060795,0.0004724126206242738,0.015056245460962944,0.5179368203179343,0.5106863644942644,0.03501429209259028,0.5248566465092505,0.49084284817535584,0.10391395076599426
turnover_band,7.5-10,120,231777,0.020751373935960465,0.014260049905144213,-0.0014344999632679384,0.03814383025096441,0.0626017372192306,-0.0006763833927504379,0.0014101671636929144,0.0007581165705175004,0.020707506806715643,0.5233329881069512,0.5227984296476337,0.048511180040881376,0.5318372561022098,0.4984335352907669,0.32930281532114686
turnover_band,7.5-10,240,227689,0.02870353672588062,0.020427107450962524,-0.00265970451646179,0.046533631262033644,0.06869333088727846,-0.0013902034134333375,0.002868851660227539,0.0012695011030284524,0.028569505265451395,0.5249942895296329,0.5277589644149243,0.05832998089206025,0.5395123284397731,0.5089698311457839,0.3463883471263156
turnover_band,7.5-10,480,213612,0.04322218144063292,0.030315017748565095,-0.0046168326942715955,0.03915030069424618,0.06961216799329911,-0.0005419134056428949,0.0051219378920312215,0.0040749192886287006,0.04286957492965973,0.5296458602543214,0.5282019403594962,0.05642946729105987,0.5417965844737581,0.5255772796224507,0.5296692698091653
