dimension,group,horizon,rows,rmse,mae,bias,pearson,rank_ic,prediction_mean,prediction_std,target_mean,target_std,accuracy,balanced_accuracy,mcc,auc,target_up_rate,prediction_up_rate
date,2026-01-05,5,47185,0.003657463472503674,0.0020359999530237195,-0.00032212132239825813,-0.0018300322061440175,0.019620193097313,-0.00013645698277049446,4.6738827442659555e-05,0.00018566433962776367,0.003642865522340143,0.5072623800220845,0.5003257511675868,0.007221458350259268,0.5063923105636432,0.4930349103881763,0.002038562813216682
date,2026-01-05,15,47092,0.006467920431039155,0.003595980396857201,-0.0008595957150508152,0.018857032810200947,0.04363602858768944,-0.00020669777439563376,0.00015939655215070048,0.0006528979406551814,0.006411569678954689,0.48994430035290615,0.5001187116104744,0.0013637705420829016,0.5193935920508463,0.5103320719418343,0.00763212721629321
date,2026-01-05,30,46997,0.009021547209916927,0.005228076590132546,-0.0015126676339802152,0.04740452701329539,0.06302164369222676,-0.0002535572265047516,0.000247293517559556,0.0012591104074754637,0.008902118438213855,0.46995036110696864,0.5008108683786626,0.004200767441718111,0.5321969863998464,0.5334370139968896,0.03858198939048552
date,2026-01-05,60,46845,0.012735618570041086,0.007864492595009568,-0.003077375996327558,0.04253307335767291,0.06130193339548972,-0.00029512041531423575,0.00045405361507603074,0.0027822555810133225,0.01236920887901833,0.4700303328064254,0.5188256592427899,0.04713825220622469,0.5446829160652744,0.5786303242619729,0.1926774041953262
date,2026-01-05,120,46802,0.01756213825943293,0.011444925436455462,-0.005464726613301382,0.005653039703032609,0.028498269044797502,-0.0002996721882222806,0.0012610018198903564,0.005165054425079102,0.016649706073493007,0.530227588417566,0.5334057156933334,0.06430352758397025,0.5453154468770267,0.6357303130676354,0.4973608291484133
date,2026-01-05,240,47262,0.025588909599308287,0.017697112049698566,-0.011120942321606474,0.0035196769244365293,0.026570043721277147,-0.0005936419754082675,0.0026128103683049028,0.010527300346198207,0.02290658131546741,0.5598069922966223,0.5664471916126708,0.11703061407077565,0.5889416256327086,0.737407940404639,0.5175653940573944
date,2026-01-05,480,47095,0.039137003916560706,0.02616249682139661,-0.015868701555417603,-0.06768592439137532,-0.02449667638240923,0.0005300673074336183,0.004734906958619697,0.016398768862851222,0.03514178571113098,0.5908337934842628,0.5328835895543629,0.0634021799608919,0.5359560844145808,0.7014611561823048,0.6570742895977573
date,2026-01-06,5,46078,0.0037789907356621626,0.0021590061316187396,-0.00036152009535477317,-0.01806185641441139,0.022434362831830756,-0.00014176895330606233,4.333093474872253e-05,0.00021975114204871086,0.0037606263068100205,0.5015109681066157,0.5000221940179153,0.001799213861426419,0.5074665987025678,0.49851077244168096,0.00015218383807639628
date,2026-01-06,15,45991,0.006943307741164575,0.003972518053501362,-0.0007743946735322245,-0.033023459425671024,0.020338836289557453,-0.00021814620424679207,0.0001572581743614957,0.0005562484692854325,0.006893004534973345,0.4915416603165618,0.5001323000130047,0.002184765720054512,0.5106316884848524,0.5086542857764909,0.00367943219176591
date,2026-01-06,30,45865,0.009902189023977099,0.0058359404995955,-0.001479308589923025,-0.04768008148086208,0.02087211283999004,-0.0002730360136009086,0.00024326998547069567,0.0012062725763221163,0.009776452145048402,0.48380200266148915,0.5000199007580718,0.00014182333603683363,0.5138827903668209,0.5168960928467026,0.02007024586051179
date,2026-01-06,60,45678,0.013116336685687615,0.008114978948820383,-0.001967970502552865,-0.06317907774416862,-0.010185939456742668,-0.0003293214945048109,0.0004508124118625755,0.001638649008048054,0.012931570538944436,0.4937138601717189,0.5032180802468964,0.009091589915460245,0.4979084883623475,0.5134483967057999,0.1467277028210969
date,2026-01-06,120,45475,0.01814690511245631,0.011904548428925977,-0.0031036436898084817,-0.04853412187709523,0.011481385098417708,-0.0004045024516803088,0.0012605223350429322,0.002699141238128173,0.017773966376948187,0.5099087209941714,0.5121490856653139,0.024400879512507245,0.5119304767501874,0.5218519740459694,0.44926866820631256
date,2026-01-06,240,46075,0.025277337884736586,0.01736353607805121,-0.0050981949017380014,-0.028528210827248816,0.017329141734404824,-0.0008373987628563903,0.0026194669854556177,0.004260796138881611,0.024544292321535092,0.5033755182668722,0.5044432367914281,0.008896665113010294,0.514482485141202,0.5178110143920811,0.4701847309353767
date,2026-01-06,480,45563,0.03735195993430359,0.024317035088855188,-0.011502439140539887,-0.055894659086135765,-0.016043553940792106,0.00017545575390682307,0.004651110011678632,0.011677894894446709,0.03497208089605535,0.5341879403823782,0.5055143971155555,0.011054443854978458,0.5160029581167991,0.6181267423228044,0.6226705006914415
date,2026-01-07,5,45673,0.00412599073152194,0.0024189007386928025,-0.00022569643715898986,-0.004384749680024814,0.004487581200943497,-0.0001458309509317903,4.355176889808295e-05,7.986548622719958e-05,0.004119392014653087,0.5185916419874959,0.5000261382575034,0.000986199267157664,0.4952555236344977,0.4814083580125041,0.0007019853021827356
date,2026-01-07,15,45580,0.007157774389382276,0.004320239600985176,-0.0002841706093184866,-0.007716408749389084,0.01550689487398446,-0.00023847177570926134,0.00017118999450351248,4.5698833609225236e-05,0.007148761335585996,0.5446457990115321,0.49992123088301343,-0.001728251471666257,0.5012608039733312,0.45509060955518943,0.0020647995606809444
date,2026-01-07,30,45465,0.009916887641473271,0.0062257600357222215,-0.0004062566651358408,-0.007362348589608937,0.027263688623158693,-0.0003064848978266904,0.00026389662875929914,9.977176730915039e-05,0.009903105226090949,0.5534425074837119,0.5005559698403282,0.004961219280780844,0.5053651119497132,0.4457430885719317,0.012568233843986617
date,2026-01-07,60,45287,0.01317769814758119,0.008485723906534603,-0.0010207147163857927,-0.024490076825234294,0.014868099311718248,-0.00038783537170399555,0.0004882844857962999,0.0006328793446817972,0.01311707806222602,0.5339091632057966,0.5036217465929017,0.011181619621526214,0.49827730241707413,0.4603030838561456,0.11822921268887514
date,2026-01-07,120,45145,0.018055545661749325,0.011883710764212149,-0.002916121859319089,-0.052389524652204436,0.008424481017512874,-0.0005965794277186242,0.0013306703691298234,0.002319542431600465,0.01769916800183895,0.49988922858788604,0.501503920303392,0.003097887566600001,0.5012352402057116,0.5067349018565289,0.3801453320926935
date,2026-01-07,240,45374,0.025555687219320732,0.0168800415007973,-0.007478960052494104,-0.06598400492391975,0.003581693853360064,-0.0012206002024305164,0.0027272273984378145,0.006258359850063588,0.02410487561729115,0.49902993959169273,0.518832268238773,0.0376615007575296,0.5260167754677616,0.5977776797918779,0.4024207416552758
date,2026-01-07,480,45326,0.04208747088073726,0.027046799381595137,-0.016981582327957444,-0.11847796008745894,-0.05373435146017515,-0.0005186621034457681,0.0048727824972951755,0.016462920224511676,0.03762700641472841,0.5482447430550959,0.522902667799314,0.04250379533783286,0.5267034181747781,0.6983076278105073,0.5729794135169127
date,2026-01-08,5,45544,0.003918624110111956,0.0023170228533397003,-0.0003584141764841357,0.00474688378445144,0.06041758204095912,-0.00014308164148336123,4.396516388732775e-05,0.00021533253500077447,0.003902159658564044,0.4964036689175813,0.500166683543269,0.004752072256033906,0.5308215191310997,0.5037722983525065,0.0012317708906143458
date,2026-01-08,15,45441,0.006988369493201934,0.0041159969375811995,-0.0009090783075770341,-0.014711654499894328,0.0721187661960508,-0.00022912157962634423,0.00016657952430237843,0.0006799567279506898,0.006924535846870898,0.48030940784979176,0.500498111226272,0.007385689568606774,0.5428487161722436,0.5203737576305176,0.004561782400775724
date,2026-01-08,30,45307,0.00967779272314691,0.005796786576255327,-0.0015006063136921962,-0.03429971784758819,0.08129004408462062,-0.000291468028453533,0.00025149925969044187,0.0012091382852386634,0.009548814476401019,0.4865939308273334,0.5036148630137365,0.0234121521050708,0.5486339100156796,0.5178894827510049,0.02440478819735854
date,2026-01-08,60,45096,0.013503032223094031,0.008339897400561748,-0.0029672906152224446,-0.055753663111825016,0.06901777174519763,-0.0003495711637629315,0.000456225794741037,0.002617719451459513,0.013139652827037515,0.4823746034563081,0.5204118218401798,0.05652707814377574,0.5562041028377315,0.5542959824300641,0.15194001375424274
date,2026-01-08,120,44944,0.018467708433769922,0.012137908764615889,-0.00501821646931085,-0.09815687972658234,-0.00779012346951937,-0.0004749533474887568,0.001240211844893286,0.004543263121822093,0.017608195648772078,0.49896512585404934,0.518041766815561,0.03611876969345623,0.52544564442731,0.5947744419468988,0.40277746867558367
date,2026-01-08,240,45505,0.02618429057303226,0.017236023622574623,-0.009346187718651783,-0.12782744555726722,-0.05013272345617955,-0.0009860132373138257,0.002591083407166128,0.008360174481337957,0.023992888324345492,0.4901965094298149,0.5115573808691309,0.022574714836132638,0.5112651366547019,0.6317316569217919,0.42196773200861654
date,2026-01-08,480,44369,0.04785407808791524,0.032422758374911445,-0.0233241336812689,-0.16952337981299703,-0.1009468611634566,4.1524086807705004e-05,0.004590787933185985,0.023365657768076604,0.040761228237277444,0.5520319156129556,0.5091450164953286,0.015810941146604297,0.5117666080183289,0.7622557306105889,0.586562084432123
date,2026-01-09,5,45597,0.004044703739541595,0.0023891817401048335,-0.0003900266769540041,-0.02187928522455801,0.012810174070567525,-0.0001435217311497899,4.268515665348004e-05,0.00024650494580421423,0.0040246947732304585,0.4904951321890864,0.5000596415717212,0.003284849542357867,0.5078948155899454,0.5095707975298333,0.00032964859459815835
date,2026-01-09,15,45488,0.007622625320979536,0.004404467834627933,-0.0010674296655740411,-0.05502797414977521,-0.01174363771173047,-0.00022335772194902415,0.00016392989930021835,0.0008440719436250169,0.007536721052677223,0.4638376546198882,0.5003787169668302,0.006628340274080477,0.5061550819949977,0.53677862393802,0.0032574723775146367
date,2026-01-09,30,45344,0.01090744900590542,0.006593965865234269,-0.001714993185789333,-0.059693962630074336,-0.011307322499950591,-0.0002816641532906791,0.00024771506142828425,0.0014333290324986538,0.010754154270117049,0.46194584813646095,0.5069255365503008,0.04742554169074473,0.5111453285165093,0.5469470618090342,0.02160337180307611
date,2026-01-09,60,45119,0.015598895644035648,0.009987284643355989,-0.002743196025907452,-0.08035891084013709,-0.02901830460986081,-0.000328519421842638,0.0004423219173352689,0.0024146766040648135,0.015313919183778385,0.4768787408556861,0.5066438601462246,0.01790720197120965,0.4969606487971675,0.5441143870538683,0.1632232320993128
date,2026-01-09,120,44876,0.022253111165369897,0.014605641981966034,-0.006018347708573255,-0.10332867897478089,-0.04197320932107486,-0.00040464070119626143,0.0011810626497699111,0.005613707007376994,0.02126955957609934,0.4903368181716859,0.5035905267665903,0.007194681158762077,0.4993063968825509,0.5783419897015225,0.41597378569358684
date,2026-01-09,240,44894,0.032947785807573,0.02281059101723969,-0.015136663859814941,-0.16447185616024365,-0.08521433445339359,-0.0008292379151277667,0.0024578985841088342,0.014307425944687174,0.02876010930444006,0.4896640826873385,0.5209667442837959,0.03815958528318712,0.5217638292405421,0.7152499331729484,0.4363138198342689
date,2026-01-09,480,45151,0.04373837034328401,0.029326976710475284,-0.014505933878526344,-0.024200716063163343,0.05071271796941696,0.00031637860792351673,0.004398793666918271,0.01482231248644986,0.040921400841361914,0.5898691000908104,0.5616926180854578,0.12131259726767585,0.5702207604389442,0.6452413120999357,0.6149194888037387
date,2026-01-12,5,44904,0.0040428685838805965,0.002348431461187278,-0.00036431515267348625,-0.01998959583926214,0.010901441547312173,-0.00014611472243748907,4.299870489401523e-05,0.0002182004302359972,0.00402533131651193,0.48447634118617244,0.4999958440803982,-0.00035923169854322484,0.5094329151736334,0.5155236588138276,0.00013372857556778923
date,2026-01-12,15,44787,0.007844448979392918,0.004396656607612729,-0.0005557937522832675,0.02588502070483127,0.025772182742510166,-0.0002318472517461015,0.00016971282348196665,0.00032394650053716605,0.007827288260932519,0.4638636312861643,0.5003992697999786,0.007970346492034978,0.5247786223035777,0.5367172315185094,0.0025021782355175264
date,2026-01-12,30,44661,0.011116320846648292,0.006375059701161414,-0.0009217184501921282,0.03775792299325041,0.03467220470854407,-0.0002958061915938229,0.0002567870430305448,0.0006259122585983054,0.011084765889021382,0.45022401433691756,0.5018311928503744,0.014241200947188523,0.5377051165714354,0.5533602150537634,0.016621863799283154
date,2026-01-12,60,44435,0.015227121855433916,0.009398094828412983,-0.0015910783566223925,0.07308567554905611,0.0479751870578815,-0.0003482129488231674,0.0004531262997928133,0.001242865407799225,0.015170140624924678,0.4609877988384134,0.5180780562081428,0.048850644991512114,0.5511051348999627,0.582796812390257,0.1582324073657197
date,2026-01-12,120,44293,0.020664133401147453,0.013899070758406873,-0.002210655459687921,0.11078338023005034,0.06918691751702101,-0.00046365212712732884,0.0011742908400953155,0.0017470033325605924,0.020642463214427344,0.5210882817791826,0.5428889481301309,0.08631073478324755,0.5590850925109179,0.593655452698126,0.3916459697448634
date,2026-01-12,240,44827,0.027259809809308044,0.019492029741205966,0.0004698117235158449,0.18760999634735903,0.16494062354432393,-0.0009730629565259673,0.0024273319082224317,-0.0014428746800418122,0.02760667069146356,0.5652930545949444,0.5611563804515343,0.12427527291945463,0.5793657954058351,0.4766515695767609,0.4085584882086522
date,2026-01-12,480,44902,0.040476464208523584,0.028084170651913362,0.0028202467811502727,0.19289478368988638,0.15308072317257065,7.035598839651585e-05,0.0045986890791924395,-0.002749890792753757,0.04101223357315645,0.5330289532293987,0.5496931415819288,0.10038934000622257,0.5542501464923116,0.4244543429844098,0.6027839643652562
date,2026-01-13,5,45742,0.005374041045563064,0.003114026560421376,9.415592585561e-05,0.011354084513594218,0.03661547281348592,-0.00014832727274304922,4.4260763358573794e-05,-0.00024248319859865924,0.005373536418844319,0.5762185113041955,0.49998784284496395,-0.0014828340156316966,0.4953195384668059,0.42375960254754763,6.565844477030487e-05
date,2026-01-13,15,45603,0.008928448189341931,0.0055010421120977515,-1.5786663729512663e-05,0.016322433068282113,0.08153091467192695,-0.000247146214372586,0.0001809160743863767,-0.00023135955064307334,0.008929554580436875,0.5883294943512121,0.5006730220798998,0.014527529787658096,0.5159235096175177,0.41195568717779973,0.002084018865854996
date,2026-01-13,30,45468,0.01190098581932348,0.007719584677986063,-0.00019218219755212548,0.01228139719176137,0.08760938640579059,-0.00031129385122060434,0.00028260448176127377,-0.00011911165366847885,0.011899548964748005,0.5781703775411423,0.5083508781121796,0.0452227716579801,0.5270026872569358,0.42479978878817215,0.03451993311625451
date,2026-01-13,60,45257,0.015354524747414788,0.010020769132960157,-0.0004950942885850398,-0.003753178983300812,0.0755385119317307,-0.0003790066150044617,0.0005158494110293236,0.0001160876735805782,0.015335932583739945,0.5737712164073551,0.5178969779266924,0.047831188049788836,0.5154782253522149,0.4164824964639321,0.16250442008486563
date,2026-01-13,120,45176,0.020338253529895736,0.013669469069216157,-0.0014848359187280484,-0.041193126249741134,0.019985661635900983,-0.0004849092405031224,0.0014032631529040532,0.0009999266782249258,0.020177659440089774,0.5120433916316139,0.5028761716410588,0.005800649946137185,0.49767035912708923,0.44533982731901706,0.41582909010405134
date,2026-01-13,240,45875,0.027407684039507177,0.018511413527568344,-0.0004542793938638734,-0.03107204236362008,0.0032324604281769287,-0.0010960863500995921,0.002929748832000933,-0.0006418069562357188,0.027155978179806993,0.503520742953064,0.48744576604816675,-0.02506049211198502,0.47674057631442845,0.40886398814065533,0.4140960519718341
date,2026-01-13,480,45107,0.04025330563707057,0.029607463664126425,0.008428628872930185,0.16356326767170595,0.17142040611657852,0.00022193429673680957,0.005179695332797771,-0.008206694576193375,0.039875087000133,0.489247550215049,0.5318141985373768,0.06183711236397887,0.5471064434505116,0.3351660532966789,0.6186316676273667
date,2026-01-14,5,46490,0.004960141013956377,0.0031581752711527006,-0.00011636009508906462,-0.012882168039635456,0.009120094308718435,-0.00014991003653758202,4.61931358798161e-05,-3.354994144851739e-05,0.004957965787479924,0.5199956929040594,0.5000707279824779,0.005756418922444921,0.4985952741329309,0.480068913535049,0.00015074835791967266
date,2026-01-14,15,46392,0.00894060805640728,0.005809169161308041,-0.0002233475018256247,0.03402509637359115,0.03609313555734401,-0.00024449474005240764,0.0001795257618051479,-2.114723822678296e-05,0.008942125174353452,0.5098339443605779,0.5000490939395225,0.001311930142265788,0.5141139269717414,0.49018762130687943,0.0014017683847315074
date,2026-01-14,30,46276,0.012619819047225797,0.00839757800073911,0.00013875924897609876,0.05423458751964915,0.04347383855127595,-0.0003157679782874576,0.00028239011227656726,-0.00045452722726355637,0.012631220710349177,0.5100095122794881,0.50242093229583,0.017111126566543233,0.5212938541545532,0.4920875129712902,0.020429782082324457
date,2026-01-14,60,46087,0.017534445826521947,0.012263689963193804,0.001601145337424136,0.1240842769591621,0.10920915888075076,-0.0003965718745582399,0.0005165530553544402,-0.0019977172119823756,0.01751776063604003,0.5618313985027666,0.5189420033734985,0.05396950907808304,0.5379110905638652,0.43981772811109904,0.14139090810458935
date,2026-01-14,120,45957,0.023169095344499863,0.017276364353044457,0.005732164909646448,0.2116828736394653,0.18535992040769744,-0.0004996455944909094,0.0013746098829084865,-0.006231810504137358,0.022699559690931626,0.5472765651861685,0.5228244261020879,0.043102989776894765,0.5348359916089254,0.32030552956281416,0.4237590581681283
date,2026-01-14,240,46022,0.030206266386064412,0.02244722443031282,0.007716332502412099,0.28234330356539816,0.23354101505918207,-0.0010062093749906216,0.0027737739351032724,-0.00872254187740272,0.029865732963071535,0.5637849350197766,0.5488951665680312,0.09323361096430877,0.5712810077812047,0.33804928934672057,0.43819272395357933
date,2026-01-14,480,46035,0.04610307363028197,0.033584925847579924,0.008342916345162517,0.29386138253051614,0.24758656579169636,9.898996697092394e-05,0.004992681592730945,-0.008243926378191593,0.04655723086825339,0.5291868523386414,0.5605573742630972,0.1213966732644407,0.5877659564171288,0.38376311616084813,0.6208642002129
date,2026-01-15,5,46724,0.004317981703027354,0.0027175926424268925,-6.561469779031574e-05,0.022706852954739096,0.035722625226947614,-0.00015042814457209646,4.79104202114396e-05,-8.481344678178072e-05,0.004318305340660188,0.5433425574361285,0.5000449663043146,0.001974820767412959,0.507312488062954,0.45665744256387153,0.0005148336443786602
date,2026-01-15,15,46620,0.0073291240837922884,0.0044800845102022716,-9.834618188763893e-05,0.024112735210369586,0.016325532369511966,-0.0002690994136157688,0.00019013096180057004,-0.00017075323172812993,0.007330583424100589,0.5471572481044741,0.5002956548260167,0.003607377104693749,0.49085094161367465,0.45249908714049447,0.006701462723113603
date,2026-01-15,30,46502,0.01024571229897882,0.006295232116970271,-0.00012188457889180397,0.03212126493605993,0.02312411698242127,-0.0003592681658163434,0.00029528107661595614,-0.0002373835869245394,0.010250220307999243,0.5599156208967432,0.5022630062671624,0.013552919824687268,0.48963624518963283,0.43885743806100264,0.028262694534731042
date,2026-01-15,60,46297,0.014523972164928659,0.009080263921775692,-4.9958865196291806e-05,0.03655582540067761,0.04460240607951789,-0.0004919273424743701,0.0005495718231772394,-0.0004419684772780783,0.014533588802112826,0.5656401944894651,0.508078675077764,0.023674199747026458,0.49754447370763344,0.42180443003781737,0.13067531064289573
date,2026-01-15,120,46164,0.020790546975474767,0.013882602991440153,0.00025978286079230133,0.06641812119537324,0.0778450338045023,-0.0008305597968446067,0.0015472919644393187,-0.001090342657636908,0.020834285422219986,0.534356107391276,0.5055174171269685,0.011503841344619688,0.5095423024806968,0.4119049166829184,0.33534854493055105
date,2026-01-15,240,46659,0.02938326656485538,0.020683102211000712,-0.0017987596123833348,0.09355723917129549,0.08129123875695149,-0.001739477968523527,0.003132222920956234,5.9281643859807955e-05,0.02945493286225468,0.5282755959526668,0.5105585426180971,0.022256628909008428,0.5136091851832363,0.4462570742582747,0.33403361344537813
date,2026-01-15,480,46270,0.04530619414544775,0.03120023744527804,-0.012539294052233144,0.13053332912185725,0.11487284847059169,-0.0011602044544835972,0.0056885485557895184,0.011379089597749548,0.04391208445672615,0.5381256080423737,0.5468520626004496,0.0915290363457947,0.577673653766501,0.6107880229164415,0.47099772997513784
date,2026-01-16,5,47361,0.004049075280494917,0.002507896622887294,2.6418327518630132e-06,0.021845720417442607,0.052397015321381704,-0.00014696775670775583,4.705747807082932e-05,-0.00014960958945961885,0.004049829098461322,0.5411612793971339,0.5003219823249304,0.011319210292194425,0.5192229441377894,0.45909273724095595,0.0008043860206176838
date,2026-01-16,15,47261,0.007424268275558841,0.00446773467840948,4.578803827653816e-05,0.04289446386130176,0.0474136309031317,-0.0002568558327752743,0.00017688168862226884,-0.0003026438710518125,0.007429610777737812,0.5569703389830508,0.5005089080847466,0.005851426455335123,0.5146517915212943,0.44266949152542373,0.007521186440677966
date,2026-01-16,30,47141,0.010525125854585168,0.006607006345615318,-0.00015745761740738198,0.05170241273703487,0.05719561423314699,-0.00033807393954030096,0.00027558097752947353,-0.000180616322132919,0.01053459703071856,0.5461706690447374,0.5064982867013208,0.035686437911537236,0.5208684360041579,0.45737520436545853,0.03407860373272183
date,2026-01-16,60,46907,0.015149130317906946,0.009905565299072704,-0.0015178215622384645,0.053822583506994474,0.054729568089533595,-0.0004654506890954966,0.0005273325595157759,0.0010523708731429678,0.015092083573622081,0.5023571321913863,0.5112382021520893,0.033680298345448854,0.5284990980065757,0.511913650035197,0.12754111649139274
date,2026-01-16,120,46768,0.020966652577028705,0.014420615196802563,-0.005319954774821047,0.0553207219939291,0.04859694712216896,-0.0006886722117742602,0.0014828856417696795,0.004631282563046787,0.02030841265737415,0.4782813268601493,0.5125195252728696,0.026043928289413754,0.539190836392798,0.6003806916611416,0.3319716833843061
date,2026-01-16,240,47304,0.029724403116829768,0.02127701866781114,-0.01145997736663669,0.1299121248524025,0.11874761898038817,-0.0014555345939296267,0.002994382684692355,0.010004442772707062,0.02765426029093721,0.4777993910690122,0.5501204142246716,0.09792937215593364,0.6051023325747952,0.6944984776725305,0.3335800067658999
date,2026-01-16,480,47568,0.041204004483737934,0.029389669127996287,-0.006548332952851599,0.19116017521459655,0.1923092762375604,-0.0006528419279058253,0.005408971227732899,0.005895491024945774,0.04136636719237046,0.5760691308187208,0.5797504291927535,0.15721391446719804,0.6138145468580177,0.5847525335351751,0.49180017661158065
date,2026-01-19,5,47786,0.003898237238956038,0.002246091126202515,-0.00044674295585058697,0.0024099423179494285,0.034066839249386284,-0.00014747707470877755,4.781099100252996e-05,0.0002992658811418095,0.0038723740489522446,0.4923412648453565,0.4999871408241952,-0.00044399943926544806,0.5178213511908978,0.5076587351546435,0.0008393134416047674
date,2026-01-19,15,47673,0.006871835022470469,0.004002266404732785,-0.0008955937467183656,0.034586832122600254,0.08409730141149534,-0.00026144169727458996,0.0001785069143522265,0.0006341520494437756,0.006817062463508192,0.4889799348671079,0.5017949151093571,0.021559010829894792,0.5425249060293594,0.5129950625065658,0.006975522638932661
date,2026-01-19,30,47546,0.009580196340110675,0.00573307365872656,-0.0012078763370030115,0.06575201548887129,0.11261565783799639,-0.0003434245128188587,0.0002824519323813323,0.0008644518241841528,0.009518138220603843,0.48758607618927285,0.5090299269221628,0.04438120701351572,0.5627964684464425,0.5234485227535958,0.04316970960473393
date,2026-01-19,60,47358,0.013623767616785964,0.008482538240822863,-0.0008014825495872225,0.10802676819645875,0.1401159556194788,-0.00047573660141436014,0.0005470412205168565,0.00032574594817286233,0.013648388966851856,0.5136957348776261,0.515315342084339,0.044323140503340935,0.5705134485580885,0.502240351692945,0.13860590945597498
date,2026-01-19,120,47313,0.019195988347692372,0.012888609987697324,0.0010764768485800062,0.1141758115458632,0.1288574386174676,-0.0006989671798293055,0.001567549228864908,-0.0017754440284093117,0.019281384119959555,0.528184201623816,0.5212874780446248,0.04511725777176245,0.5635744158245162,0.47919485791610283,0.33336857239512857
date,2026-01-19,240,48178,0.02719571143328459,0.019681363013234372,0.0038582512979070524,0.14127139504532044,0.1486134518099052,-0.0014480990592905352,0.0031194936736734223,-0.005306350357197587,0.02718361183264484,0.5488571962384007,0.5224943560132843,0.04706729290735866,0.5656143860172455,0.418882730273401,0.33385231778455915
date,2026-01-19,480,47490,0.03600496887485979,0.024978539997026716,-0.0014829425178505512,0.06325890070733381,0.05854192843925099,-0.0006696321694385303,0.005618665028732864,0.0008133103484120206,0.03589014035606989,0.5211246840775063,0.5209056024381679,0.04194584387428085,0.5308105841911228,0.4972620050547599,0.45987784330244313
date,2026-01-20,5,48276,0.004252003953816799,0.0027018078167211352,3.259861139282787e-05,0.027339425404811924,0.049833814323954395,-0.00015299872465661456,4.437736823925479e-05,-0.00018559733604944242,0.004252860823570286,0.5422902094273439,0.5000927295422167,0.004919769578246309,0.5146982169095294,0.45777205836567797,0.0003528508271238506
date,2026-01-20,15,48206,0.007690494839161739,0.004972322704195674,0.00043802374101138144,0.01089093128405475,0.030203931776708708,-0.00026522274392609565,0.0001801980526091159,-0.000703246484937477,0.007677858471455502,0.564516798870385,0.5009760424359208,0.00998248350592409,0.508081404517639,0.43521325636446695,0.009489596744050833
date,2026-01-20,30,48122,0.010701083584099921,0.006711838314981393,0.000730817144279145,0.0065236343050892355,0.03312436714511552,-0.00034404853164956173,0.0002959402991362336,-0.0010748656759287068,0.010673927572278103,0.5834944794460732,0.5043831897878844,0.017763120268198953,0.4991569615206704,0.40935271245295574,0.06283658744515834
date,2026-01-20,60,47936,0.014601326389435816,0.009379966640705091,4.820711254701503e-05,-0.018507733925481832,0.012992744302329516,-0.0004511431951260518,0.000588526345163872,-0.0004993503076730668,0.014578493023206034,0.5518774394189225,0.4993081384482656,-0.0018139565599077571,0.48793307069767144,0.420133163574127,0.17100457097535013
date,2026-01-20,120,47766,0.01972237112387317,0.013398284952934412,-0.0019817029225796495,-0.03650811731375002,-0.026650393301310363,-0.000592877592206226,0.0017055398045983355,0.0013888253303734237,0.0194861299818168,0.4933394772117963,0.48601974151509475,-0.029364187548520167,0.47775161918765163,0.47639493967828417,0.3456141085790885
date,2026-01-20,240,48078,0.027726627517699998,0.01887582003118899,-0.00713497956808879,-0.04962487379542885,-0.04344847305796211,-0.001234302874364256,0.003319388323888123,0.005900676693724534,0.026422241288321123,0.4675211185551995,0.4870890787002913,-0.026822258009866456,0.4840943250103724,0.5661853439307561,0.35046398402064
date,2026-01-20,480,48223,0.04180049245573654,0.028307467756814274,-0.01724980821206475,-0.03922542149883823,-0.027238724584250504,-0.0003825494872654469,0.006033103708064754,0.016867258724799303,0.03735833466099805,0.49522999709652,0.5078614918792372,0.014279875833063995,0.5226802541801272,0.7106474760462897,0.47332946202662907
date,2026-01-21,5,48493,0.004054698758754756,0.0023634099228745154,-0.00043352843063269457,-0.013071628925607752,0.02743749370391142,-0.00014712394495638658,4.481451520663552e-05,0.000286404485676308,0.004030620860150488,0.500268917297588,0.500021189171423,0.00066588372829623,0.5156169910244505,0.4997517686483803,0.0010136113524471474
date,2026-01-21,15,48398,0.007138776434266681,0.004081374383983575,-0.0012175120120643563,-0.0005193570250208128,0.03851230478312848,-0.0002500019582543617,0.00017409589815479962,0.0009675100538099945,0.007031942297108608,0.48221384793771743,0.4999005066071822,-0.0009174974057500536,0.5201705532186546,0.5181174424382972,0.011885042239522942
date,2026-01-21,30,48260,0.010002032713442608,0.005904590602898828,-0.0020781084170703786,0.0008637498644971813,0.035721944985216504,-0.00031676660015707926,0.00028478193825932013,0.0017613418169132994,0.009779868831770802,0.46251996929396877,0.5006765539031613,0.002949305902236654,0.5232172534665683,0.5428950808108052,0.05529160356023984
date,2026-01-21,60,48015,0.013669966705588794,0.008439656668086321,-0.0033576665796612006,0.020652010083394085,0.04157729822085738,-0.0004190935284272641,0.0005717329715542936,0.0029385730512339362,0.013250664096319758,0.44905872787541434,0.5053845742428775,0.014607358526114386,0.5384232999369926,0.5818583609564909,0.15683699209873456
date,2026-01-21,120,47838,0.01850687091919954,0.012261221857253621,-0.005398856489010873,0.023174215095190076,0.01617344712223041,-0.0005475660409932681,0.0016692670754270384,0.004851290448017605,0.017661727497022266,0.46369053842132774,0.5025946542643849,0.005278136824119588,0.526157997541492,0.625906952430737,0.3461578672242551
date,2026-01-21,240,48553,0.025817079485789107,0.017949492343310624,-0.010185379456656807,0.06791834201727448,0.058194561636277724,-0.001182088237827854,0.003251344710086229,0.009003291218828953,0.02372097828563416,0.46778180619644033,0.531668346494386,0.06143607019697203,0.5688566954787242,0.6924439683586026,0.3462013843111404
date,2026-01-21,480,48474,0.04126752768117346,0.029242564807626544,-0.02265709203374723,0.023138915203586387,0.029607693558895767,-0.000332947763601897,0.005849336886613934,0.022324144270145334,0.03412753168209839,0.5514111239478462,0.5707467311519309,0.11255364519595845,0.595557581004959,0.8031234527149694,0.5109960389503219
date,2026-01-22,5,48552,0.003789776257700448,0.0021889048392359067,-0.00029749264801483234,0.020365152092768908,0.050006848546772925,-0.00014986002656196203,4.0882667412863236e-05,0.0001476326214528703,0.003778693287020615,0.49661506707946335,0.5000171261064232,0.000754114908600171,0.5266597029020996,0.503405572755418,0.0005159958720330237
date,2026-01-22,15,48478,0.00691009299405607,0.00387196560872257,-0.0008209348367712423,0.016387216901312503,0.05592171958641796,-0.00025393667991615573,0.0001636509551173596,0.0005669981568550865,0.006861885581306426,0.4914140474862067,0.500098097029872,0.0025447099941990708,0.5280362466351252,0.5087099373876387,0.0014878184861446904
date,2026-01-22,30,48388,0.009824399090678174,0.005670407686326573,-0.001549675928484685,0.023855776497165377,0.06788596247695897,-0.00032158169637349515,0.0002552318242173604,0.0012280942321111897,0.009704140918526526,0.4741033384354445,0.5032451688604617,0.021790292997061603,0.5404057184074798,0.530509245852811,0.022607868282794853
date,2026-01-22,60,48217,0.013474543021526663,0.008187569755379357,-0.002998314571675701,0.014314153958178609,0.06116211783510814,-0.0004203825338153228,0.0004764173407429205,0.0025779320378603783,0.01313489981223678,0.46797252713049614,0.5126120435648354,0.04110931225617775,0.5434388138837182,0.5561181084389849,0.10368725748552694
date,2026-01-22,120,48115,0.01888143360525043,0.01212159858806225,-0.006023408482255663,0.02512563025512607,0.06303556456276756,-0.0005787750373204775,0.0013353201306132816,0.005444633444935188,0.01787858175025444,0.488980372588157,0.527349226711506,0.0570383735808095,0.5501029253998421,0.6063290086493679,0.3253908848968729
date,2026-01-22,240,48519,0.02784031505645182,0.019002005505541944,-0.013186546190708689,0.01165461788427438,0.0529404364569337,-0.0012607253946716884,0.0027449695985621927,0.011925820796037,0.024397218994609525,0.4694361406040614,0.5506569464963744,0.09767874096375875,0.5776154342422838,0.7114111947221936,0.329326873518194
date,2026-01-22,480,48000,0.042137770257358535,0.028902966732023354,-0.005962200219331245,-0.08728998032954782,-0.04784746985504485,-0.0005463308020334807,0.004820346872030688,0.005415869417297764,0.04101575156778711,0.47938412817467757,0.4791686713665294,-0.041603545882344356,0.4702018904891731,0.4732170760672542,0.49709356834802176
date,2026-01-23,5,48653,0.00371585273920104,0.0021771666367333916,-0.000414882063654626,-0.0044113311726427665,0.02905078220673315,-0.00015033490155995905,4.024621442951179e-05,0.0002645471620946669,0.003692222049833999,0.4914245712285614,0.4999922289961155,-0.0003651571972243005,0.5148215128214152,0.5085754287714386,0.0004529638246618213
date,2026-01-23,15,48557,0.007227355985575165,0.004012316410345521,-0.0009747234034982634,-0.03157117107293037,0.013334706634784678,-0.0002603597088510627,0.0001678766527210209,0.0007143636946472007,0.0071540598494417,0.47950684479630545,0.5001440177069882,0.004529542863509474,0.5120733863638162,0.5206787069107702,0.0010102259607455055
date,2026-01-23,30,48429,0.010656168506996671,0.006100133039530634,-0.0013285853477417796,-0.046631099786636945,0.008533738530226225,-0.0003303163373415645,0.0002588601333560263,0.0009982690104002152,0.01055778835500351,0.47469779935943796,0.5013217663007751,0.010939046895700136,0.5195854754570289,0.5274305196817853,0.014774253538588697
date,2026-01-23,60,48181,0.015444966612173528,0.009616781706407966,-0.0010827147348051597,-0.05383800479587071,-0.013169322674911287,-0.0004351217781891558,0.000468278343536869,0.0006475929566160038,0.015374661342388733,0.4756831962787607,0.5010657839318381,0.00371393201913026,0.5167183446831836,0.5309618739097932,0.09016529612094028
date,2026-01-23,120,47902,0.022057941575545074,0.01522175475505257,0.00021178062286432355,-0.05818206650893135,-0.02122402024838934,-0.0006988119370081862,0.001287462589057536,-0.0009105925598725098,0.021944538415110033,0.5041127348643006,0.5034972358627436,0.007817881946859522,0.5053125276500198,0.49862212943632567,0.2766388308977035
date,2026-01-23,240,48224,0.03122376995628949,0.023357359273926095,0.005941415233284905,-0.0790945635266921,-0.033061725139613626,-0.0014914835265743423,0.0026319244598138575,-0.007432898759859247,0.03033261663202781,0.5349358110210092,0.45720969223088703,-0.09033962774405402,0.4427687368702334,0.3360847833751581,0.2769355206669847
date,2026-01-23,480,48761,0.04757565559412423,0.03717089741739074,0.020333222634361242,-0.08672629472319884,-0.022918445615234793,-0.0010813456007212664,0.004768692573355274,-0.02141456823508251,0.04233492220671777,0.4741386382280558,0.4296484166174622,-0.11200730483415862,0.4077165501845914,0.1964109926168991,0.469442165709598
date,2026-01-26,5,49071,0.004112796950754643,0.0026727284001111795,0.00018305005353825337,0.019259606358210755,0.039236179622728753,-0.00014845302755350535,4.04524474527112e-05,-0.0003315030810917587,0.004109301416825254,0.5532883057522395,0.4999763313511777,-0.0018420803128711412,0.5081795755607063,0.4466708837513008,0.00016324198583875772
date,2026-01-26,15,48954,0.007469255451625312,0.004916477750986378,0.0009050915102987748,0.025476052441888396,0.03393730444427808,-0.00025047666561315646,0.0001678526790512839,-0.0011555681759119311,0.007416592334279876,0.5750260613617317,0.5007430630039073,0.010303247060279394,0.5072325920648926,0.424933058070846,0.005110070927784477
date,2026-01-26,30,48817,0.011263228234152451,0.007650392220216958,0.002437777217809047,0.03243124418030979,0.038387107659241554,-0.000309841316058295,0.00026331293052019337,-0.002747618533867342,0.011001641572010406,0.5958815695113205,0.5043392794598772,0.020910632288909724,0.5098255177786659,0.3996106956254482,0.04319229587132466
date,2026-01-26,60,48659,0.01663261551702214,0.011871291203659071,0.005790232867444201,0.03525279586362423,0.05155121312207156,-0.00039745150914368023,0.0004957371858647425,-0.006187684376587881,0.015601816092928579,0.6366588564146832,0.5074615160785186,0.020515126275131978,0.5055966984711199,0.3225017470300489,0.13341143585316725
date,2026-01-26,120,48664,0.022300481234134285,0.017005793363880924,0.01138654009029045,0.03084410401633243,0.06308045998771354,-0.0005865990482891883,0.0014120803524689481,-0.011973139138579638,0.019165952061352555,0.5869864562139055,0.48487573588037786,-0.025235832489822835,0.462652402046217,0.19448383583040468,0.34212960108514706
date,2026-01-26,240,49421,0.03035642631425466,0.023886614804896407,0.014110802343038754,0.012283964815401728,0.02205792977779243,-0.001367507432612414,0.002901946547504008,-0.015478309775651167,0.02675601141843954,0.5928077063180475,0.4921270374476615,-0.013872574319383392,0.4659921570665265,0.21807584894969037,0.3258793054599911
date,2026-01-26,480,49135,0.040064239553720585,0.030109450622714067,0.009055927509425157,-0.0415266198009203,-0.019299970147005487,-0.0005814635423984437,0.00529385117130425,-0.0096373910518236,0.038447423473912064,0.45832400415233365,0.45645444531580126,-0.07870488549990969,0.4483886236570151,0.28553400232042175,0.5143194447271469
date,2026-01-27,5,49738,0.004862423094078563,0.003056346979978819,-0.00013489053930679684,-0.026982635156849958,-0.0055855886871420376,-0.00015096789830299756,4.430576994729399e-05,-1.6077358996200702e-05,0.0048591544306245075,0.50907040892343,0.49996559031631904,-0.0019171341736659098,0.5011506282893398,0.4908893228904504,0.00032214548895644995
date,2026-01-27,15,49654,0.0089068848114283,0.00558801293898998,-0.0004329579106379379,-0.04989292795172614,-0.02666429991296894,-0.0002790188296039052,0.0001865898534490725,0.00015393908103403272,0.008885094085076862,0.4649329704666868,0.49995169146018226,-0.001841303292171222,0.5015903444448959,0.5350670295333132,0.0006854147767362161
date,2026-01-27,30,49551,0.011968058051342571,0.007674990701826969,-0.0014594747407763594,-0.01870282940360963,-0.000500215458731475,-0.000362942779706217,0.00029609224240172323,0.0010965319610701423,0.011869507797305619,0.42890607645550194,0.5006465260370425,0.005737507406780798,0.5230149598667627,0.5735778186150771,0.012581029503826814
date,2026-01-27,60,49347,0.016676083292876266,0.011403677141639082,-0.0029086264029961895,0.03624974779723645,0.057563040735586976,-0.0005185683866706817,0.0005725681626868972,0.002390058016325508,0.016431247306602687,0.4353122403064637,0.5163631931685875,0.05367780038287402,0.5584021850806836,0.6002391714129355,0.09899264243873766
date,2026-01-27,120,49247,0.023447062430167726,0.0168871492744409,-0.0056457347730509404,0.1219469655734336,0.20436966935537276,-0.0009510644997913001,0.0016528481065480481,0.00469467027325964,0.022899558290544065,0.5517353424991369,0.5933811426064382,0.19599275240290415,0.6390308201271593,0.6038666964521435,0.3189212241830994
date,2026-01-27,240,49754,0.030509032589275936,0.02075949884430879,-0.0066061973937268,0.02330776887501955,0.0951286471041413,-0.0019198962466893531,0.003308877936549991,0.004686301147037447,0.029678076942389994,0.5338010332281343,0.5440619994198326,0.09342065701503842,0.5672859692965477,0.5300018091543208,0.3316380887289686
date,2026-01-27,480,49616,0.04509516036635335,0.030945902435124826,-0.004446175210417631,0.011945664445471918,0.11469650709607421,-0.0017533316794508431,0.005966452819644708,0.002692843530966788,0.0445483632458253,0.5514099695632018,0.5505254297177449,0.10117789486265848,0.567476202717103,0.48420713148293726,0.4703997097417911
date,2026-01-28,5,49488,0.0040215907729480565,0.002416449794545765,-0.00012547038692012756,-0.03289760256830483,-0.015303707989857581,-0.00014958094902647957,4.14109662108322e-05,-2.4110562106352022e-05,0.004018057601175053,0.543405168921656,0.5,0.0,0.4835709713777099,0.456594831078344,0.0
date,2026-01-28,15,49407,0.007436712015124326,0.004378569583193995,0.00030415057446586566,-0.039055634279161436,-0.006626424807841238,-0.00026250267940409696,0.0001699217111914173,-0.0005666532538699627,0.007421913167359981,0.5835089995135398,0.5002467513775993,0.010038018073395003,0.47554811859776236,0.41663288470893467,0.0005878060645370521
date,2026-01-28,30,49295,0.010319350734766586,0.006289448734114482,0.0003664042072503707,-0.03354325110816517,0.0029367886864957973,-0.0003387534159069706,0.0002582742818561463,-0.0007051576231573414,0.010300949484908412,0.5898347073874021,0.5009870924235508,0.016137310452428714,0.4741851861985,0.41046988587905614,0.0036348129797343946
date,2026-01-28,60,49098,0.014426123641275218,0.009095883299091794,-0.00010927318255606458,-0.0005995922105384427,0.036893873139742496,-0.0004680743746540926,0.00046998498321977985,-0.00035880119209802803,0.014417769971965184,0.5698449249077905,0.5016382083692709,0.0067138536708412746,0.49460528313032015,0.4221058423165488,0.06192814786134942
date,2026-01-28,120,48942,0.01926467470738207,0.01284258913822258,-0.000931327058872389,0.01580354579959865,0.07035611302315085,-0.0008214080471783493,0.0012761497133745995,0.00010991901169403967,0.01921996378663708,0.5417220167174184,0.5147749028318859,0.0329404625542066,0.5179325966351997,0.4402730375426621,0.27264924076761154
date,2026-01-28,240,49628,0.026594934083092932,0.01885687766096471,0.0018584109496019344,0.008569212870505025,0.0907171889278791,-0.0016882151691392242,0.002675685515008363,-0.0035466261187411586,0.026417588212868874,0.5592598564863339,0.5197989966992518,0.04243650470103552,0.5184604451001541,0.40054825445456743,0.2976699185680884
date,2026-01-28,480,48841,0.042799019353744264,0.032083963971897764,0.01626669771291132,0.13100619191637977,0.20645159796024654,-0.0014267420810022912,0.004636238621837613,-0.017693439793913614,0.03992689783767728,0.5663765741783557,0.5549849604232859,0.09820190877737538,0.5621744603646529,0.27056414456844474,0.4499436879287396
date,2026-01-29,5,49382,0.0050055836696835405,0.003028712082555597,-0.00015933995213387726,0.019591783132619795,0.03742545178675722,-0.00014995499727462778,4.508901800604742e-05,9.384954859249502e-06,0.005003727206990164,0.5453494738122757,0.5000074174222263,0.0008202481088079958,0.5037066706173188,0.45465052618772434,8.110793438368109e-05
date,2026-01-29,15,49273,0.008905987201649103,0.005328332721723696,0.0001955633836914126,0.06591211285390586,0.08570851806707531,-0.000293932736216589,0.00018389107699027447,-0.0004894961199080016,0.008914069536087008,0.5899987813299752,0.5001691034792917,0.008953650976439107,0.5172438226812875,0.4101027745054231,0.0003452898403542268
date,2026-01-29,30,49129,0.012683756928053092,0.007953071863959821,0.0009206662212033884,0.08319460613500501,0.12117550362678403,-0.00038762149270446153,0.00028795205819332755,-0.00130828771390785,0.012671000021933585,0.6060445603030427,0.4995369847785427,-0.00600466196993943,0.537058244287952,0.39228544662131887,0.0057024153802289115
date,2026-01-29,60,48824,0.018206034156958307,0.012244925551153255,0.0036499338561740207,0.09667272428564652,0.14420481951029845,-0.0005703997975341737,0.0005402802680082016,-0.004220333653708194,0.017880536168601323,0.6576877381293785,0.5027230869912257,0.011430907007619964,0.5341212558572496,0.3264164857224794,0.052685484862141016
date,2026-01-29,120,48517,0.02538735774867368,0.018410382499947357,0.009676280023786541,0.12033933763013545,0.14397281815338162,-0.0011212946919647302,0.0014948715710192892,-0.010797574715751272,0.023603923497990828,0.6336239770783089,0.5116186646086416,0.024372899353138074,0.5183137014582709,0.2676808278193474,0.23202028322305362
date,2026-01-29,240,48626,0.03399276510006907,0.025553187228202948,0.012270922821075881,0.1309230162566831,0.1325361551216676,-0.00219017076962602,0.0029786664554629283,-0.014461093590701902,0.03195280476247073,0.6037925999053907,0.5131674484916939,0.027776198800027612,0.5277629210096184,0.3083235638921454,0.2585508319450443
date,2026-01-30,5,48741,0.004704076210732625,0.0029127141476526005,-0.00012295676163307266,0.01240802392121801,0.015298781167335275,-0.00014046515813485408,4.8807725385386295e-05,-1.7508396501781436e-05,0.004702821340868557,0.5122552544531876,0.49991905943170495,-0.0027235497372125267,0.5047060227375266,0.48764201918928357,0.0008834466747478068
date,2026-01-30,15,46512,0.007507607954274719,0.004853950061372722,-0.0004559724847159841,0.0266821185035074,0.03988165394241731,-0.0002582785215937387,0.00017459964159683377,0.0001976939631222454,0.007496374310053006,0.49972022554125595,0.5003846239865486,0.00847065710947522,0.5192229273059868,0.5006671544785435,0.0020660267722635906
date,2026-01-30,30,43211,0.010305355478235639,0.006829447127833991,-0.0006870689862532623,0.0010709823023082128,0.01601550058801964,-0.00033157002887736556,0.00027517878849145307,0.0003554989573758968,0.010279038042494365,0.4952998379254457,0.5029098184199271,0.014671696055173265,0.5146798362572225,0.5082889557768002,0.04100486223662885
date,2026-01-30,60,36790,0.014223362689376623,0.009754342606794114,-0.002920522393810848,-0.013734807377268938,0.004247915208890656,-0.0004472782242829656,0.0005490696771708413,0.0024732441695278825,0.01390192212097852,0.4671524907548401,0.5194197050279588,0.05293162704543652,0.508868489963917,0.5752936697846421,0.1558353273874266
date,2026-01-30,120,24215,0.01961517617199457,0.013890764237692395,-0.008582357285125151,-0.0007640638168039933,0.03008553283863507,-0.0005085584511517445,0.001604092232286729,0.008073798833973408,0.017563658922490087,0.49969024903977205,0.5421508699225375,0.07737911464827112,0.5521402516171023,0.7122620080122248,0.41787469541155575
minute_slot,0,5,21100,0.010801354599178145,0.0074916210094684325,0.0003519212473416287,0.001640807768729107,0.04265178590568922,-0.00014012044224288354,4.3219916555299337e-05,-0.0004920416895845122,0.010795604466849577,0.5508056872037914,0.5003314285642704,0.010993029578613133,0.5109302483548824,0.4494312796208531,0.0009004739336492891
minute_slot,0,15,21005,0.015124383577656393,0.010511725877945606,-0.00029623487831574005,-0.009065199708200257,0.01671806605545818,-0.00021518132690076966,0.00015382478886011002,8.105355141497039e-05,0.015119305378588023,0.5105927160199952,0.50095556271072,0.013482916623178515,0.5124453878329761,0.49026422280409426,0.0050464175196381815
minute_slot,0,30,20908,0.01818986278793897,0.012905713612876998,-0.0009143553943692035,0.0014098141805007033,0.04957662412083049,-0.00027012992499962846,0.00023492136886142979,0.000644225469369575,0.018165679375927106,0.48569925387411517,0.5043943318975749,0.025586762973815663,0.5433854526671693,0.5198966902621006,0.030371149799119954
minute_slot,0,60,20789,0.020840680984023335,0.015065668938907942,0.00019282715955204734,0.032646766478311384,0.06590980827257772,-0.00032071733485683636,0.000424173370082117,-0.0005135444944088837,0.020849324132148857,0.5256626100341527,0.524387862758493,0.0645145051172992,0.5441844937418546,0.4980518543460484,0.17273558131704267
minute_slot,0,120,20637,0.022255337866224377,0.016123190255695006,-0.0006022192643659252,0.0001366521800954569,0.040927284070035555,-0.00023156173507965123,0.0011831716343796439,0.000370657529286274,0.022215865597268042,0.5204244803023695,0.5203828125948067,0.040767961055124306,0.5289559556943542,0.4966322624412463,0.4936764064544265
minute_slot,0,240,19961,0.03298969184059896,0.02214923473921278,-0.003819769588142688,0.04862451752027325,0.10301341840544946,-0.0004576583055954629,0.002422562250036635,0.003362111282547225,0.032796140371518526,0.5449125795300837,0.544391639296206,0.08871674979053362,0.5619864567532235,0.5234206703070988,0.5132007414458194
minute_slot,0,480,18809,0.04697351398551204,0.031858446454778866,-0.005151169477027552,0.028790468510305523,0.07256828004010521,0.001500147889967785,0.004188822962906399,0.006651317366995337,0.04662269248620327,0.5499494922643415,0.5351048697001133,0.07791763468803423,0.5522896199035684,0.5342655111914509,0.7190174916263491
minute_slot,10,5,21010,0.006760991466761132,0.004592562318270219,0.0004116009264129923,-0.0005897897694496086,0.005158288759359683,-0.00014830910074463353,4.3742675438157135e-05,-0.0005599100271576258,0.006748283387028796,0.570871013802951,0.5003045738015269,0.014571361038596303,0.47806357597742133,0.42936696811042363,0.0004283674440742504
minute_slot,10,15,20931,0.010860489104330538,0.007583849337006338,-0.00010079636375545717,-0.0004032111034701789,0.03256923363317668,-0.00023667781636982357,0.00016484430774011915,-0.0001358814526143664,0.01085870372284011,0.5042522694696607,0.5011627492877493,0.022920622532688093,0.5223767395353934,0.4968944099378882,0.0025800286669851887
minute_slot,10,30,20850,0.013069161170375387,0.009239477139609908,-0.0005849152024608494,0.051507551173280174,0.07542986370099834,-0.00030903321001368825,0.000253954895773002,0.00027588199244716114,0.013066682623197481,0.4989687754808384,0.5079177682297268,0.05948788351376711,0.5470580430260272,0.5092810206724543,0.018034438102546884
minute_slot,10,60,20731,0.015808790406858092,0.011133243230108968,-0.0007490745541635102,0.04269223485634096,0.07650727812219643,-0.00038556067707375515,0.0004647422801374307,0.0003635138770897551,0.01580404659082217,0.5260745815041729,0.52211037560666,0.06777219397727793,0.5423719197407255,0.4947657870616045,0.12108640069467895
minute_slot,10,120,20594,0.01858376285102912,0.012991220957355876,-0.0010727568396974307,0.039696143898490355,0.06462776886319044,-0.0005203126244529445,0.001263460492876749,0.0005524442152444863,0.018559925375862586,0.5146908843669564,0.5117422245093589,0.024016512126168545,0.5302409770077046,0.4859890243310184,0.39444417463940556
minute_slot,10,240,19734,0.031091316609775783,0.021090086737369524,-0.003852482865782808,0.013665720512243367,0.032532952804592584,-0.0011493659601294337,0.0026583390590456785,0.002703116905653374,0.030773323701740463,0.506080875646093,0.5092056300085754,0.018834885127986017,0.525257738519028,0.5146447755143407,0.39358467619337184
minute_slot,10,480,18579,0.04516802273067684,0.030619303799278793,-0.0066732667062915,0.014604591429150405,0.03573104589683644,-0.00034626772402925526,0.0046853619874904495,0.006326998982262245,0.044494432054888636,0.5215027719468217,0.5178072357790348,0.03578842018319057,0.5286381335281568,0.5321061413423758,0.5586953011464557
minute_slot,100,5,20563,0.0031625343785214267,0.0019493547923274887,-0.0002832233350567334,-0.018600283233614304,0.009388211804880144,-0.0001477630406565272,4.371270033240971e-05,0.00013546029440020623,0.0031487104030818356,0.5159350865187213,0.5000598124025896,0.0032324276265299503,0.498847965482848,0.48411379411477173,0.0003421644344510705
minute_slot,100,15,20547,0.005106512506155101,0.003210006152432834,-0.00031072005706359734,0.016759151933003386,0.032171550213532824,-0.0002333848582869874,0.00016239656544043618,7.733519877660991e-05,0.005097185072929585,0.5205365853658537,0.4999726647069159,-0.0005098338122305366,0.5130242803381041,0.4793170731707317,0.002878048780487805
minute_slot,100,30,20508,0.00950741868293039,0.006226132662046142,-0.0006979186557535259,0.03586868293384769,0.08855103573797608,-0.0003040364791756552,0.0002492102161407714,0.0003938821765778707,0.009487435227917581,0.5243092843893391,0.49809729084435816,-0.013937725772977532,0.5414104757217407,0.47276188616616227,0.018939763741091478
minute_slot,100,60,20426,0.012188991292503597,0.008222017347409311,-0.0005413048919250565,0.023152400304196248,0.04175730807793531,-0.0003765241536685,0.00045566598830503775,0.00016478073825655653,0.012178991631518456,0.5209721677773422,0.5028237555690583,0.008463142750515488,0.518647695100305,0.4756468051744414,0.12725401803214426
minute_slot,100,120,20343,0.014460500537936825,0.009875390172754052,-0.0008422467820827665,0.05698620229607491,0.07939151425885298,-0.00047388310298783823,0.001217694086046696,0.0003683636790949283,0.014454061813181927,0.532894089881011,0.5313495567174886,0.06396487067726078,0.5431994854487109,0.49218212213590323,0.4007277018389222
minute_slot,100,240,19070,0.02919618741679046,0.02059746025476139,-0.0020577834491639444,0.013968359797513612,0.012089338661057348,-0.0010595244401833898,0.002541123472916489,0.0009982590089805548,0.029048024316455322,0.5014693534844669,0.5036862766101827,0.007529024593389234,0.5109925414868327,0.5108627204030227,0.3980373635600336
minute_slot,100,480,17937,0.04294733444823839,0.030206974504967718,-0.004149394274186279,0.0016761651204771379,0.0008021275839805627,-4.632937535742229e-05,0.004507395705772932,0.004103064898828858,0.04251566618192381,0.5071938434084319,0.5027380021837153,0.00552852580154591,0.5093009705225393,0.5298349319652019,0.5748382779388802
minute_slot,105,5,20568,0.0031692701464099303,0.0019188134817114614,-0.0004080244394281575,-0.031128476903640564,-0.0025433674347711283,-0.0001393583621072692,4.357744530562624e-05,0.0002686660773208883,0.003141236723318994,0.48104728409534975,0.5001112520247137,0.003650865302891209,0.5032744483122539,0.5190992575224697,0.0009280969128565846
minute_slot,105,15,20550,0.007137335544004333,0.004605285038418952,0.00015890809852030411,-0.011790676676066886,0.035073520588691474,-0.00021700215672789745,0.00015629110960864876,-0.00037591025524820156,0.007132011956269941,0.5798323423335607,0.49995548498754866,-0.0006127915488110268,0.48999116577481366,0.4192903791792572,0.0051661955356272545
minute_slot,105,30,20495,0.010293531101658484,0.006757655125860257,2.0866861542806172e-05,0.00026901180741690167,0.007813200118816506,-0.00027390210819839623,0.0002402074142884696,-0.00029476896974120237,0.010290771470795702,0.5266347375623106,0.4970177796404995,-0.017137364547091645,0.4959749000645478,0.46842928354999513,0.031130876747141042
minute_slot,105,60,20412,0.012615477502956652,0.008620559880758286,-0.00046423703395651435,-0.003968827426162382,0.017298786010841023,-0.00033142196316358116,0.00044194643931353745,0.00013281507079293317,0.012597430211475316,0.5151990586389488,0.4990537807799835,-0.002468043790671981,0.5004586837143833,0.47489703863502647,0.17846636595410864
minute_slot,105,120,20329,0.014418192879410912,0.009915108545186777,-0.0005547870277632578,0.028550339058443334,0.04215683986955827,-0.0002540389850642184,0.001245152115132049,0.0003007480426990394,0.014389202612446299,0.5186715867158671,0.5186670181661315,0.037333261997166765,0.5152404164348755,0.4966789667896679,0.4991881918819188
minute_slot,105,240,19054,0.029054459690779345,0.020518572431500227,-0.0014038620738373582,0.09052696371986063,0.08998049092776994,-0.0004221001112952833,0.002434554708522066,0.000981761962542075,0.02913945776112613,0.5450582921961978,0.5445828045131988,0.0892190350722954,0.5499045827899434,0.5119210166999265,0.5210061968280643
minute_slot,105,480,17927,0.04261356925239704,0.02990929848911492,-0.002410665040634213,0.08804349518950412,0.10234684198389207,0.0016579906748824494,0.004210594480242897,0.004068655715516662,0.04270879881443893,0.566781968310645,0.5540670454430205,0.12146857251145839,0.561817544210073,0.528118723499219,0.7291341218478018
minute_slot,110,5,20567,0.00297894710792569,0.0019453922766812229,0.0001710924272740332,0.011420990494781584,0.014287571481000448,-0.00014967527333340083,4.3796301966718624e-05,-0.000320767700607434,0.002974207544430568,0.5712960250024417,0.5000853581263623,0.005407570502504694,0.4947385969449054,0.42875280789139564,0.000244164469186444
minute_slot,110,15,20521,0.007718612924332682,0.0050180295559281475,5.262757807669325e-06,0.02075682549372611,0.06511802574825187,-0.00026398962172222585,0.00017739080211511907,-0.0002692523795298952,0.007720255392326565,0.5619814543679844,0.5005795832246152,0.015042641895029343,0.516061604579108,0.43840897999023914,0.0014641288433382138
minute_slot,110,30,20488,0.009778496006651047,0.006523924850807775,0.00013319160116807643,0.052256962805323035,0.08257139541309677,-0.0003384160237242247,0.00027705386745988456,-0.0004716076248923011,0.009788151556657625,0.566109645265318,0.5088624977236006,0.06693938803201113,0.5282115879387639,0.4405355223297176,0.01759014951627089
minute_slot,110,60,20408,0.012555704515999966,0.008551139698950617,-0.000590362143627833,0.040051681789914834,0.06594350122227566,-0.00045776056626469175,0.0005114737775257224,0.00013260157736314125,0.012551886051242661,0.5386161918305301,0.5193036032583037,0.06852570273800382,0.5316495452127974,0.47658510273132937,0.08669641543666945
minute_slot,110,120,20325,0.014196387213202707,0.009768939820132817,-0.0009888782552906548,0.020835431248155466,0.039467275503304367,-0.0007673405070269657,0.0013520898257821953,0.00022153774826368919,0.014125411403518532,0.5172956748511539,0.5182920900242819,0.040636202075086766,0.5336782564768485,0.5022880480244059,0.28234020567829554
minute_slot,110,240,19064,0.0291211536192054,0.020547794668791527,-0.0027323798727687237,0.05249358466160172,0.06511710098876201,-0.0017137005290585566,0.00269727589773924,0.0010186793437101673,0.029008879797942328,0.5098635886673663,0.5154719072543718,0.03464483352259386,0.5391857493633733,0.5124344176285415,0.2748688352570829
minute_slot,110,480,17942,0.04279067870628966,0.0298176186441697,-0.005684213429470871,0.07311469288343925,0.10876103601354771,-0.0015537132845581407,0.004627382659920584,0.00413050014491273,0.042497951322006636,0.5427233710495513,0.5455712633914707,0.09132915254158905,0.5697533749187687,0.530405217100496,0.4559389108745332
minute_slot,115,5,20566,0.005564627063396393,0.0034783621514001793,0.0001714802945221264,0.046425590572231105,0.12732635197413625,-0.00014729584568820336,4.352746843762119e-05,-0.0003187761402103298,0.005563835088308493,0.5976227591582229,0.5001198221546146,0.006365086850425236,0.5366401593515747,0.40242595479345283,0.0003409976617303196
minute_slot,115,15,20527,0.007912497677970491,0.0051227479089873676,-0.0005682469250790912,0.04433924785634736,0.1087796500053137,-0.00023245397118255872,0.0001614419959633202,0.0003357929538965325,0.007897576624972959,0.5150583296724752,0.5005239528211823,0.009773405305700329,0.5509153307273458,0.48538097330014157,0.0028798750427100114
minute_slot,115,30,20490,0.010060374735188317,0.0066792137881271875,6.653403119780918e-05,0.03625146178749348,0.07257583888282902,-0.00030252226015563445,0.0002478546630246522,-0.00036905629135344363,0.010066090136204166,0.5417542145125824,0.5003991973851746,0.0029693156154972835,0.5317705438119167,0.45707305155142924,0.01827510383581725
minute_slot,115,60,20401,0.012863201725514776,0.008718862115695496,-0.0008435885931869807,0.04107027770422718,0.06087094437493298,-0.0003738607657035046,0.00045122532543803,0.0004697278274834761,0.01284612159267094,0.5111623570972965,0.5105189431302418,0.031772206536593975,0.5322848787296387,0.4991413571463618,0.1253127913252539
minute_slot,115,120,3485,0.016240277653459017,0.011178916108046109,-0.0020976933563655845,0.03676091995327107,0.028034903065923027,-0.0006421128500114667,0.0013599938442343446,0.0014555805063541179,0.01609677676489579,0.49770114942528737,0.5090162855536011,0.0187471864072812,0.5147530908515581,0.5396551724137931,0.35804597701149427
minute_slot,115,240,19051,0.029319879557529675,0.02078538442279874,-0.0020778424875676255,0.01138068194519199,0.00560465926411217,-0.0010556082449728812,0.002522569276792834,0.0010222342425947445,0.029165890582457707,0.49341034392228933,0.49543058387361383,-0.00934288203086477,0.5041792191661164,0.5096875820425308,0.3956419007613547
minute_slot,115,480,17933,0.043156559188553656,0.0303337970013883,-0.004144047987636994,-0.0013948855894614725,-0.0009597805101691314,-5.478732098871964e-05,0.004477208111419456,0.004089260666648275,0.04271693485945291,0.5035979249177218,0.49946014010518286,-0.0010911158771947723,0.5039620328790142,0.5269147096558264,0.5768394042505718
minute_slot,121,5,20578,0.004357785856854311,0.002699348332945141,-0.00039911108974882605,0.00777815124282425,0.013597642956654351,-0.0001459807564104897,4.5664180415285774e-05,0.0002531303333383364,0.0043395858544632415,0.460938642234027,0.49969013484310054,-0.01073726321851688,0.5172064817379227,0.5388176811735464,0.0008285004142502071
minute_slot,121,15,20541,0.006942615264723312,0.004516724210982785,-0.0003436569084522351,0.047959220285722574,0.02423535422468927,-0.00023273309267238783,0.000173825839920553,0.0001109238157798473,0.006940267070637709,0.47949280663252863,0.4995431827740806,-0.004352786674874857,0.5099659904306716,0.5205071933674713,0.011119239209948792
minute_slot,121,30,20494,0.008388766668046624,0.00572781919676413,-6.090471516042256e-05,0.0826741701220436,0.10236858084084771,-0.00028944308360401175,0.0002811442474765163,-0.00022853836844358917,0.008407108525661466,0.5208048446962298,0.5033887033030144,0.013438083765927688,0.5533785428646034,0.4798300449306505,0.06812854073061145
minute_slot,121,60,20439,0.011510229444261895,0.007804343699884601,-0.0007314060786814692,0.07204065498265746,0.08752841114869025,-0.0003598001531731251,0.0005555248912665401,0.0003716059255083441,0.011513617055198985,0.5134195317856793,0.5164545444626983,0.04141687959902208,0.5498316927506272,0.504995592124596,0.19639533744735038
minute_slot,121,120,19481,0.02166781330123066,0.014288767002721426,-0.0012807858896741004,0.11604357217818123,0.15268575028408718,-0.00031099479258698485,0.0015978671057511442,0.0009697910970871156,0.021757045299875058,0.5596735280529747,0.5598148396618812,0.12032842873087024,0.5787529476418286,0.5013089677121297,0.4461783276012525
minute_slot,121,240,19046,0.029065054285826435,0.020569173518476435,-0.0017758325875094428,0.08322051827333284,0.10579139603856806,-0.0006354634742219326,0.0031539606757960983,0.00114036911328751,0.029102467724064697,0.5453542728084458,0.5455339485950956,0.09125746277302473,0.5614807805996955,0.5027574977677399,0.46767162140868745
minute_slot,121,480,17926,0.04261768656538666,0.030013602667612053,-0.002954123796052547,0.07924763667807527,0.11317747704289581,0.0012542736487465506,0.005341937182032975,0.004208397444799098,0.04260370195995079,0.5528092395246331,0.5453244523003833,0.0953608879331429,0.5640174382206016,0.5241867990849746,0.6569212743402332
minute_slot,126,5,20585,0.0037554304859736013,0.002367090537962653,-0.00042318962581599416,0.012376572963246733,0.025486340707155903,-0.00015562043387779405,4.610041386179177e-05,0.00026756919193820014,0.003731796067965662,0.49376886379125695,0.499949505728777,-0.004178316713738861,0.5138407015908786,0.5061824554571123,0.00014604225489241553
minute_slot,126,15,20522,0.005734547070466716,0.00374239351470486,-2.2793990111720984e-05,0.044558184628639176,0.04956883961174325,-0.00031579079763793604,0.00019302966903295894,-0.00029299680752621507,0.005739859557612211,0.555712890625,0.5003733246435058,0.01419553712112356,0.5138319749443307,0.444580078125,0.00068359375
minute_slot,126,30,20487,0.007782120738514933,0.005165494294189345,-0.0004568923069477021,0.034026993793747885,0.04459548700507777,-0.00041086489386429377,0.00030824109322284866,4.602741308340834e-05,0.007773075074200076,0.5343462966581982,0.5040782513299871,0.04552006325607413,0.5198398268793256,0.4692202462380301,0.008061364080515927
minute_slot,126,60,20408,0.01097035663567625,0.0074481719690900885,-0.000609488103854292,0.02040273559993842,0.03504959140701646,-0.0006153935978989506,0.0005892968979052414,-5.905494044658686e-06,0.010949578877355792,0.5292040606149772,0.5124816773609782,0.055282945941307136,0.5210516253101075,0.481241724290128,0.05379824432347605
minute_slot,126,120,19412,0.023158713979514366,0.015584991821089094,-0.0019156832846825415,0.029168546680843687,0.029209606114044606,-0.0013715666475479448,0.0015679594668220988,0.0005441166371345966,0.023071802621329737,0.5170513084689883,0.5053967972709608,0.015033231880195905,0.5108240406132101,0.4832577786935916,0.15176179682670513
minute_slot,126,240,19014,0.02877850660823982,0.020508692048893898,-0.003954367665087138,0.03500849403439197,0.05374928454670098,-0.002822508388865297,0.0031186501641913603,0.0011318592762218406,0.02844381106312622,0.5128353498158864,0.5133778037031461,0.036840577174848094,0.5257823748572137,0.5007890583903208,0.15628616517622304
minute_slot,126,480,17893,0.04310412703062531,0.030391576533229544,-0.008061326379356573,0.011771063693831178,0.03609090800382708,-0.0037506033536093327,0.005411797954740555,0.00431072302574724,0.04206009871378416,0.5027392665474061,0.5135821874545092,0.030691473176073264,0.5213514049830289,0.523144007155635,0.26637969588550986
minute_slot,131,5,20570,0.0036634236497109143,0.0023028685690270963,0.00024726888682139613,0.028476065224491524,0.03632732266123742,-0.00014333882676219325,4.3869826286763034e-05,-0.00039060771358358936,0.0036560553817902085,0.5622106340464935,0.5001727876422363,0.007091694192581967,0.5093759863533803,0.4378868365904771,0.0005848238218236756
minute_slot,131,15,20545,0.005481990818920019,0.0035896599441063624,0.0003061980397698613,-0.00036049586249745563,-0.0028581379119084756,-0.00022645329802808615,0.00015991993109432017,-0.0005326513377979475,0.005471038374833216,0.5923777961888981,0.500232833699845,0.003284953934575503,0.4722042019994853,0.4069399093523076,0.00487353184853063
minute_slot,131,30,20490,0.007364716564163941,0.004851596232752389,-9.7082540393955e-05,0.014323917721912806,0.006215387829628529,-0.0002919264449172934,0.00024590762044446936,-0.0001948439045233384,0.007363492937912837,0.552168815943728,0.5036061788892133,0.019985936223536106,0.4915306822679496,0.4479288784681516,0.033313794450957404
minute_slot,131,60,20422,0.009858829917804788,0.006578430834819354,-0.00017586267695920545,0.055586698684346174,0.05149676810508247,-0.0003423608716840266,0.00044742285662630163,-0.00016649819472482118,0.009872003896073988,0.526527213050507,0.5028238531987921,0.007475128213075927,0.5203444729099748,0.4639200509479253,0.17131239896144615
minute_slot,131,120,19387,0.02272043769426332,0.015317307465903969,-0.001231251113775473,0.04744713149129513,0.04044305459863158,-0.0004150413292282737,0.0012514128177928741,0.0008162097845471993,0.02271196523045993,0.5096208408563322,0.5083939410335536,0.017029074413742774,0.5160093581087131,0.49270054165591953,0.4158369873613619
minute_slot,131,240,19028,0.0277093644194704,0.019759609431610117,-0.001964434983371104,0.05053874134297384,0.045333709782668964,-0.0008453298690181151,0.002602389798121594,0.001119105114352989,0.027648693179527926,0.5064122779354567,0.5060882051306532,0.012292306129187075,0.514686218964412,0.49763481551561023,0.431462209607905
minute_slot,131,480,17911,0.04181744300991473,0.029557618979126926,-0.003862739545041103,0.019179741828691522,0.018767064046818632,0.0003255142055884851,0.004772672550014228,0.004188253750629588,0.041455868177635594,0.4887213847012842,0.4854353145117518,-0.029516640503060354,0.5100352860784632,0.5196538246789503,0.5830262423227247
minute_slot,136,5,20537,0.0032487895563716217,0.001973000446805363,6.499337549950834e-07,0.04098592237769484,0.09354665902600738,-0.00014690000854782038,4.5613925030219055e-05,-0.00014754994230281547,0.003250339326119316,0.5692578296770411,0.5001808202161159,0.005880281864809869,0.5281867938497664,0.4307910294620609,0.0009283236429374114
minute_slot,136,15,20514,0.00553383314142648,0.003604953114438743,6.958026558285197e-05,0.05968518609357071,0.10347339441830909,-0.00023790450655424388,0.00017528143683802604,-0.00030748477213709586,0.005541090393577653,0.5469108669108669,0.4997328463852559,-0.002825423854846943,0.545603279010397,0.451965811965812,0.008937728937728939
minute_slot,136,30,20469,0.007867173659613693,0.005297615039007608,-0.0007941723865286844,0.028785296783313735,0.057024643033510194,-0.00029809497665592323,0.0002825355136606247,0.0004960774098727612,0.007830022118535947,0.49630572001761514,0.5090725384014122,0.03767597157360631,0.538489700049179,0.5145569310564173,0.06175074619562558
minute_slot,136,60,20404,0.009596425062540458,0.006296025927400284,-0.0008273574689384471,0.050415590455836976,0.061855609466832315,-0.0003771029687829262,0.0005566933328966145,0.0004502545001555209,0.009572579307387478,0.5001961553550411,0.5012025944068377,0.0030713985366162943,0.5246047351717691,0.5016182816790898,0.18904472342094938
minute_slot,136,120,19332,0.023147186371232302,0.015630652919383023,-0.0012771586247723777,0.07557971412781657,0.09349288200533096,-0.0003668495135594704,0.0015874587946590143,0.0009103091112129073,0.023177635079849677,0.5401727973511304,0.539789204075019,0.0804200636028575,0.5515449437059403,0.4973356097056237,0.4278027833824823
minute_slot,136,240,18989,0.027429180696996912,0.019468288040069816,-0.0019802145337739457,0.08623141331521776,0.11785450716162152,-0.0007562239551636669,0.003147283566857679,0.0012239905786102787,0.02744871918006509,0.5524070367639313,0.5525496681940362,0.10567048220232184,0.5649397973440409,0.5013694301063942,0.4480669967344359
minute_slot,136,480,17878,0.04120414844129425,0.02898028585221123,-0.003258908005066109,0.08071589458054038,0.12222137175398086,0.0009709029247264258,0.005403089002888819,0.004229810929792535,0.04115660377741667,0.5591427931960609,0.5539251656522626,0.11150856371453546,0.5706145138986327,0.5206468218442256,0.6285810205908684
minute_slot,141,5,20533,0.003456199781818085,0.0022767299312545803,-0.00017432385152337912,0.006496892249617775,0.024138335313568723,-0.00015580657047388173,4.5751925273507074e-05,1.8517281049497395e-05,0.0034517947429836076,0.5250183060776178,0.4999070372780515,-0.009396895819307024,0.5106986685612918,0.4748840615084208,9.76324139614352e-05
minute_slot,141,15,20495,0.005414870283515848,0.0034894405269106196,-0.0006687466394787693,-0.002738939741934973,0.02249984449961491,-0.0003149022876166045,0.00019165189983940363,0.0003538443518621648,0.005369472092293988,0.4851107525304386,0.5002373042240151,0.015171614987657641,0.518806981970814,0.5151337342917217,0.0002444868221602856
minute_slot,141,30,20442,0.007963663951995178,0.005213568761702358,-0.0012479168627003263,-0.012243105543777,0.007828185566551245,-0.0004110097864130437,0.0003056365050585998,0.0008369070762872827,0.007855599468359335,0.46595473694523365,0.5023578139077682,0.03419372295854175,0.5185682592132554,0.5367394925051435,0.00475164103066523
minute_slot,141,60,20390,0.009558864075660886,0.006103308452843986,-0.001603131669596194,0.011884151583218467,0.03447128954395023,-0.0006137089170895786,0.0005814410322063552,0.0009894227525066152,0.009412430936484101,0.4801727522575579,0.5083256007162403,0.03855579491583401,0.5289195784835399,0.53116411464468,0.048831959167648216
minute_slot,141,120,19286,0.023995159793747365,0.01636086678009874,-0.0031216047714206076,0.03125461382671474,0.04416590709331524,-0.0013498122398429347,0.0015461578969285068,0.0017717925315776726,0.023789323034774164,0.5019965772960638,0.5207041295476674,0.057601770214618694,0.5307967591506256,0.5267852512575844,0.151895451952497
minute_slot,141,240,18946,0.028029638801411752,0.01992380537045443,-0.004066753723744039,0.037145371273730146,0.05797322907156309,-0.0027865767493874213,0.003082157569778265,0.0012801769743566178,0.02767597510546091,0.5156299503643468,0.5184667537187774,0.05092157838033473,0.5288226894484563,0.5041187031365508,0.1557714647798078
minute_slot,141,480,17839,0.04230325661666504,0.02968785676983368,-0.00793914364483005,0.011703883885739879,0.03850892967907209,-0.0036475217015091662,0.005357208684669595,0.004291621943320883,0.041267551379528554,0.5078492935635793,0.5189139335541346,0.04261800632335661,0.5230822585363126,0.5238282126037228,0.2687261717873963
minute_slot,146,5,20536,0.0032369685549934004,0.0020634887404061162,2.4808998539524084e-05,0.021554498526696327,0.04925572208869051,-0.00014299658953246465,4.415043792208055e-05,-0.0001678055880719887,0.0032375241461572845,0.5502805562332276,0.5003646921514986,0.01388843819230676,0.5121797213387982,0.45001219809709686,0.0006830934374237619
minute_slot,146,15,20503,0.005194759413154962,0.0032991224838502986,-0.0005878471194085442,0.023432397736750182,0.033288645313780243,-0.00022620070024044714,0.00016046779586813698,0.0003616464191680971,0.00516265783270253,0.5059128225175918,0.5011834734977249,0.015068979378180405,0.5153084199318675,0.4952111024237686,0.006206020328381548
minute_slot,146,30,20468,0.007820027848160107,0.004963887722117527,-0.0009751814106194831,0.05826773461066548,0.07753833952063789,-0.00029009073485686363,0.0002478171223788301,0.0006850906757626194,0.007769480164031319,0.49000048897364434,0.5140118192118062,0.07247952755747115,0.5433250972363796,0.5259889491956383,0.03877560999462129
minute_slot,146,60,20436,0.009338067939519133,0.005849711151689761,-0.0017996585431571017,0.04379417368669605,0.07548542107440236,-0.0003387063879820344,0.0004527734528912635,0.0014609521551750674,0.00917166643364025,0.47473807891902475,0.5089350835833507,0.023234782709009492,0.545761974716146,0.5529227455204152,0.1778615490061686
minute_slot,146,120,19268,0.02412499081683424,0.01650169492917803,-0.0020353579143110308,0.07445291002326108,0.08581933105659224,-0.00040396814295390657,0.0012774355057236517,0.0016313897713571245,0.024100310399665054,0.5267829336655248,0.5315683153187567,0.06381437857866773,0.5489947825026911,0.529793418457386,0.42157168068099243
minute_slot,146,240,18963,0.02738867392637361,0.019556870244036066,-0.002087216461764648,0.052892190709728656,0.04805373982405839,-0.0008276011842659633,0.0026515469709423745,0.0012596152774986846,0.027320605848351345,0.5082304526748971,0.5084575095237713,0.017051931653321875,0.5196325900441356,0.5017938166086314,0.436741584889733
minute_slot,146,480,17858,0.041066635352136484,0.02898699590833274,-0.0037109491946548195,0.0275063377378522,0.02750492119441261,0.00035579525844101897,0.0048763897000497465,0.004066744453095838,0.04074122718432541,0.4900016803898504,0.486411262170839,-0.027566706300224043,0.5146838732247476,0.5206968016579846,0.5861759928303366
minute_slot,15,5,20970,0.006050749868752781,0.004121377333058408,-0.0007297772818652522,-0.004028270025233216,0.030654317737967146,-0.00013912335979146518,4.3481022894945216e-05,0.000590653922073787,0.006006247119933668,0.44968523464326593,0.5000856582617734,0.0026323121606905446,0.5348142006672778,0.5505055322396032,0.0010492178557802365
minute_slot,15,15,20914,0.00981273521508489,0.006740886573615846,-0.0008982732301076214,-0.002183571098352736,0.04709225181281262,-0.0002155745192011765,0.00015472325493866813,0.000682698710906445,0.009769971175258777,0.4713055954088953,0.5013447648291428,0.018149700889929416,0.5367732439088443,0.5303682448589192,0.005499760879961741
minute_slot,15,30,20827,0.01214696455388155,0.008471502039344226,-0.0005276501841500739,0.029097844450517937,0.0646997845817176,-0.00027129603322954794,0.00023795934243735545,0.000256354150920526,0.012140091722117207,0.4989436281571113,0.508868302308835,0.04846606899541909,0.541987096757526,0.5106597522327859,0.03466820320752905
minute_slot,15,60,20730,0.01489455200836719,0.010355935079601366,-0.0011984757788471568,-0.002976413011623757,0.04863754549129137,-0.00032550107785257986,0.00043823360506516036,0.0008729747009945769,0.014838482977473845,0.5091654606849976,0.5168120464008121,0.0435498990446672,0.5323607189203692,0.5120115774240231,0.18210323203087314
minute_slot,15,120,20583,0.01779895651295878,0.012348880211030628,-0.0008780129300511064,0.0006898046670496294,0.04045840349966839,-0.00024046847622306595,0.0012460020773412495,0.0006375444538280404,0.017734427266741997,0.5219144800777454,0.52199658714503,0.04398523637583382,0.5233917346831365,0.48984450923226436,0.5035957240038873
minute_slot,15,240,19682,0.030082780272775788,0.020455059085819377,-0.002925440174392195,0.08549841920809179,0.11090827301859338,-0.00047207203060838565,0.0025306706946105944,0.0024533681437838096,0.030050208020069254,0.5485722995630525,0.5479806026515119,0.09602293803505108,0.5625106075438993,0.5138705416116248,0.522660298750127
minute_slot,15,480,18527,0.04405860241891323,0.030017985326784933,-0.004214667251654495,0.04886831269709674,0.0826556154978696,0.0016834871970190133,0.0041518684638986786,0.005898154448673508,0.043862947275723756,0.5606412263183462,0.5447087533381394,0.10054184176229339,0.5503858095172516,0.5350029686403627,0.7307173314621903
minute_slot,151,5,20521,0.003055388740285018,0.0019390383611831723,-0.000661557833651187,-0.08209946409849819,-0.07814935891137748,-0.0001466498071430617,4.570231382825772e-05,0.0005149080265081253,0.0029788083356699436,0.4276357593235251,0.4997132481324553,-0.009315270447612758,0.4740215232405993,0.5722176059435945,0.0009286866415758346
minute_slot,151,15,20486,0.005634843340233729,0.0035735082092570357,-0.001053555585132359,-0.023167716453284838,0.011211556159789126,-0.00023747004849934678,0.00017518594857318166,0.0008160855366330124,0.005528644700205966,0.46203490930425856,0.5030227194557222,0.03164697495165901,0.5195234911245566,0.5417298195863688,0.009142913020094852
minute_slot,151,30,20456,0.007434351400304706,0.004719699757444219,-0.000927722610601028,-0.003864773585324766,0.011058015463951994,-0.00029737041134477604,0.0002828262415946185,0.0006303521992562519,0.00736972250015764,0.47005284791544333,0.49740940803171346,-0.01069005250084637,0.5119081874117823,0.5312683499706401,0.06238990017615972
minute_slot,151,60,20415,0.009032086174780234,0.005639203402699269,-0.0014048571531958397,0.007037848374655687,0.032917237724103814,-0.000375434208206035,0.0005564213658956559,0.0010294229449898046,0.008908710652905896,0.4868150181354769,0.49953581609081743,-0.0011763802615225897,0.5159320714804618,0.520684246642486,0.1924811293010489
minute_slot,151,120,19219,0.024134763294669542,0.016573372462659018,-0.0021417668386039005,0.0739119120955234,0.08755941799994141,-0.0003616650640612506,0.0015979430586345786,0.00178010177454265,0.02410477335111337,0.5365561742207421,0.5417424420952307,0.08403651267135796,0.5552905660081482,0.5366082114794193,0.4322214705729302
minute_slot,151,240,18921,0.027297493562871703,0.019380962228015695,-0.001968546630304933,0.07104600139569188,0.10445671971956506,-0.0007474031042907923,0.0031716620344578506,0.001221143526014141,0.027267325590249036,0.5469832372693142,0.5472407340027066,0.09493603057101677,0.5595245370930148,0.502617524192269,0.4510602294960605
minute_slot,151,480,17819,0.04077666600698477,0.02866980890782798,-0.0028673490069430598,0.07487292410032025,0.11212930446596447,0.0010124269877646937,0.005460889233892252,0.0038797759947077535,0.04071843322418257,0.5619913565695683,0.5574956665009803,0.11913678470419826,0.5667833704655957,0.5173149239490374,0.6318123140820565
minute_slot,156,5,20497,0.003310783918374656,0.0020870048179040474,-0.00018537158001572453,-0.007789249498039552,0.017330196845935363,-0.0001554577653937834,4.535374943850165e-05,2.9913814621941134e-05,0.003304925944024665,0.5260890846793931,0.5001032631144156,0.010423128716887504,0.5008722735020736,0.47400881057268723,9.78952520802741e-05
minute_slot,156,15,20464,0.006078158219708742,0.0037709670036821523,-0.0008176768915383064,-0.011905363310190889,0.009287975725883368,-0.00031311699269474656,0.00019001552664317696,0.0005045598988435599,0.006017647352090668,0.49272878617245264,0.5002894076789504,0.01688528065700072,0.49978316726052585,0.507565000244822,0.00029378641727464136
minute_slot,156,30,20423,0.007708226756732201,0.0047168714137614315,-0.00038147217492641493,0.015955665293134205,0.05279073886135174,-0.0004077491862930533,0.00030249545130019856,-2.6277011366638373e-05,0.0076976646471991605,0.5060063741113018,0.5017553628607437,0.0260533600276014,0.538504347173796,0.4957097327776416,0.004559941162049522
minute_slot,156,60,20412,0.00899436072233421,0.005658661412411829,-0.000742607777018016,0.013466956220124286,0.04344583380739675,-0.0006058549629615717,0.00057227313258015,0.00013675281405644426,0.008953075486734767,0.5377150419056022,0.5028404716967199,0.013401024334095865,0.5108989884082517,0.4615007596922021,0.046855854531196395
minute_slot,156,120,19195,0.024201593696227455,0.016711324511329628,-0.0024679999159543365,0.02592917279116842,0.04623067765327338,-0.0013228171998608854,0.001520577024649568,0.0011451827160934508,0.024066818213053814,0.5096915381408921,0.5219511117369606,0.06150663540816466,0.5326093093853909,0.5174551896623594,0.14959358065860776
minute_slot,156,240,18894,0.027446797373938844,0.01953665756053374,-0.004001188493303871,0.03120013411954553,0.05665853958563744,-0.002732070010127269,0.0030257817416991678,0.0012691184831766023,0.02707904364577425,0.5122855327261173,0.5173180697813186,0.048049627058172714,0.5300205665503175,0.507254818894302,0.15341029442914636
minute_slot,156,480,17786,0.04143999698607341,0.02917726553793236,-0.007473448414193338,0.007483773971623395,0.03045143762552723,-0.003520759921456542,0.005269870389712609,0.003952688492736796,0.04045788654050316,0.5044710646195377,0.5133923158103203,0.030132835823015958,0.5156408371726575,0.5193746133513301,0.27028851020752487
minute_slot,161,5,20494,0.003485359418929511,0.002146327680168384,-0.0004211932252905364,-0.0023722823386136682,0.015195163782618051,-0.0001433208777508516,4.4088160250839686e-05,0.0002778723475396848,0.0034594304646239672,0.49471313882905815,0.4998949715169196,-0.0040131138527489596,0.505352234625732,0.5051889563344429,0.0006853338554924614
minute_slot,161,15,20467,0.005883232102854584,0.0035871503793783,-0.0005596879985245292,0.06224838062818367,0.08333399690838283,-0.0002278078429721477,0.00016140755088155497,0.0003318801555523816,0.00586438061466297,0.46335616438356164,0.501692109032527,0.021725409336782117,0.5572648402226282,0.5387964774951076,0.006066536203522505
minute_slot,161,30,20418,0.0069951614688146995,0.0044882051588923935,-0.00034407218459547504,0.07145660756406105,0.11400391803455168,-0.0002937722442603659,0.0002500336045513405,5.02999403351091e-05,0.007000108364846984,0.5084845512506131,0.5051701150906353,0.027361569906828635,0.5625157024696059,0.4964198136341344,0.037076998528690536
minute_slot,161,60,20408,0.008848425433594247,0.005717452098057837,-0.0006829399119706417,0.038252391585340065,0.0706040107011724,-0.0003462086736892987,0.00045470750975262325,0.000336731238281343,0.008827715400379145,0.5113942661112473,0.5104384963047796,0.02782683468967578,0.5390419511028404,0.49855427591276646,0.16941925998529772
minute_slot,161,120,19166,0.02398493891604223,0.01659124015210529,-0.0017995002694024672,0.0852276275741439,0.10165410179046197,-0.00043204229417904066,0.0012785734705245539,0.0013674579752234264,0.02399235768983233,0.5336673974318823,0.5378300320013029,0.07682256908018287,0.5552281848932323,0.5228103142290427,0.410481261091972
minute_slot,161,240,18881,0.026735899603900402,0.019158165717414622,-0.0020715687404148416,0.04854475146583294,0.04756768044455676,-0.0008861402398894317,0.00265331015920373,0.00118542850052541,0.026652255534401436,0.5086092715231788,0.5095708788936002,0.019356651741461058,0.5189589986682335,0.5064370860927152,0.42543046357615893
minute_slot,161,480,17774,0.0405837307225193,0.02878731961555273,-0.0037851329953735957,0.026892482651981377,0.023482010753699822,0.00024217506969528683,0.004886052524610315,0.004027308065068882,0.040241941880467,0.49243234119169527,0.48925744708713037,-0.02172909913204822,0.5128685960393248,0.5203961064536095,0.5773926742812131
minute_slot,166,5,20477,0.003273613908881507,0.001981693251752347,-0.00035002216972720654,0.022717622700258948,0.055879351531154246,-0.00014690913868780703,4.6068097558743866e-05,0.00020311303103939948,0.0032555682323127805,0.4988491111219942,0.4998514056953107,-0.005151988980830895,0.5260327608780557,0.5010039668935795,0.0008325579117488614
minute_slot,166,15,20466,0.005032291897262734,0.003227100073643883,-7.558555974814126e-05,-0.0013360223026428531,0.011947194939732292,-0.00024061163667586912,0.000178559966507743,-0.00016502607692772786,0.005028316397112798,0.5232455711069786,0.4973511230456704,-0.027560368586946396,0.506650469014502,0.4736223940491338,0.009298228442791425
minute_slot,166,30,20417,0.006551540858845149,0.004230160489441169,-0.000298521294812303,0.04640536882323614,0.09696488512307895,-0.00030202378030858197,0.00028805081139353296,-3.502485496278989e-06,0.006551775019773823,0.5267984112195361,0.5027991754758396,0.01148175980181999,0.547878806980717,0.4725150787034767,0.06325699995096357
minute_slot,166,60,20392,0.008496843143888882,0.005470432444719609,-0.0004196631643966059,0.07348478259039147,0.09959302636400459,-0.0003849816959198166,0.000566768114020247,3.468146847678926e-05,0.008509277470779298,0.5214086026779146,0.5077094061973411,0.019386663178715027,0.5457602927693638,0.47741429202020697,0.19638040119672373
minute_slot,166,120,19133,0.024103166163316175,0.01681548132724467,-0.0009608254588930246,0.0771738753758115,0.09360097336231847,-0.00039490044147439123,0.0016350302228949906,0.0005659250174186334,0.024154956691579427,0.5385017512677087,0.5390636586347666,0.07886048239888441,0.5564436761782084,0.5041037168696744,0.4318573893041978
minute_slot,166,240,18875,0.026383834001443153,0.01886978017127309,-0.0020272825619441267,0.07723911491818651,0.11534868001807877,-0.0008211557727017199,0.003250839524794899,0.0012061267892424065,0.02635649201417808,0.5508797964808141,0.5518428949430578,0.10422417189352737,0.5663138157131695,0.5091689633241467,0.4484312062751749
minute_slot,166,480,17764,0.039948036080187835,0.028164160444853488,-0.003015655289402602,0.08717796961527247,0.12559580745758717,0.0008448482968572794,0.005690867970962696,0.0038605035862598813,0.039924681121214445,0.5643898868179514,0.5601296265150099,0.1243858934522684,0.5716211344198006,0.5168083788501605,0.6287516188974605
minute_slot,171,5,20476,0.0030938113977935743,0.0019034565971193743,-1.6265975125352777e-05,0.02167618141152737,0.021282097092686487,-0.00015589223396704575,4.5360516335681763e-05,-0.00013962625884169296,0.0030944194831930855,0.5262332827119972,0.5000051546946485,0.000520072710634576,0.5079362949433303,0.47376671728800274,9.797677950325773e-05
minute_slot,171,15,20423,0.0050280783684074236,0.0031952238979642226,0.00019423342836927962,0.03372846665758424,0.06633444595770263,-0.0003162346316714441,0.00019119675277446703,-0.0005104680600407237,0.0050271390488065585,0.5580300206023742,0.5000670194304642,0.005487799634469961,0.5257584759042977,0.44201903266947906,0.00014715981555969782
minute_slot,171,30,20403,0.006308718362119843,0.003949128103203037,-0.0005972218626290202,0.037872995464198395,0.07450477367058111,-0.00041297872085709097,0.00030442553734281156,0.0001842431417719292,0.006284544048751676,0.5122645211930926,0.499646762579207,-0.005993763927922851,0.531641675813926,0.48729395604395603,0.0034831240188383044
minute_slot,171,60,20375,0.008089081417933864,0.005199367973136288,-0.0008482026886118028,0.0358530579285772,0.053360939276342625,-0.0006173343825713943,0.000577545636399484,0.00023086830604040852,0.008044462767558911,0.4988711102385393,0.4999926475083283,-3.6246197218780794e-05,0.5306119015312687,0.5012270540885442,0.042995975262589574
minute_slot,171,120,19105,0.02435282367665421,0.017183614188934524,-0.0012094662682636734,0.042880335096904476,0.06858363908618037,-0.0013546896414264955,0.0015317882192188753,-0.0001452233731628221,0.024340261890387817,0.5249738219895288,0.518929557187631,0.05366956540848101,0.5302813469489004,0.4914659685863874,0.14554973821989528
minute_slot,171,240,18837,0.026692441110792706,0.019221123287066596,-0.003984415184257384,0.05248094782713544,0.07298217395179882,-0.0028045470087461007,0.00305233282722445,0.0011798681755112836,0.026376973505233738,0.5146028037383178,0.5192587478084459,0.05399988867341167,0.5376767077820401,0.5066376380628717,0.14953271028037382
minute_slot,171,480,17723,0.0407912846436885,0.028863034569682516,-0.00723795812347785,0.026188134449867305,0.04827721461499951,-0.003638878019255659,0.005306793239610467,0.0035990801042221914,0.03993091043715009,0.5119625324455479,0.5202508348096047,0.045839458374197915,0.52784393191036,0.5176052364292969,0.26531994131587855
minute_slot,176,5,20479,0.0028556289526882293,0.001835739765165263,7.90494019430354e-05,0.08318988315575664,0.12037604174159869,-0.00014355470437366871,4.384491342312388e-05,-0.0002226041063167041,0.0028578476625592424,0.5549248911288349,0.5002631469262853,0.010797579518412885,0.5478221557925184,0.4452708323139404,0.0005871703283260752
minute_slot,176,15,20430,0.00503588633699029,0.003253851076956634,3.180585209934568e-05,0.0333523594865525,0.08735258070905759,-0.00022809965315846316,0.00016104344778313873,-0.00025990550525780884,0.005038584212836242,0.5428921568627451,0.5011942838556288,0.016323887174060987,0.5472739214949797,0.45784313725490194,0.005343137254901961
minute_slot,176,30,20442,0.006968066708768761,0.004332705288790131,-0.0010963776949069763,-0.016862078929549263,0.03804041745254172,-0.00029545174770299074,0.00024689436758061595,0.0008009259472039856,0.0068726798814526075,0.46947966126584756,0.4994253598879664,-0.0032994426172062667,0.5305855089142598,0.5319398893729502,0.031181164031523816
minute_slot,176,120,19106,0.02439157515703286,0.017225004066601744,-0.0003614805241793103,0.08541167945687757,0.09223689436559007,-0.00044147656681030225,0.001251428759216412,-7.99960426309919e-05,0.024463890168698536,0.5273269814679091,0.5260472464853047,0.052908887064811415,0.5404806030516809,0.49267092451052247,0.4123128468223223
minute_slot,176,240,18852,0.02674370169274419,0.019398628566786206,-0.002041068201201145,0.04955528438924849,0.04378204805929228,-0.0009017559179414515,0.002607626332000988,0.0011393122832596937,0.026667431927775154,0.5112207544166799,0.5123764858789974,0.025004721508601144,0.525327191134065,0.5080906148867314,0.42877606239057775
minute_slot,176,480,17734,0.04037559996893055,0.028906294541551723,-0.0032822802591483736,0.03357567595945278,0.031408631975584266,0.00020553243019966487,0.004794751459229488,0.0034878126893480386,0.04011661221246488,0.495093062605753,0.49225465987021677,-0.015689346272597732,0.518592858723349,0.5174280879864637,0.5811618725324309
minute_slot,181,5,20446,0.002774523834882122,0.0016724798785738995,-2.4953771023218404e-06,0.03523440018371725,0.07198558136269925,-0.00014691467414589207,4.621231634944989e-05,-0.00014441929704357026,0.0027757665720709616,0.5438630902760752,0.5003375836115742,0.010485210740875507,0.5309633499009793,0.4563820918942775,0.0010297651154808022
minute_slot,181,15,20432,0.0048909046621093185,0.003107831293182829,-0.0004117663253827189,0.06080620501733208,0.11792334469432969,-0.0002408754378947241,0.00017890056608153886,0.0001708908874879948,0.0048811462069449215,0.5249276925339478,0.502113758873037,0.021755223594291523,0.5496086543329225,0.4767390558360704,0.009510270111279964
minute_slot,181,30,20429,0.00654471427736585,0.004029712801095262,-0.0007164716967785216,0.017556024376438644,0.06910759971596904,-0.0003026207111645048,0.00028955726591570067,0.00041385098561401673,0.006504016903185338,0.5362986185950818,0.5056722742677117,0.023081074880478777,0.5222427847926047,0.4648280591750759,0.0642206328989909
minute_slot,181,60,19370,0.018284842254744842,0.011902653484709778,-0.0011779554183654053,0.08798243354739249,0.13140302494780154,-0.00036999278425798687,0.0005709383853874269,0.0008079626341074184,0.018288226681193655,0.5437038566781971,0.537905605056433,0.09320101790289566,0.5650655412532741,0.49000980948939027,0.20904538179565285
minute_slot,181,120,19087,0.02458355679575215,0.01730679083582485,-0.0004624069638703948,0.08589470886550142,0.10822243684764424,-0.0004028756229687829,0.001663722964536811,5.953134090161195e-05,0.02466615707328424,0.5426055968975998,0.5420302529255208,0.08481083738936733,0.5597547617001059,0.4956503511162352,0.43349753694581283
minute_slot,181,240,18836,0.026715548053641663,0.01930415918288209,-0.001960913697560399,0.10148312443462963,0.14180402778423373,-0.0008343320189633843,0.003312167526985342,0.0011265816785970147,0.026775074896299367,0.5614510303802847,0.5622980478912825,0.12514403037615113,0.580485414209365,0.5087104312725728,0.4524644147015084
minute_slot,181,480,17722,0.040097177130023434,0.02850748429863883,-0.002674626570696754,0.11903740676921408,0.15351304787211123,0.0007856476448593558,0.005879354610041253,0.00346027421555611,0.040279567322582074,0.5722266109919874,0.5674207571873892,0.13976305562591534,0.5860534723509608,0.5184516420268592,0.6327163976977768
minute_slot,186,5,20427,0.0036297832077834256,0.0022484966416034314,-0.0002691351746151443,0.007042268206420713,0.0455387588047207,-0.00015578088705853974,4.505247722357563e-05,0.00011335428755660456,0.0036198286707326516,0.5305862153544273,0.5000060242533056,0.0006070867955092009,0.516071277844321,0.4694137846455727,9.811135638950208e-05
minute_slot,186,15,20410,0.005113943675399815,0.0029928777999968796,-0.001019837232612229,-0.004521232696275265,0.03332573718991871,-0.00031659806220355206,0.000189505880418727,0.0007032391704086769,0.005006781384583949,0.49010945859716293,0.49994799689817015,-0.004284932148005074,0.5117756222917341,0.5098414568301183,0.00014725371815638345
minute_slot,186,30,20405,0.006654956172168019,0.004079389482777329,-0.0005806520978193811,0.004391320019985481,0.047082559065847046,-0.00041267241025566044,0.00030101128438312063,0.0001679796875637207,0.006624061356798728,0.5552287101044271,0.49960474609239874,-0.007643729756742258,0.5065201511436299,0.4440849144482032,0.002647448154140315
minute_slot,186,60,19282,0.01993783542305569,0.0131556887481908,-0.001310220424165806,0.04934151623439319,0.06421571635149288,-0.0006185606861406949,0.0005699331438953221,0.000691659738025111,0.019914714105799335,0.5254395518904621,0.5027249193383279,0.014345051730721857,0.5259964408362752,0.47544214511695454,0.037394326020434625
minute_slot,186,120,19024,0.02460409590206116,0.017348954352288247,-0.002618494398193904,0.03875725344399304,0.06980144867299161,-0.001341395651723435,0.0015036745199238203,0.0012770987464704687,0.024476455571695067,0.5103339468840389,0.5230033350909763,0.06590370824105049,0.5397342341486148,0.5176439652905601,0.1417828030502235
minute_slot,186,240,18778,0.027257689976958318,0.019862386043170692,-0.00392222704737426,0.052778054713378576,0.06759076634464933,-0.0027802651114559227,0.0030068227017852832,0.0011419619359183378,0.026965074071589164,0.5095073235685752,0.5182418470506553,0.051607542534630096,0.53552553012457,0.5123302263648468,0.14625832223701732
minute_slot,186,480,17672,0.04136541978094547,0.02948642093561399,-0.007121039899098719,0.025066717306617577,0.04573155973080396,-0.0036062441937393633,0.005226817245965256,0.003514795705359356,0.04054248153296763,0.511346273555543,0.5198585185865803,0.045243474739232487,0.5253905094684251,0.5176843415765944,0.2600305585422443
minute_slot,191,5,20438,0.0027298375936926082,0.001564727087516703,-0.0003520641958864295,-0.02510383666108222,0.007322161787061832,-0.00014340655433658608,4.3579174489509265e-05,0.00020865764154984342,0.002705595143227693,0.492156862745098,0.5001369102034525,0.0054245308700627635,0.5036428276267514,0.5079901960784313,0.0006372549019607843
minute_slot,191,15,20442,0.005183791092854044,0.003096069644946009,-0.0012940719094796387,-0.05527650622756713,-0.021149990088491184,-0.00022763782544287685,0.00015901774245126246,0.0010664340840367617,0.005008366481289156,0.4256058751529988,0.4995645807872379,-0.0060201393817012295,0.5077747693584994,0.5747368421052632,0.005140758873929009
minute_slot,191,30,20416,0.006188002206486835,0.003803199747669068,-0.0005781706755725756,-0.008152148615020035,0.03152676625028762,-0.00029407753925491,0.00024350513762974363,0.0002840931363176656,0.0061541337494195785,0.5083525204526527,0.5015993529790062,0.009452680347697376,0.5210318740507789,0.49282320090138637,0.029491010630480576
minute_slot,191,60,19247,0.020283289717000802,0.013536634471507249,-0.001453521745239306,0.0321316057381992,0.04138450225725104,-0.00035028347270719056,0.0004505050602364536,0.0011032382725321155,0.02024060634666126,0.5164977916341907,0.5155904403806626,0.04145726776347948,0.5191950196801436,0.49862301896596517,0.17048584047804624
minute_slot,191,120,19016,0.02445685067316971,0.017226713936532943,-0.001944990728074927,0.05919512866385511,0.07076151488642465,-0.0004340081537638594,0.0012359711224092093,0.0015109825743110676,0.02442131091855495,0.5179106832886223,0.5226944621677854,0.04607274129136161,0.5393133581261571,0.5263268633948767,0.4103413813055599
minute_slot,191,240,18780,0.02679148063133639,0.019523349580469883,-0.0020301808397700147,0.051709952657918536,0.051000629585238794,-0.0008918157844760587,0.0025793960727338253,0.0011383650552939562,0.026723346722219186,0.5101182234529769,0.5116988674918838,0.023660914959745063,0.5263671720726321,0.5104910001065076,0.424912131217382
minute_slot,191,480,17675,0.04048083515102609,0.029023540996433023,-0.0029847122896439256,0.03254930701590474,0.032392602665316864,0.00021701406535351337,0.004741411385591044,0.003201726354997439,0.04024587917329379,0.49182461103253183,0.4900251712742949,-0.020209741582892023,0.5153831670437008,0.5111173974540311,0.5807072135785007
minute_slot,196,5,20435,0.0026467959377559826,0.0015722760991131017,-0.0005309172573684754,-0.03056824657577527,-0.01806088776419551,-0.00014679476852662028,4.632067106193552e-05,0.0003841224888418551,0.0025911719550358626,0.4374724034734828,0.5001178132914053,0.0036432808394861256,0.5006709165662783,0.5627728989844478,0.0010302703233086396
minute_slot,196,15,20435,0.004845224453509256,0.0028366727738228306,-0.0004992609573752836,-0.046866304690056274,-0.02942961851282704,-0.00024128041362537128,0.00017943231615757295,0.0002579805437499124,0.004807690052894583,0.5192948090107737,0.4983877794841994,-0.015817461143231393,0.4754375333793018,0.47864838393731635,0.010479921645445641
minute_slot,196,30,20405,0.006292615969194876,0.0037980817612168036,-0.00035880068256837546,0.04606780778180852,0.07826325366047747,-0.0003024041450885279,0.0002910393816869161,5.6396537479847596e-05,0.006289055213789424,0.5169861267709202,0.5118252420385598,0.04741818207644672,0.5356300451478949,0.4940438256777293,0.06662091278984264
minute_slot,196,60,19226,0.021047176462281107,0.01424247908559808,-0.0009457096311198884,0.04474128877856877,0.0676965073445648,-0.0003710052991371733,0.0005774268212153967,0.0005747043319827152,0.02104383938843272,0.5297544735746983,0.5211991001688573,0.05194871269755868,0.5381388849808327,0.4851747815230961,0.2108302122347066
minute_slot,196,120,19022,0.02478412187626535,0.01754458772825263,-0.0015511881006193813,0.05136328910262883,0.07012012667616715,-0.0004179600811716286,0.0016963028048928564,0.0011332280194477529,0.02476458016691844,0.5237193646786579,0.5267148028162111,0.053993483107737286,0.544712540956549,0.5197749027032713,0.42531818659934784
minute_slot,196,240,18790,0.026809046685210215,0.01947018100188817,-0.002090203776769737,0.07260888526453599,0.11021605186880248,-0.0008593133733028664,0.003363667711433812,0.001230890403466871,0.02676029184791511,0.551320272572402,0.5524585520214027,0.10549878116071065,0.565536811954845,0.5104344122657581,0.4465502555366269
minute_slot,196,480,17685,0.04010189625647055,0.028525577726250542,-0.0026680821037246504,0.11230170540198896,0.14497920810626339,0.0007324631118150056,0.005982480634131568,0.003400545215539656,0.04024082961634056,0.5676715117923194,0.5644068473925926,0.13301339241416818,0.5824713285870543,0.5132062666138794,0.6253039986426107
minute_slot,20,5,20943,0.005794530570804151,0.003944123404357201,-3.180762596646325e-05,-0.015245417980078389,0.022679518934230286,-0.0001499202121376405,4.337925012675034e-05,-0.00011811258617117724,0.005793619594611191,0.531276859898768,0.4998712421518628,-0.008317454763645081,0.5056774505610931,0.4685798873078025,0.00023875465571578645
minute_slot,20,15,20874,0.00883375070045879,0.006040605201169109,-9.640687189850211e-05,-0.001993281057973691,0.02511655993970037,-0.00026550930730757786,0.00017692379557050514,-0.00016910243540907576,0.00883109995370637,0.5255845151399003,0.49951920611838696,-0.015920947221570118,0.5109901275142105,0.47388846301264853,0.0009103104637792257
minute_slot,20,30,20801,0.0117497502077175,0.008170532118726773,0.0002832389962608697,0.018254976840304103,0.048938210462295406,-0.00033899118376088283,0.000276986049088024,-0.0006222301800217525,0.0117481270928621,0.5172364055964229,0.4889382034373048,-0.08537450723618517,0.525729196418816,0.4707437857589307,0.01702004904081927
minute_slot,20,60,20693,0.013904497141993644,0.00955686285242288,-0.001010838908012482,0.0050595257143530485,0.055956039309742286,-0.00045935941719726535,0.0005086312517541782,0.0005514794908152167,0.013860948025397514,0.5031899468342195,0.500678258909827,0.0024872010201275026,0.5302026401282263,0.4970033832769454,0.08090865152247463
minute_slot,20,120,20547,0.017102294242970772,0.011830205562751567,-0.0009594691643202754,0.02750045132167882,0.0652619016763207,-0.0007835470309645718,0.0013605753190442653,0.00017592213335570356,0.01705852456866666,0.5281347352024922,0.5143833826128453,0.031862505741637556,0.5233797055196593,0.4681658878504673,0.28309968847352024
minute_slot,20,240,19591,0.030162857767052517,0.020479582609936684,-0.004408410467091578,0.02628952220939774,0.07593404290763282,-0.0017949143065787408,0.002681343308085672,0.002613496160512837,0.029788823504403053,0.518299219029146,0.5287642771745669,0.06467194658628105,0.5501505677450941,0.5226889898422745,0.27068551886070136
minute_slot,20,480,18440,0.04418612996636671,0.029990143892063795,-0.007589127348610736,0.019691635678259423,0.07313464170065993,-0.001562570442005294,0.004610734928027079,0.006026556906605442,0.04337553149620861,0.5271691973969631,0.5306039768019883,0.06123328452113422,0.5529497810391762,0.5390455531453362,0.4584056399132321
minute_slot,201,5,20458,0.0032056620094695907,0.0018351118972953888,-0.0006364971134920088,-0.06367132407992823,-0.013813036426654603,-0.00015574574554230876,4.506891624032438e-05,0.0004807513679497001,0.0031386455417919544,0.46552146038271425,0.49999321817234854,-0.0006838865444510604,0.4985549412559918,0.5344785396172858,9.788087897029315e-05
minute_slot,201,15,20431,0.004686062669259895,0.0027478941218727414,0.00019208104270804173,-0.003543356461621942,0.04204888513584204,-0.0003155784253509389,0.00018970671528467555,-0.0005076594680589806,0.0046776074027151575,0.5985798237022527,0.5000810711362442,0.006557899555220292,0.500011791893078,0.40146914789422133,0.00014691478942213516
minute_slot,201,30,20395,0.005913424258979037,0.003553233805418705,-0.00048625904702938544,0.011057585359947854,0.03139091536698185,-0.00041280284068220347,0.00030184356443073706,7.345620634718196e-05,0.0058890016174461815,0.5051243073603687,0.500766165244022,0.013006919056381535,0.5194161822956739,0.49561123915068894,0.003481586819006522
minute_slot,201,60,19193,0.021692857807963248,0.014904010569308155,-0.001417735337419489,0.04839712004791006,0.06025410724402778,-0.00061528038569657,0.0005722839607262042,0.000802454951722919,0.021666628583038847,0.5029699874947895,0.5073188865134686,0.036705190707770445,0.5341903961159462,0.5047415589829095,0.041475614839516464
minute_slot,201,120,18994,0.024704796883455556,0.017609803266174933,-0.0021620580619189787,0.048609996068690355,0.07390132655196385,-0.0013308698329700431,0.0015215863162970251,0.0008311882289489358,0.024637000350711723,0.5104265402843602,0.5216183499636348,0.06032555601997769,0.5415546977991721,0.5160084254870985,0.1511321748288573
minute_slot,201,240,18772,0.026849274831808018,0.019583203436063804,-0.003925753326567973,0.05004095849102058,0.07158128777349024,-0.0027520950728210127,0.003037422731883889,0.0011736582537469605,0.026538908695238977,0.5144120624433907,0.5202251056685271,0.05570727354322257,0.5402175712297839,0.5084447759603602,0.156161756087165
minute_slot,201,480,17667,0.0410397180028384,0.029331000649849923,-0.0069228674920389375,0.023928917490135898,0.042513225134664503,-0.0035418934788545788,0.005292750025545271,0.0033809740131843587,0.04023070439628523,0.5072750948310026,0.5141517666256534,0.03186419401589306,0.519668362122199,0.5149181905678537,0.26994281832078354
minute_slot,206,5,20469,0.0029213359681859088,0.0018496402468186322,0.00045145457520209825,0.05219329506229549,0.08143148256151385,-0.00014339439808159926,4.349058003688717e-05,-0.0005948489732836975,0.002888185079586593,0.6293668656424307,0.49991449609878824,-0.003275417636287186,0.5099804426122946,0.37038849202465995,0.0006360700655641452
minute_slot,206,15,20456,0.004318609468150814,0.0026200544780586514,0.0005253034050577809,0.050719173462624355,0.09098605879748524,-0.00022976279004355483,0.0001593141895935766,-0.0007550661951013358,0.004291668540493218,0.6251039068994181,0.5013051583326165,0.01811533758043723,0.52826174600669,0.37489609310058186,0.004889736443205711
minute_slot,206,60,19184,0.022403977515725478,0.015596564991350053,-0.0004456979793472393,0.061159660300906776,0.06430792785685568,-0.00035966224817301,0.00044704481755300745,8.603573117422932e-05,0.02242244013338004,0.5251003492675806,0.5260775194031018,0.07126645467623807,0.5377752904263915,0.5014335609654381,0.1592555908877652
minute_slot,206,120,19013,0.025142698803385148,0.018054974319766978,-0.00037355524860952454,0.10132389383751479,0.11358055299124763,-0.000469332606971943,0.0012273466844113373,-9.577735836241846e-05,0.025234613327357637,0.5440340909090909,0.5452822832036821,0.09294126493751166,0.5613980186301519,0.50552398989899,0.3875210437710438
minute_slot,206,240,18822,0.0264222648175703,0.019249782722025616,-0.0020133609088151387,0.08416300783346264,0.08526375417459794,-0.0009591193925431233,0.0025554419766042526,0.0010542415162720156,0.02643717178629857,0.5252643323946655,0.5265238094011888,0.05405752291709753,0.5458542374179975,0.5065086871048297,0.4035917326390734
minute_slot,206,480,17712,0.040190522312685724,0.028861309723225922,-0.0032533094411087613,0.054530825966906046,0.05406316536000387,0.0001307813063208262,0.004675434692894092,0.0033840907474295876,0.0400406232638567,0.5021454381210478,0.5003577384225891,0.0007227121633931723,0.5267583160196885,0.5124774164408311,0.5716463414634146
minute_slot,211,5,20465,0.0025966412642251238,0.0015530574871141325,0.00024261007975417078,0.059174104825922925,0.08023473480883765,-0.0001468389592019024,4.623389963195411e-05,-0.00038944903895607317,0.0025876064683731967,0.6049569808369183,0.5004590806469899,0.014736193855578162,0.5134602037794598,0.39528744622604617,0.0009288228392647634
minute_slot,211,15,20438,0.004352753856478121,0.0025952711773959583,-4.449224225358985e-05,0.11759708664694332,0.1494716068551444,-0.0002415619762847166,0.00017978711516252203,-0.00019706973403112675,0.004370005530491986,0.5236860135069002,0.5021224243856678,0.019970902488567806,0.5715795691548182,0.4779289419594793,0.011402564353528433
minute_slot,211,30,19343,0.017314583177795526,0.011153129044883995,-0.0005753426101498246,0.08803780869089138,0.113449472122792,-0.00029576732898406536,0.00029176035403998896,0.00027957528116575925,0.017328266881652687,0.5244791397404746,0.5113722471910113,0.04394108793376818,0.5534623649010166,0.4846714573747609,0.07211911285736441
minute_slot,211,60,19151,0.02270877628133343,0.015924997479441608,-0.0010172100284491594,0.08820587905775007,0.11255584895604374,-0.0003695546839334968,0.0005794207330538803,0.0006476553445156625,0.022729747772258883,0.5260326910021411,0.53600754705458,0.08827348995297836,0.5758561158093992,0.5171549428168573,0.21050707608752414
minute_slot,211,120,18972,0.02499009837691474,0.0179735285234704,-0.0012557111171024404,0.07058163967844885,0.09005564253095429,-0.0004228082811425536,0.001711264098691289,0.0008329028359598869,0.025020871584797977,0.5308134324424061,0.5339590568901613,0.06868377668477008,0.5573356414406437,0.5200590437028837,0.4229532394960198
minute_slot,211,240,18806,0.026519433345789142,0.019361391996701758,-0.0018775484731769028,0.08978390942146904,0.11947417545489047,-0.0008581007877343708,0.003373500309704169,0.0010194476854425319,0.026541529157690053,0.5468758308960383,0.5474623848148008,0.0955625003935896,0.5650830285039236,0.505025259239564,0.44211645838872643
minute_slot,211,480,17701,0.03989621722419041,0.028471289796110494,-0.0024659127046965153,0.11983544083119722,0.14879161813366323,0.0007442808506816616,0.005985681840086963,0.003210193555378177,0.04009131809201094,0.5689265536723164,0.5655101689795304,0.13520968886849102,0.5838578069002033,0.513954802259887,0.6242372881355932
minute_slot,216,5,20470,0.0025679155100645453,0.0015256636052329653,-0.00038715644248404066,-0.002636628382986456,0.01574942516903869,-0.0001556817330215352,4.491574041430801e-05,0.00023147470946250544,0.002538046766727216,0.46094437383908493,0.4999923168673897,-0.00077472432906202,0.5182912213046056,0.5390556261609151,9.776126698602014e-05
minute_slot,216,15,20431,0.004057063668482825,0.0025296094147376877,-0.0009029120220487368,0.019850498797692313,0.020186070737011588,-0.00031607148664320394,0.00018902160369087357,0.0005868405354055329,0.003954549611951704,0.4229564366128243,0.4999267020611848,-0.005977038188079565,0.5312683097603288,0.5769946157611355,0.00014684287812041116
minute_slot,216,30,19285,0.01891177405550255,0.01255967578732427,-0.000761845606642476,0.059016765399743425,0.06650661083361253,-0.000412381841217491,0.0003007501161965368,0.00034946376542498506,0.01891178681365499,0.5261083743842364,0.5007551066072502,0.012630037767187357,0.5244841362912162,0.4744620171117449,0.0035779102929738137
minute_slot,216,60,19142,0.022838848450258683,0.01614929924781555,-0.0014964062602070356,0.04937528198994592,0.06732611980999423,-0.0006175919621786321,0.0005706498313367066,0.0008788142980284036,0.022810821134581757,0.49070107616758957,0.5102540917760604,0.05260038112514697,0.5447138948769294,0.5212099049211159,0.039494305715181276
minute_slot,216,120,18958,0.024994570821982608,0.017959135364396223,-0.002460936483095047,0.05514434690491466,0.08517597230533946,-0.001345332515879495,0.00152022739061197,0.001115603967215552,0.024910597718192005,0.515695067264574,0.5292410864501627,0.08275608967382042,0.5505356623382843,0.5190714850962806,0.14597731469269323
minute_slot,216,240,18804,0.026674398012148107,0.019539933744317707,-0.003748611402238392,0.05654351787075771,0.08128734978131506,-0.0027740934700250693,0.0030277899628316034,0.000974517932213323,0.02640730716886631,0.5176558179110827,0.5216976388822435,0.060494200402707914,0.5443959653981673,0.505796639012976,0.15161667730270156
minute_slot,216,480,17695,0.04058816201617557,0.029033829536448896,-0.006717908007236049,0.032041622780106575,0.05400754742625291,-0.0035696859408275777,0.0052800002637781165,0.0031482220664084716,0.039848126673907795,0.5134783837242158,0.5193831698051385,0.04381391595809684,0.5257977726322688,0.5126306866346425,0.26674201751907317
minute_slot,221,5,20458,0.002509340737642301,0.0014544617783628399,-0.0001093742737552514,0.051518356098660185,0.047341819732082215,-0.0001430963788017647,4.35171220140782e-05,-3.372210504651329e-05,0.0025088211717407003,0.4964795619010366,0.500141313405706,0.005219792803895743,0.5237115268598612,0.5036671230197536,0.0007334246039507139
minute_slot,221,30,19248,0.019501629258375452,0.01320087155182957,-0.0010225478326576349,0.039366192396945617,0.04773226498802827,-0.0003029184465158051,0.0002483098633248773,0.0007196293861418298,0.01948299707451239,0.5064685405517743,0.5052713090103879,0.031042150137588577,0.5286612620907685,0.49872707434924923,0.029718917233854628
minute_slot,221,60,19117,0.022938811998886286,0.01625455252871417,-0.0013273478683126301,0.07045134608732123,0.09014012919216564,-0.0003643562978924065,0.0004511070113405283,0.0009629915704202235,0.022927736111401666,0.5227308396547214,0.539382728179901,0.10709066498706457,0.561436267620564,0.5244049176039759,0.16076379806434737
minute_slot,221,120,18962,0.02486911109299644,0.017913103497029924,-0.0014741693474195161,0.07620353032337224,0.09774845645321824,-0.0004942535396238573,0.00125469898032574,0.000979915807795659,0.02488945010335147,0.5395326757740387,0.5426766234213459,0.08745332652072622,0.5561631063944837,0.5141621393533414,0.3902104541378765
minute_slot,221,240,18795,0.026325759388565573,0.019398355944187207,-0.0019929523996798826,0.07449398305644558,0.07712341894183083,-0.0010072547140561963,0.002608280213754333,0.0009856976856236863,0.026315334381239036,0.5257249268422453,0.5272226278031997,0.05540688502762344,0.545446209323247,0.5080074487895717,0.4069167331737164
minute_slot,221,480,17687,0.03993301493955857,0.02880073377177392,-0.0031378873294796313,0.049454771159954156,0.04730286792938333,-2.5204079322388015e-06,0.004795238485610073,0.0031353669215473923,0.03975753800753777,0.5021202012777747,0.5004924043519516,0.0009923921616274828,0.526000290703328,0.5129190931192401,0.5630123819754622
minute_slot,226,5,20438,0.00239000505249981,0.0014408071394713604,-0.000542479943550875,-0.039809946500259236,-0.030211359017395873,-0.0001461559426130958,4.5889673114401776e-05,0.0003963240009377792,0.0023253467716566217,0.4173108914766611,0.5003106517383655,0.010625816420641558,0.502257385561903,0.5831294647225755,0.0008317839318915745
minute_slot,226,15,19322,0.01677679972131249,0.010904246547436363,-0.0007417847359146642,0.0650530992179476,0.07759662985272853,-0.00023376962273916757,0.0001760524100999928,0.0005080151131754967,0.0167709247337288,0.5113859848876928,0.501170159528923,0.011026849261004674,0.5338316294906356,0.48954559569402756,0.011385984887692786
minute_slot,226,30,19207,0.020415700431042537,0.014099264933749094,-0.0006751790989978502,0.042777184177908774,0.057176229023547354,-0.0002898445040912886,0.0002861643065224427,0.00038533459490656155,0.02041477097761467,0.5159845881495366,0.507238616688436,0.02772981415677875,0.5343661123815888,0.4897427887118609,0.0735186920753931
minute_slot,226,60,19077,0.02343967542775427,0.01674786033942466,-0.0007886498475753142,0.07258806101149445,0.09145642241762705,-0.00035798165258342615,0.0005691386240862338,0.0004306681949918881,0.023460838786057054,0.5154898568957383,0.5229582256280528,0.05607723290084627,0.5606623437834869,0.5129737380091209,0.21276930334958327
minute_slot,226,120,18920,0.02494771036408892,0.018001335334288684,-0.0014506300360004768,0.0667538629837763,0.0910624263283166,-0.0003927166734328129,0.0016858618378390933,0.0010579133625676638,0.024961168728819202,0.5350951374207188,0.5369976282519398,0.07475366948638766,0.5550693146020683,0.5130021141649048,0.4278012684989429
minute_slot,226,240,18771,0.026190743162251857,0.019325410210910176,-0.001778667309642547,0.09147708005866029,0.11488561922603346,-0.0007916446036896241,0.0033168212674807352,0.0009870227059529228,0.02622410227820394,0.5434979489638272,0.5443885041669992,0.08924158647704357,0.5607194780687326,0.5084971498588248,0.4483511800117202
minute_slot,226,480,17662,0.03934687485211499,0.028216494491463955,-0.002270206831458269,0.11150844575089872,0.13799622978504295,0.0008731625838714172,0.005879681044910766,0.003143369415329686,0.03949996351942867,0.5654512512739214,0.5619332495888582,0.12839087254408357,0.5745780083404939,0.5134752576152191,0.6322047333257842
minute_slot,231,15,19252,0.01836557486838642,0.012331679919433854,-6.218036213112799e-05,0.04846695095783159,0.06331030591069164,-0.0003131815940281301,0.00018810712448142093,-0.00025100123189700213,0.01837362548507511,0.5499168917515064,0.500068161298344,0.005433484388155224,0.5162703079355884,0.4501350509038022,0.00015582796592561812
minute_slot,231,30,19169,0.020912416288553264,0.014623439891425588,-0.0009701114960671159,0.0446601274042152,0.05951589256631188,-0.00040691470109808283,0.00029905623261271725,0.0005631967949690331,0.020901122224327558,0.4949394824707846,0.5012506673151116,0.01927844785011262,0.539177173517783,0.5063647746243739,0.004225792988313856
minute_slot,231,60,19050,0.0234955329050338,0.016944773102643227,-4.421374529110692e-05,0.0495751321848475,0.07392432041276865,-0.0006078145697803342,0.0005688590588536564,-0.0005636008244892273,0.02351682204669862,0.5189501312335958,0.5105987099619604,0.05098337367257959,0.538957379127846,0.49081364829396323,0.045249343832021
minute_slot,231,120,18895,0.024807904179881254,0.01793588065073247,-0.0020226068971542937,0.048940458986384563,0.07661157281087323,-0.001320155938413486,0.0015344411149988794,0.0007024509587408079,0.02475286562185949,0.5195300095268339,0.5255402165294584,0.06993842547903993,0.5421093259918461,0.508785857944321,0.15841007727320844
minute_slot,231,240,18751,0.026237960362371915,0.019432690219361587,-0.0036660400627148084,0.05905862502853929,0.08305092931619554,-0.0027131757621849965,0.0030501527029600296,0.0009528643005298121,0.025981682979279472,0.5206655645032265,0.524993093284579,0.06755637246591142,0.5441007490657159,0.5064263239293905,0.16361794037651325
minute_slot,231,480,17649,0.04009178255535273,0.028813627219517246,-0.006613023404630336,0.032406976565537426,0.05397716710480817,-0.0035091511965033534,0.00532945459573795,0.003103872208126983,0.039354922944631894,0.5165731769505354,0.5217817469632686,0.048667821197427144,0.5271518460143105,0.511643719190889,0.2768428806164655
minute_slot,25,5,20916,0.0053063247250082525,0.003549291988080931,-0.00040108650325551234,0.009108372675199752,0.0333152660064556,-0.00014801753710698328,4.3360552777056454e-05,0.00025306896614852903,0.0052913619372223115,0.4907482667941669,0.4999460082462628,-0.0029512530230991372,0.5217410774110486,0.509203920631126,0.00033468802295003584
minute_slot,25,15,20849,0.008563662055033679,0.005890678894691634,-0.0007185899272880476,0.0571396340333509,0.0634293613652244,-0.0002360063638499667,0.00016339582427463562,0.00048258356343808094,0.008541236827195504,0.4819860877908371,0.5005684349305449,0.010783736643305432,0.5385057372085363,0.5186855360997841,0.0027824418325737587
minute_slot,25,30,20803,0.011250032450800591,0.007888686819422397,0.000578539117602549,0.08935402971820852,0.10594171229133821,-0.00030849683042506195,0.0002509159954146452,-0.0008870359480276109,0.011254787268346228,0.5517307692307692,0.5062953345671983,0.04957023020467135,0.5393532241983556,0.45298076923076924,0.01625
minute_slot,25,60,20670,0.013412704212451401,0.009287845855240782,-0.0008038320479327705,0.03537078203364381,0.07938306835435449,-0.000384361048504279,0.0004563564808585431,0.0004194709994284915,0.01339696705798259,0.5216528765665069,0.5196036610189377,0.06068677085291397,0.5429163910718732,0.4973145594425896,0.11835292979145498
minute_slot,25,120,20557,0.016949584902390166,0.011856694370498747,-0.0006236849093842433,0.02524600480220437,0.042844670520181365,-0.0005139738898839164,0.00123053457120474,0.00010971101950032683,0.01692444334225495,0.5099002675747993,0.5010729116730079,0.0021903692625718065,0.5105138824737182,0.45910970566772075,0.39197275602043297
minute_slot,25,240,19558,0.03032325828474035,0.02075392380439527,-0.0033514636455017274,0.016984751646843575,0.04298689048556487,-0.0011415971261071068,0.002589566897509081,0.0022098665193946206,0.03007003454332304,0.5163368614818223,0.5210308211542862,0.04308174420742395,0.5363799250859734,0.5211433246407936,0.38988597433144145
minute_slot,25,480,18411,0.04415208782703688,0.030188946255739278,-0.00591637868521904,0.015516509041093413,0.04686787861976284,-0.00029931809376522776,0.004581537069216239,0.005617060591453812,0.04358451146577241,0.52604421269893,0.521626035683955,0.04340819246838147,0.536288860115932,0.5394057900168377,0.5577643799902232
minute_slot,30,5,20894,0.004699892542098758,0.0031552827816497615,0.00011543186062295425,0.006926131204789832,0.01614394641724078,-0.00013963389765815458,4.3250321230502065e-05,-0.0002550657582811088,0.004698575293483608,0.5627693191611606,0.4995517022732763,-0.01370876229615696,0.4856698213854371,0.43665613329503017,0.001053337163650292
minute_slot,30,15,20834,0.007685169098026302,0.005167831978692109,0.00016772573703790182,0.040942293884495835,0.05343888367489008,-0.00021540363646406455,0.00015394485657994422,-0.00038312937350196635,0.007688101658543313,0.5590226105323797,0.5004552519319028,0.006674475327276604,0.5044278582677001,0.440881378714416,0.004608516153809227
minute_slot,30,30,20784,0.01028705301076448,0.007105619696058176,0.000777008429241141,0.04074824948160592,0.09019781933561799,-0.00027164841092842745,0.00023630669516740174,-0.0010486568401695685,0.010264577617060074,0.5756773665720198,0.505161115589506,0.030037447178402146,0.5273017030696199,0.42490013956398287,0.029741566004138794
minute_slot,30,60,20683,0.012376246914638282,0.008479646676077184,-0.0006155014675273559,-0.011332854134420573,0.04105051842255433,-0.000326155783800298,0.00043372267041930096,0.00028934568372705787,0.012348406279709451,0.5262343440205038,0.5078394721813598,0.020460804474922805,0.5175207611275368,0.47139610232603124,0.17800667343681997
minute_slot,30,120,20542,0.01654221920883662,0.011615448750133121,-0.00020882672829108137,0.009736304703007227,0.03222482976494715,-0.00024130559794861115,0.0012260136737909252,-3.24788696575298e-05,0.01650734349760192,0.49951319248369197,0.49954737481413064,-0.000900784485048112,0.5022685349530152,0.4503943140882095,0.5003894460130465
minute_slot,30,240,19526,0.02963059111075833,0.020319293705701232,-0.002274204442701995,0.09210406443708316,0.1073562314944991,-0.00044407606686611964,0.0024659559347461678,0.0018301283758358755,0.02966809212010746,0.5436341288538359,0.5428766093508515,0.08579872577323451,0.5602127546067542,0.5171053979309639,0.523609546246031
minute_slot,30,480,18380,0.04345670996413042,0.029716046629013775,-0.0034752988815446007,0.05752374271843112,0.0967998696907447,0.0016934700773959732,0.0041077494478550655,0.005168768958940574,0.043359258784596476,0.5660500544069641,0.5501010830848094,0.1128611763777455,0.5591726044523723,0.5348748639825898,0.7321545157780196
minute_slot,35,5,20865,0.004431491721658256,0.002953902239253341,-0.0006751435475681882,0.020893667053896676,0.05769359363738149,-0.00014991886055841088,4.376686995758935e-05,0.0005252246870097773,0.004380456134948075,0.46811469121595706,0.49998771940699066,-0.0008850374165961316,0.5355121786133029,0.5318853087840429,0.00019179133103183735
minute_slot,35,15,20817,0.007339288918804279,0.00496629062817553,0.00016740251821039726,0.05598000319268043,0.0907884560925942,-0.0002663035871813859,0.00017855394874230604,-0.00043370610539178315,0.0073452089190210006,0.5429340252750949,0.5004006752421662,0.014875379970822795,0.5361080372952847,0.4574023353034453,0.0007207726683004181
minute_slot,35,30,20756,0.009255440431370235,0.0061722690019849,-0.0005763948269310245,0.00984753146456707,0.06979201201521187,-0.00034161512506015204,0.000278751378845757,0.00023477970187087244,0.0092360137616901,0.5205030597985834,0.5007009603189395,0.006038956187200016,0.5319059301642077,0.4796414976148027,0.013636582662747554
minute_slot,35,60,20633,0.011781820344710604,0.007900562634991289,-0.0010564125186311357,0.0021529866031653267,0.06885905770292385,-0.00046499182037736624,0.0005123609484418935,0.0005914206982537694,0.011724275488376708,0.5283823743274032,0.512787333195151,0.045199614421200976,0.5335610895020747,0.4810703378738669,0.08759513306510253
minute_slot,35,120,20529,0.01605101280187204,0.011107970636421367,-0.0012354426720505788,0.03578777815692301,0.0730476648574558,-0.0007936924784030079,0.0013555345663677138,0.00044175019364757083,0.015994469452572803,0.5295493300852618,0.5164516344408514,0.03646570904639386,0.5271168903358615,0.4697198538367844,0.2827283800243605
minute_slot,35,240,19487,0.029468504673610865,0.02029386439192261,-0.0034465519800884166,0.029157686761227743,0.05892847452851633,-0.0017557195768055584,0.002740377724988638,0.001690832403282858,0.029217692311509096,0.5134192025452866,0.5215359462723729,0.048227981059123314,0.5400195153351456,0.5179350336121517,0.2744906860984246
minute_slot,35,480,18338,0.043657008052459506,0.029821435809504845,-0.00643603726308585,0.04955781966422385,0.10362756606927999,-0.0015676029889326285,0.004697317765427626,0.004868434274153222,0.043157154551673085,0.5426187489774772,0.545701645459137,0.09165841728494199,0.5686170370273081,0.5303484757593936,0.45198233080656597
minute_slot,40,5,20836,0.0044521420372372715,0.003035614195449011,0.00048260186437325183,-4.5295777697439954e-05,0.020000161362767974,-0.0001479998670383685,4.364668706783526e-05,-0.0006306017314116203,0.004425691090402718,0.6046958275315696,0.5001237815187433,0.006603382478989558,0.4731310345660301,0.39535218706486774,0.00033610217506121863
minute_slot,40,15,20807,0.00705161471048232,0.004872848405734439,0.0011162273780184198,0.06592312622700155,0.10240265629443424,-0.00023551721790728057,0.0001640044736918595,-0.0013517445959257003,0.006971596549319484,0.6298432842995866,0.5011326329144205,0.02150013542659083,0.5118814297464607,0.3705412941063359,0.0025959042399769255
minute_slot,40,30,20727,0.008789667293397162,0.005800255912378394,-0.0004630012658950517,-0.01694534700030112,0.04711794359427458,-0.0003065667401921569,0.00025205458720944723,0.0001564345257028948,0.008769574508622636,0.5410350487592932,0.5041210039170473,0.030268694860426364,0.5170041899022224,0.4616201602780728,0.018779569373370667
minute_slot,40,60,20616,0.011211658350671599,0.007455818113751229,-0.000526905311623217,-0.03298448310829871,0.03998879531493342,-0.0003838506596912974,0.00046328721705268886,0.00014305465193191952,0.011174412729536365,0.5588335193362123,0.5167459419350624,0.05075975901355692,0.5049230161035042,0.443980785093891,0.12247076519967005
minute_slot,40,120,20509,0.015974171461308397,0.011018355535364378,-0.0006766308912407988,0.0025610661150978447,0.040705475911594326,-0.0005016557320865136,0.0012486917304445242,0.0001749751591542852,0.015914109448796065,0.5225067056815411,0.5149722486418404,0.03054864415883243,0.5205027378375315,0.4637893196781273,0.39487929773226044
minute_slot,40,240,19431,0.029376312549346195,0.020209804255807835,-0.00275480296096121,0.016286821246813875,0.03284142221459606,-0.0011003335433271409,0.0026069520983381974,0.0016544694176340692,0.02917293103527222,0.5141019042717447,0.5181586737182509,0.03712247836348893,0.5302429815332074,0.5191456510550695,0.39475038600102935
minute_slot,40,480,18280,0.04338710348745783,0.030004126164404083,-0.005032216917463955,-0.009845187493512224,-0.003335687665893316,-0.0001563878949905829,0.004622506684351659,0.004875829022473371,0.042800167641374655,0.5044310722100657,0.4998140011743408,-0.00037464109952836704,0.5072079625728081,0.5338621444201312,0.5681619256017505
minute_slot,45,5,20823,0.004161147022183665,0.0027912987659753272,0.00017186748642510744,0.03910919617135398,0.0770824643014164,-0.00013942243234364395,4.3269173935796994e-05,-0.0003112899187687514,0.0041590635975963285,0.5659443616970163,0.4998361341860302,-0.005242100577483079,0.5176930716092056,0.4337673569403738,0.0009609378753663576
minute_slot,45,15,20779,0.006659833121522294,0.004530218654770746,0.0004344408963959868,0.010583329927393878,0.08163705674921447,-0.0002149026693977415,0.0001536701763232692,-0.0006493435657937283,0.006645497686201416,0.5798545909769368,0.5008869168060152,0.012648580653182789,0.5286756794745968,0.4202417063893302,0.00481486831335163
minute_slot,45,30,20724,0.00880837059217004,0.005821679049148926,-0.0009763635351199922,-0.06411926193174146,-0.004654017691324756,-0.0002718754661801803,0.00023537384892711807,0.0007044880689398119,0.008735847018195757,0.4933371958285052,0.4993545048577762,-0.003918779092455276,0.5052903491537836,0.5063731170336037,0.02790652761684048
minute_slot,45,60,20603,0.011347317764618179,0.0073315946375113045,-0.0012368949892784546,-0.051673013739566225,0.040082857876762704,-0.00032702373906365475,0.0004295418175132951,0.0009098712502147998,0.011249347994520842,0.5186965811965812,0.5081324817533239,0.02158180767578644,0.5141938064868141,0.4839257964257964,0.17113442113442112
minute_slot,45,120,20479,0.016290106985703323,0.011226907662301883,-0.001141781186384298,-0.008880696489397115,0.024922852679451574,-0.00024039032690231261,0.0012035224773705247,0.0009013908594819854,0.016194729778975122,0.5013432325501881,0.5013966147843896,0.002791330296851419,0.5026547487750456,0.4815122356274117,0.5013920773701949
minute_slot,45,240,19392,0.029188330405517535,0.020126635614154967,-0.0019052532200230761,0.10154102380244155,0.11005087407379907,-0.0004267408769352403,0.0024020176407786955,0.0014785123430878357,0.029271794092894925,0.5497112211221122,0.5489497513743231,0.09794423811083104,0.5603028760910606,0.5176877062706271,0.5232570132013201
minute_slot,45,480,18255,0.04272941473679451,0.02958380780566772,-0.0028900794856462075,0.08101704263052048,0.10298340145946795,0.001665042587147168,0.004091517242088283,0.0045551220727933755,0.04276754855788518,0.5696597819536514,0.5548477967951222,0.1235301690323155,0.566434611987522,0.5324604174656221,0.7317153344655674
minute_slot,5,5,21046,0.008741263244127344,0.005995185796469754,-0.0014146099533557835,0.02269262007128145,0.050055921331678355,-0.00015038294823424973,4.334773875419781e-05,0.0012642270051215338,0.008626914564062189,0.4642212296873515,0.5002216115592589,0.014342145966047316,0.5297460764995386,0.5360163451487219,0.0002375748360733631
minute_slot,5,15,20947,0.0129933933763003,0.009212831122588897,-0.001487746984149321,0.02139941280873644,0.056958040724358665,-0.0002674293118403581,0.00017767648476554589,0.001220317672308963,0.012910518480851544,0.45624671790709886,0.5006928164048426,0.023550563238422306,0.5434054478798855,0.544517114622619,0.0008593115959325918
minute_slot,5,30,20877,0.01563531662115264,0.011227443445573993,-0.0013223947920954987,0.016536136696883256,0.04803500441426371,-0.00034229310504973727,0.00027651073197413847,0.0009801016870457614,0.015581412939073912,0.47109258993150355,0.5048446898087939,0.0431726070072925,0.5374775835133433,0.5346074627580591,0.012693394644824448
minute_slot,5,60,20751,0.017989433037283203,0.012919252883265276,-0.0015841967833942416,0.02278123062738306,0.06019716417927745,-0.00046388916227180053,0.0005039319754814856,0.001120307621122441,0.01792393970657917,0.4867717218447304,0.5071288694477883,0.026370926289120026,0.5365223029254755,0.5241675099995181,0.07917690713700544
minute_slot,5,120,20584,0.020283453665541292,0.01452530003452288,-0.0022294419527612713,0.03717376406343605,0.07472633537905468,-0.0008049916402804906,0.0013439948092369561,0.0014244503124807807,0.020165732652810225,0.5163233579479207,0.5268703107085666,0.05982349457981086,0.5475071977979176,0.5237563155849203,0.279294597745822
minute_slot,5,240,19819,0.03264373814599668,0.021967815047651548,-0.004589209768073175,0.02767178244660157,0.07551623189483098,-0.0018421011033239898,0.0027275513569691057,0.002747108664749185,0.03227980750189158,0.517382309904637,0.5249312019739277,0.056499847596751425,0.5432167243175087,0.5159695241939553,0.26444321106009383
minute_slot,5,480,18667,0.04648094384579313,0.03151775507931535,-0.0076255519050249425,0.025442961705575567,0.0766998962030813,-0.0016784754835802633,0.0046906657773394065,0.005947076421444679,0.04573009970301241,0.5219906787378796,0.5243857163751104,0.04899776842608196,0.5442125587682108,0.5222049606257031,0.4471527294155461
minute_slot,50,5,20813,0.003950201916683056,0.002692280650035201,0.00024840937820372057,0.040927186995747135,0.06485510957188191,-0.00015021416302166233,4.392315815737885e-05,-0.0003986235412253829,0.003943936912053303,0.5658508438717123,0.5000257780296874,0.0018427325152795466,0.5198858581973833,0.43414915612828775,0.00019233543299514353
minute_slot,50,15,20755,0.006259349058621186,0.004091742048939174,-0.000958840231032157,-0.05124413501459376,1.3165191973588778e-05,-0.0002702198298756254,0.00018099170572540384,0.0006886204011565316,0.0061735566327042685,0.47832794947206014,0.49991618234392043,-0.0029261556706402605,0.5065205292286397,0.5216238368448965,0.0008196326117352105
minute_slot,50,30,20697,0.00865047143818289,0.005632277409010329,-0.0015998306391938977,-0.043567782150091834,0.012381630235726351,-0.00034780373705112005,0.00028226596204759536,0.0012520269021427776,0.008484270734129232,0.4644066157268595,0.5021601832074626,0.020624696166451423,0.5203072486217688,0.5385917400135409,0.011026211432440274
minute_slot,50,60,20597,0.011261245219582399,0.007227128917214927,-0.0019848443158080008,-0.05789785741995337,0.006413907978012021,-0.00047969330047939923,0.0005213449182222737,0.0015051510153286014,0.011042536119339634,0.49230096662942635,0.5025357651491049,0.009282598093633196,0.511711456737086,0.5122164472725507,0.08116772720648953
minute_slot,50,120,20465,0.01631490882972308,0.011007674205296492,-0.002326646793467292,0.014099642067774703,0.04521404281934983,-0.0008414358114208771,0.0013781090968851062,0.0014852109820464145,0.01610868681584369,0.5104604555675042,0.5101080848115711,0.022645174885491035,0.517356060183585,0.49921790986411185,0.27470916023071656
minute_slot,50,240,19367,0.02973921074947755,0.0205240346349003,-0.0031919908274786646,0.01771496279886707,0.04248821663383259,-0.0018426447309837439,0.0027695040156834666,0.0013493460964949207,0.02948652257545009,0.5065585622805205,0.5141621743594541,0.03194892206177731,0.5300341352875276,0.5163705845899608,0.26822970460648626
minute_slot,50,480,18232,0.04319301441081162,0.029667528047932438,-0.006173072525054322,0.06412024218705742,0.11652289631435359,-0.0017390317059634733,0.004741785666925836,0.004434040819090848,0.0427909551497981,0.5485162635072129,0.5522311614996025,0.10511336329857651,0.5766645958372828,0.528440568262849,0.43766112665240525
minute_slot,55,5,20791,0.004032025765476003,0.002595900518346454,-0.00022388074075189697,-0.03194830372118515,0.028375825236063808,-0.00014790694429541132,4.362425279822676e-05,7.597379645648566e-05,0.004024175562392175,0.5277296360485269,0.4998685854502151,-0.008458122469664212,0.5099311002391761,0.4721259387637204,0.00024070864625457347
minute_slot,55,15,20737,0.006723622625819709,0.004412901584957955,-0.0017822206690387317,-0.0903649142953858,-0.026669289306467777,-0.000234858449624888,0.000163094538770459,0.0015473622194138437,0.00646634275638125,0.4056180317582895,0.4989923529668003,-0.01941180430085369,0.5183389953877108,0.5938993194652251,0.0026063033930208987
minute_slot,55,30,20679,0.008639999895463463,0.005483248060338221,-0.0016946748851870668,-0.08779856036148914,-0.014352421467094012,-0.00030659392537633515,0.0002508212382241264,0.0013880809598107316,0.008446463887867031,0.4603696893448176,0.501336073645031,0.010331848238148464,0.5093456525351193,0.5423884641440047,0.016887641536823768
minute_slot,55,60,20595,0.011302344360331276,0.00727630280581694,-0.0019725939487387155,-0.061362356809391144,0.0016071180677199857,-0.00038274186500252054,0.0004590656707049847,0.001589852083736195,0.011091269185386393,0.48957776590058794,0.5109714419859297,0.03354336371574792,0.5143616113733749,0.5282056265487586,0.12137408289198776
minute_slot,55,120,20469,0.0167362294242371,0.011378844407465281,-0.0024135290384523903,0.0068822006773167094,0.046739476123528904,-0.0005003446538941858,0.0012313513304112228,0.0019131843845582048,0.016523924707751686,0.5127528583992964,0.5172174041317125,0.035209324411205674,0.522591248647782,0.5208638717873546,0.3937261800058634
minute_slot,55,240,19362,0.02989298544015097,0.020817822092425803,-0.0023834043633106745,0.03735500122991652,0.051875150264192635,-0.0010973795809524596,0.002561439876300217,0.0012860247823582149,0.02978335920956806,0.5213304410701374,0.5259636584785168,0.053096307060897775,0.5368544834456523,0.5215370312984196,0.3935543848775953
minute_slot,55,480,18229,0.043701511350428025,0.030463036497491634,-0.004528215053983942,-0.007431891604751942,-0.007688495220855056,-0.000128562920178766,0.004535443558738062,0.004399652133805176,0.043195314005697746,0.5006857957974433,0.49560513348076884,-0.00887643468761078,0.5039205113949103,0.5328907664453832,0.5769462884731442
minute_slot,60,5,20768,0.0041037739867261,0.002771350373802817,-0.0011723687993431065,-0.0590014293788005,-0.043378085397479844,-0.00013965450099436645,4.331271856383351e-05,0.00103271429834874,0.003929955501221355,0.3997395833333333,0.5001196239984762,0.003978954456941031,0.5037136857813679,0.6005497685185185,0.0008680555555555555
minute_slot,60,15,20724,0.006394171829308443,0.004115615387824246,-0.00158462861318644,-0.10763608277791421,-0.07824670192655388,-0.0002148764586781536,0.0001538073294422645,0.0013697521545082865,0.0061762634388124685,0.41952774156163986,0.4989740814717117,-0.01432510385827513,0.4831096868790076,0.5802791057028345,0.005021971123666039
minute_slot,60,30,20670,0.008358674911084855,0.00534475480571871,-0.001682734508591793,-0.0762024776157606,-0.026451088765108148,-0.0002718984459604954,0.00023546055594194794,0.0014108360626312977,0.008166232974640366,0.4564648910411622,0.49866264775413716,-0.007955955766686503,0.4968871442080378,0.5447941888619855,0.028861985472154964
minute_slot,60,60,20588,0.012312740495965186,0.007854914528004605,-0.001499822418800696,-0.05383660353146128,0.01744368858264776,-0.00032465269433023066,0.00042893209445176594,0.0011751697244704654,0.0121904519454349,0.5086269744835966,0.5035477826011413,0.009392489116999738,0.5049315681834026,0.49224787363304984,0.17234507897934387
minute_slot,60,120,20460,0.0166847535672897,0.011389314815501329,-0.0017804181806816317,0.012500496820793105,0.03852738178853141,-0.00024133262927539262,0.001203046760173812,0.0015390855514062392,0.01656085438762563,0.5088980150581793,0.5088834842072099,0.017762181242885606,0.5134297225275563,0.5116358658453114,0.5008311332746651
minute_slot,60,240,19326,0.029891205123987706,0.02084824165263596,-0.0016467119991901698,0.10810175503173004,0.11987751024866672,-0.000433193888736499,0.0024005157403738657,0.0012135181104536708,0.03000974950578566,0.556515888624366,0.5556044546403756,0.11123126976744573,0.568505581986083,0.5214263533795673,0.5236517958803436
minute_slot,60,480,18189,0.043424798409820956,0.03017390491081216,-0.002764516186994316,0.0953268654989426,0.12438153165489543,0.0016337736966678012,0.004112794140768395,0.004398289883662117,0.04353495261160651,0.5750261175564964,0.5597057075867857,0.1341793946251321,0.5791080049766941,0.533897839115852,0.7300269423214384
minute_slot,65,5,20724,0.003770250519627443,0.002390595370876109,-0.0006021143356527991,0.008452613158426617,0.039773703052695994,-0.00014919997796475457,4.39816295701938e-05,0.00045291435768804456,0.003721972633252164,0.47512449838031234,0.5002301813829297,0.01478753531231031,0.5223822499191061,0.5251172460474786,0.00024174442779093943
minute_slot,65,15,20689,0.005997201810564954,0.0037569520471400467,-0.000846880180050621,-0.015987237544577378,0.03559201108897076,-0.0002649318424868189,0.0001782216610895819,0.000581948337563802,0.005931581507339966,0.5000725935246576,0.5001932782652587,0.005452132804123596,0.5179460281604573,0.5001209892077627,0.0012582877607317427
minute_slot,65,30,20602,0.00821881222687882,0.005192914341628338,-0.000755761836061098,-0.024972673635455255,0.03153975121401172,-0.00033914714968131117,0.00027862742821670655,0.0004166146863797869,0.008172290893621727,0.5161305995530074,0.4997278067956697,-0.001987734676743,0.5110399618156222,0.48294626372558547,0.01909435429015645
minute_slot,65,60,20538,0.012362170100983456,0.0079714090533506,-0.0009889732007156492,-0.004616997462640672,0.0458476638145298,-0.00045792255208598374,0.0005129419493122664,0.0005310506486296654,0.012309499103811015,0.5374872119647294,0.5109187657747156,0.0367474570670655,0.5142376643881377,0.46694597359575196,0.09738393335606761
minute_slot,65,120,20415,0.016351346925820673,0.011197562063673014,-0.0010777576468330304,0.05196145357365186,0.07124505230442679,-0.000770454556286778,0.0013646168446234833,0.00030730309054625255,0.01632968459613263,0.5247524752475248,0.518405642438994,0.04057550124029017,0.5361954221426279,0.4849034408391334,0.289236349377512
minute_slot,65,240,19276,0.029786281570978703,0.02065733510546194,-0.0030380678301214973,0.009962481138171065,0.030398870575124345,-0.001727719023723436,0.002725980939074966,0.0013103488063980614,0.029532453314897764,0.5009858862598588,0.5091905630988488,0.020424868947215444,0.525467322137342,0.5187318389373183,0.28134080531340805
minute_slot,65,480,18146,0.04357585118047199,0.030048144947803345,-0.006208210574581953,0.06300122304133564,0.11351392111896777,-0.001564893964089108,0.0046972249653022755,0.004643316610492844,0.0431717583767581,0.5480297602645356,0.5515472385086266,0.10348800845652897,0.5742568145436905,0.5310553871589969,0.4465693028382475
minute_slot,70,5,20720,0.00349029115936209,0.0023373491113176407,-4.675564292751316e-05,0.0197102936970407,0.05197886781036771,-0.00014805639407015236,4.404576717166766e-05,-0.00010130075114263921,0.0034905682869758523,0.5436747715956881,0.5001228911171328,0.007189535347386467,0.5156562746379124,0.45642190747812633,0.00029003722144341855
minute_slot,70,15,20667,0.005894789935283439,0.003836555337887304,-9.469161043569229e-05,-0.018235376600384448,0.04861412012370482,-0.00023585206301367036,0.00016434854581389983,-0.00014116045257797806,0.00588874136117842,0.5561266547059108,0.5007426626052611,0.014310517132996563,0.514499374238034,0.44430975124860594,0.0026669252776026766
minute_slot,70,30,20591,0.007853486939611918,0.005030478441925201,-0.00033999645156752357,-0.04561065662164764,0.016610214785551095,-0.00030876100182447417,0.00025373419485054903,3.123544974304937e-05,0.007830455607371438,0.5537997763407401,0.5028417075954386,0.020849069994377464,0.4939710431269415,0.4470267904896193,0.018719307628725628
minute_slot,70,60,20544,0.011950618858968393,0.007785131754512558,-0.000747116135205396,0.008544261116521417,0.06595785751132718,-0.0003854998492039226,0.00046676461150332095,0.0003616162860014733,0.011922094354576791,0.5311023430269375,0.5091304228563853,0.027373982803969427,0.5287556552401947,0.47050513907155733,0.12699108578109017
minute_slot,70,120,20399,0.015302495499830539,0.010443035177976609,-0.0004983503819140616,0.05187042036348342,0.07650949435579402,-0.0005099232531675487,0.0012582059132010873,-1.157287125348714e-05,0.015307940358633181,0.5277559827383288,0.5229956509362782,0.04708139624103105,0.5348525443846749,0.4779815613966261,0.3908885837583366
minute_slot,70,240,19251,0.029195519476458508,0.020275717315416733,-0.002546819638288158,0.028912582970172417,0.03712932392769807,-0.0011257134306187804,0.002593459542862669,0.0014211062076693777,0.029043443313897094,0.5122344017871058,0.5159038205738269,0.03266894385986991,0.5267188162399161,0.5158709543352902,0.38490311184996623
minute_slot,70,480,18115,0.0432601023530681,0.030112013311570963,-0.004934174012750003,0.006690286687542458,0.0044040344751881426,-0.0001815474195379621,0.0045988991344255385,0.004752626593212041,0.042761804166556526,0.5075368560543316,0.5032583181551635,0.006557253572206538,0.5097934931088794,0.5332118601954613,0.564629230854177
minute_slot,75,5,20699,0.0034234663548851686,0.002144561671137936,-0.00038329427141317525,-0.03240553650613258,0.019632069939931728,-0.0001392419467976141,4.345105261546436e-05,0.00024405232461556116,0.00340025644571289,0.5030983733539891,0.5001506742728791,0.004970243563672615,0.5103246495019592,0.4970468628969791,0.0009198295894655306
minute_slot,75,15,20673,0.005639556775503696,0.0036142146243648486,-0.000286844341084462,-0.0003150188221096335,0.07129579456678731,-0.00021614354817150867,0.00015516935111376467,7.070079291295336e-05,0.005630070426793054,0.5427588545956684,0.4996949418770601,-0.004136633612969023,0.5245284803455801,0.45646591404622316,0.0054266195067590485
minute_slot,75,30,20579,0.0078096656177337916,0.0049182687298107396,-0.0005226715393570981,-0.010938452941921615,0.07722910021546654,-0.00027211121407738815,0.00023861206660830684,0.00025056032527971,0.007785891902600002,0.5320837390457643,0.5044463388139481,0.02516882522894907,0.5309146660211373,0.4704479065238559,0.03213242453748783
minute_slot,75,60,20536,0.012387871678000269,0.008129156475850255,-0.00024176323535043444,-0.0011963653650879497,0.041846340426267434,-0.0003274962467077256,0.0004394184172128765,-8.573301135729111e-05,0.012377189228711694,0.5301774570982839,0.5099025985926378,0.025809279783020035,0.512992361846297,0.46840873634945396,0.17848088923556943
minute_slot,75,120,20399,0.015379648812982882,0.010564651896488567,-0.0005180969074931824,0.04284858891343108,0.06610186051588714,-0.00024266707741636372,0.0012432302148617908,0.00027542983007681864,0.015373923048640133,0.5190779794016674,0.5192045189653788,0.038401213926094455,0.5201924511206004,0.48867091711623345,0.5051495831289848
minute_slot,75,240,19245,0.029309927048916357,0.02049051931113114,-0.0016549898452163142,0.1050242591926149,0.10504261723399688,-0.0003902560693801522,0.002409460913482776,0.0012647337758361621,0.029417951394189446,0.5475472874662233,0.5468646995671786,0.09383968403400417,0.5549241073188801,0.5129910621492413,0.5274890875077947
minute_slot,75,480,18105,0.042867177744062096,0.029907719753768554,-0.0029157121517375552,0.10422462991988878,0.12759824256759006,0.001731587242743644,0.0041428947900699516,0.004647299394481199,0.04300075240120699,0.5795724465558195,0.5640365522641295,0.14484021880077408,0.5811790317680198,0.5336132132795669,0.7354029718831133
minute_slot,80,5,20671,0.003523765638287776,0.002221374480170138,0.00011913674741256042,-0.01052191072530061,0.02541734450525104,-0.00014924445684189508,4.3714192852053915e-05,-0.0002683812042544555,0.003521019844313927,0.5681707908782144,0.4998854482704493,-0.007286453567499586,0.49421833071218185,0.4316836487142164,0.00024260067928190198
minute_slot,80,15,20602,0.005844312268394639,0.003763949986190494,-0.00011475352747926238,-0.01709260648144016,0.008724892597957834,-0.0002634716038989798,0.00017631832691108817,-0.00014871807641971745,0.005837511788688542,0.5404511863088293,0.5000871051354416,0.002656041761667071,0.4904254971655045,0.45954881369117073,0.0010696227148969274
minute_slot,80,30,20574,0.007483096213877227,0.0047381788897617495,-0.0006186979963246985,-0.0670420292977891,-0.03112300046425552,-0.00033602734243751674,0.000275320843536975,0.0002826706538871817,0.007433956364115486,0.5247346382315707,0.4943046307628809,-0.04349214941023973,0.47444595238300163,0.4684974194176648,0.017382413087934562
minute_slot,80,60,20511,0.01195069205245333,0.007991564061264674,-0.00020414150329862532,0.02238013986838904,0.0493089363288374,-0.0004521078390723629,0.0005048288271723217,-0.0002479663357737376,0.011949582869253636,0.5574154506856669,0.5177608243456095,0.060625859871110827,0.5098990729719006,0.4509784783563516,0.09379727685325265
minute_slot,80,120,20398,0.015113742667520214,0.010292857057441183,-0.001170154989333587,0.023652200847644363,0.04510300301977513,-0.0007519430259840722,0.0013355568162533747,0.0004182119633495146,0.015040694113454657,0.5168963656873804,0.5098385612595417,0.02173472262436066,0.5219988445020042,0.4833979106380892,0.2871156015498553
minute_slot,80,240,19196,0.02953909813273116,0.020674798660378205,-0.002925451111495627,0.028307898551105985,0.04939042927422884,-0.0016819752468407562,0.0026798192197641196,0.0012434758646548705,0.02934742266667027,0.5086485360008336,0.5153302874079504,0.03418108504408624,0.5315761422807022,0.5150567885797646,0.27857663853287484
minute_slot,80,480,18066,0.04318858104613631,0.030016091259713162,-0.005995271190469066,0.06647713824572454,0.10703489188276989,-0.0014715964058700725,0.004608379518196825,0.0045236747845989935,0.04282889820569386,0.5409699922489204,0.5441540326950782,0.08850910975699007,0.5677984909105843,0.5322223452552319,0.4534381574576459
minute_slot,85,5,20657,0.00346224144806545,0.002206714459403295,-0.00026737735988879385,-0.0012531148403112974,0.03289522757746234,-0.0001479472410861648,4.363686515250875e-05,0.00011943011880262904,0.0034515711695499904,0.5169417475728155,0.4999629603416142,-0.002008512240169619,0.5103298747257414,0.4830097087378641,0.00033980582524271844
minute_slot,85,15,20580,0.005677850118624095,0.0035627892113740166,-0.0004261964092239653,-0.05123142432225044,-0.02196229056326154,-0.00023468816036558893,0.00016263254560922372,0.0001915082488583764,0.00565116973004058,0.528812898826051,0.49880812961568993,-0.02203842066533342,0.4733227623638048,0.4698231769691656,0.0029226947245360223
minute_slot,85,30,20558,0.0075175053573257045,0.004827847794678667,-0.0005502861714495456,-0.02079702655155531,0.007286265826439911,-0.0003069167168113276,0.0002500683391168345,0.00024336945463821803,0.007487967196899617,0.5177788602045786,0.4977095463531279,-0.01738796211874573,0.49909034210552133,0.47920116902094495,0.01763273258645884
minute_slot,85,60,20503,0.012343103903579393,0.008362120732770775,-0.00020691910038182803,0.01607873640548192,0.03603581224963404,-0.00038149738314064883,0.0004574678573637502,-0.0001745782827588208,0.0123402455039285,0.5365913196309134,0.501915020010456,0.00579742097735876,0.5103738115291111,0.4539374115119855,0.12341942098325441
minute_slot,85,120,20382,0.014939545361335587,0.010065640526934618,-0.0018711008774776293,0.035741985011859656,0.05972866854963211,-0.0004961395352627757,0.0012203572300803118,0.0013749613422148535,0.014815267453232327,0.5167337324565708,0.5187127192137213,0.038295121451687675,0.5288405762189247,0.5092747080184513,0.3936598292275984
minute_slot,85,240,19151,0.02986253212080118,0.0210046756774532,-0.0021443140683844505,0.027706725014542865,0.02867717029097033,-0.0010893074218481374,0.0025300787451036813,0.0010550066465363128,0.029747976761320166,0.5102115434839384,0.5139521431218447,0.028577848871971945,0.522949735219946,0.517054061112562,0.39080699921650563
minute_slot,85,480,18022,0.04353110539230002,0.030616420657863037,-0.004393197911368588,0.01185467267280327,0.008795189808454253,-0.00010891942162437843,0.004480106865084931,0.0042842784897442095,0.04312965151884872,0.5107658157602664,0.506299036429946,0.012697292256356291,0.5153858540166036,0.5320754716981132,0.5700332963374029
minute_slot,90,5,20617,0.003420382631592315,0.0022039504679336095,-0.0001687084322488009,-0.007679797944029902,0.018004485261815053,-0.00013934802023226597,4.335166315744088e-05,2.9360412016534927e-05,0.003415611381866798,0.5248126885277805,0.5001409376248266,0.004758804822362117,0.49932092913288145,0.4752846161331128,0.0008757419480393111
minute_slot,90,15,20580,0.005528638761890597,0.0034849922193255826,-0.0004179846723152772,-0.017202391255316706,0.046471973585134184,-0.00021667922824805666,0.00015504391791874476,0.00020130544406722056,0.005507968397126914,0.5189010132501949,0.5017332719018739,0.024635433003840655,0.5136370664729447,0.4826578332034295,0.004968823070927514
minute_slot,90,30,20572,0.00889618588176457,0.00567416945186955,-8.421664531427154e-05,-0.019949220657578808,0.04560846366714705,-0.00027206964173611054,0.00023750597890500897,-0.00018785299642183904,0.00888787933721891,0.5755437691596516,0.502110553237095,0.012000295221892289,0.49554900716258193,0.4216339837477495,0.031142036883849936
minute_slot,90,60,20493,0.011922192653612239,0.008175393766459729,-0.00011858612211120263,0.0017436069138856733,0.032438800172423635,-0.0003290896472984879,0.0004374202934170352,-0.00021050352518728528,0.011914338099901235,0.5318192918192918,0.5035600640099834,0.009307179428793017,0.5025682584770172,0.4563125763125763,0.17626373626373626
minute_slot,90,120,20388,0.014599024939947601,0.009918357116957323,-0.0009732538165687362,0.024356072835623608,0.04497007711429218,-0.0002482461915387195,0.0012313532625894688,0.0007250076250300167,0.01454443114645572,0.5132947409733124,0.513289846628881,0.026578749948933767,0.5171249886696545,0.49573194662480374,0.4993131868131868
minute_slot,90,240,19153,0.029227592328892327,0.020638021417153766,-0.0015578402181088235,0.09291801582886554,0.0927331905321127,-0.0004182557165899633,0.0024120188720101726,0.0011395845015188602,0.029311190708260146,0.5449370724319808,0.5440595273485491,0.08814001617165067,0.5515030465270745,0.5204971538983759,0.5232127004021098
minute_slot,90,480,18020,0.04272901245026396,0.030042541674959133,-0.002717243065974696,0.09754961382397398,0.1162355308454774,0.0016620543801705596,0.004164771610726276,0.004379297446145256,0.0428468754083274,0.5747585747585747,0.5585525911689239,0.13185225826510363,0.5747542389462943,0.5355755355755356,0.7319347319347319
minute_slot,95,5,20564,0.0033040862578930168,0.002046704073503586,-0.00021576581254398856,-0.09633246413307348,-0.07681548937059963,-0.00014991290008839947,4.3775759536220756e-05,6.585291245558908e-05,0.003292528729248345,0.528854604042574,0.4998672425977093,-0.00848361929673939,0.45311391042422333,0.47099892588614395,0.00024411678547016892
minute_slot,95,15,20553,0.005323174386808585,0.0032508052124251294,-0.0007172395566828312,-0.0845621709983036,-0.04854859119679127,-0.000267220703864404,0.00017857819980417625,0.00045001885281842715,0.00525652979655249,0.5105386416861827,0.49988589982144355,-0.002935415114199307,0.4695599728400136,0.4893149882903981,0.0015124902419984387
minute_slot,95,30,20503,0.009492645123182281,0.0060737936761840776,-0.0005100600750157318,-0.027733120755946743,0.01900389061667902,-0.00034212195545787257,0.00027882697522868885,0.00016793811955785926,0.009467100526424294,0.5502172745471412,0.5043835098462504,0.034302214699068155,0.4912173342626789,0.452565792685904,0.016454274693618477
minute_slot,95,60,20442,0.012023491092047745,0.008112387255770508,-0.00044230016761400673,0.011413434558848308,0.04309007108616945,-0.00046522656161824297,0.0005151146844342913,-2.292639400423625e-05,0.01201018678917416,0.5368374644851572,0.5147595487448021,0.053074400218650356,0.5235628320884029,0.4734006074262761,0.08420691682178896
minute_slot,95,120,20348,0.014840896172510238,0.010051246387981848,-0.0010491655385476966,-0.01475251006541308,0.012248032822478867,-0.0007975936453349488,0.0013635731195468601,0.00025157189321274776,0.014720729300131154,0.5107418514330663,0.5054912842590513,0.012362868615808058,0.5133211037723514,0.4885698834865542,0.27019320584042084
minute_slot,95,240,19080,0.029513329410498064,0.020717590558577057,-0.0028660139121558766,0.036173163576553945,0.05580095531564648,-0.001765100300804794,0.002701919457640594,0.0011009136113510826,0.029347211515236716,0.5074986890403775,0.5141068735823688,0.03208006577781759,0.5364540619928363,0.5138437336130047,0.26171997902464605
minute_slot,95,480,17945,0.04324909718206896,0.03015612459838628,-0.006069335347904199,0.06201612337630712,0.10243665057384582,-0.0016678948539976621,0.004614920413422263,0.004401440493906537,0.042858866705362576,0.5415737851092287,0.5461423835241386,0.09285749376438697,0.5664421782327872,0.533660276415515,0.43524297815425766
industry_id,1,5,1799,0.0037296164904753546,0.0024352890057110664,-0.0001925544716462906,0.03960515526545581,0.043283344498827765,-0.00015806918156114155,3.0430721673042074e-05,3.4485290085149043e-05,0.0037257236206058256,0.5241801000555865,0.5,0.0,0.5170996818663839,0.47581989994441354,0.0
industry_id,1,15,1791,0.007409511828728955,0.0043917298019946005,-0.0003335231250270732,0.07198799029874359,0.07705000074366256,-0.00028876819145104714,0.0001558072439301103,4.4754933576026034e-05,0.00741158636084937,0.5281965382467895,0.5,0.0,0.5416753193139597,0.4718034617532105,0.0
industry_id,1,30,1782,0.010548692390062429,0.00638713117206735,-0.00032945731529819983,0.12342299614606272,0.12589380470170794,-0.0003604439089204604,0.00023627903969130224,-3.098659362226055e-05,0.010570101109004866,0.5291806958473625,0.5,0.0,0.5487394097654508,0.4708193041526375,0.0
industry_id,1,60,1765,0.014956273071532583,0.00964814589441799,-0.0003582052541839735,0.19379883264533312,0.17309278184808066,-0.0005479837284969541,0.0004442401987105822,-0.00018977847431298056,0.015031723224552804,0.5082152974504249,0.5045745566050819,0.06094574282284935,0.5877672825143433,0.4963172804532578,0.0056657223796034
industry_id,1,120,1737,0.021180444511566997,0.014796527630594872,-0.00019680485346909926,0.2423026529826267,0.19699801543775966,-0.0009366502286598223,0.0012263509064229447,-0.0007398453751907232,0.021443231828819683,0.5089234312032239,0.5281160291695821,0.07445259842468692,0.601185646139234,0.5290731145653426,0.1715601611974669
industry_id,1,240,1704,0.02937664006251226,0.021218589213110046,-0.0006359370951296186,0.2729430899528178,0.2783111195766702,-0.0021208538183971953,0.0026261892033971335,-0.0014849167232675764,0.029977687027416135,0.539906103286385,0.5443155874414253,0.12116638793173652,0.6361288429186134,0.5064553990610329,0.159037558685446
industry_id,1,480,1610,0.04594425819040732,0.033992969753554286,-0.0012914095930716273,0.39655174852485603,0.4387305199969432,-0.0018887755421991025,0.004726994393954929,-0.0005973659491274753,0.04759513205530149,0.6788819875776397,0.6761659633969782,0.35489236513042577,0.7291555814039821,0.47577639751552797,0.43540372670807453
industry_id,10,5,7192,0.004759608125690506,0.0028760925594800146,-0.00026682104446556034,-0.011304936538696185,0.0344176184316901,-0.00014736081207790972,4.465329395679408e-05,0.00011946023238765062,0.004751408746489111,0.5128812143155549,0.5,0.0,0.5148763103760312,0.48711878568444505,0.0
industry_id,10,15,7159,0.008500249552117528,0.005109536854573867,-0.0007172443075181946,-0.004393263734552729,0.03649696504451925,-0.00027907395047753713,0.00019853529084652214,0.0004381703570406575,0.00846673591844954,0.5026580861779518,0.5,0.0,0.5210430267010044,0.4973419138220481,0.0
industry_id,10,30,7114,0.012090796307343755,0.007451004481142196,-0.0013016084114703089,-0.014001681933270387,0.043441065593264806,-0.0003867860429010305,0.0003033635657115616,0.0009148223685692784,0.012012455753008015,0.4855092853123241,0.5030151311450459,0.03799090667909329,0.5275591674699407,0.5177265053460889,0.006330894766460327
industry_id,10,60,7025,0.01673264653432431,0.010932147272285687,-0.0023065956113662058,-0.012745448416422755,0.03829700371284177,-0.0005172492084847399,0.000553620116820194,0.001789346402881466,0.016556597786439205,0.49387464387464386,0.5170426197368219,0.06641178275967889,0.5301591557863853,0.5269230769230769,0.07065527065527065
industry_id,10,120,6884,0.02239748907428181,0.015697249467078307,-0.004184471804942327,0.022940158966079302,0.05262124523988937,-0.0009359572021235733,0.001476181299235228,0.0032485146028187533,0.021987445502206732,0.49418942475305055,0.5134365302956068,0.029751562524621907,0.532189252272851,0.5438698431144683,0.28181289947704824
industry_id,10,240,6761,0.02979779395913646,0.022459421835373437,-0.00800048041002833,0.056414525787219005,0.09594044478664188,-0.0018926238440338898,0.003099001963987506,0.00610785656599444,0.02871125439500615,0.512646058275403,0.5334573305669346,0.07163291274633359,0.55564250744568,0.554947492974412,0.3143026179559237
industry_id,10,480,6363,0.04815925670102604,0.03583910151261336,-0.015385075465306626,0.022763157245764637,0.0722481272005806,-0.0013089551001884666,0.005598709871699516,0.014076120365118159,0.04541854883435394,0.5251493241119145,0.530836482799663,0.060453595948118534,0.5431849670626364,0.6012260295504558,0.4781515246777743
industry_id,100,5,7333,0.0030876040125690715,0.001970958750073573,-0.00017530665864013139,0.023569314035286747,0.0313373783864318,-0.00011517524318180512,2.6258956263600875e-05,6.0131415458326274e-05,0.00308313037582122,0.5109068459322267,0.5,0.0,0.5155448604480546,0.4890931540677734,0.0
industry_id,100,15,7318,0.005373280166578984,0.0033811065447009285,-0.0003388182681647691,0.013010243110108847,0.014169263669071782,-0.00014586895494342423,8.886473091420264e-05,0.00019294931322134487,0.005363007168519176,0.5041843874331184,0.4995946920088443,-0.015479780496391534,0.5038902188331859,0.4954040334750995,0.0006859651529702291
industry_id,100,30,7295,0.007479835116976364,0.004852802656042536,-0.0005770680804394946,0.005044903336349357,0.005120124783012737,-0.00018140499800350454,0.00011906242349875585,0.0003956630824359901,0.007457191723226705,0.48646792141777717,0.5017410915283655,0.01723314532805229,0.5026857697052795,0.5155928012089572,0.010303613133672208
industry_id,100,60,7249,0.010292698586646928,0.006981278330536926,-0.0009053330220715251,0.00555283917583804,-0.004489357729258255,-0.00017751789407497936,0.00020626793849810358,0.0007278151279965457,0.010251875647364527,0.49136143745680716,0.5076283126210768,0.02208056466501876,0.5030447017205338,0.5224602626123013,0.138217000691085
industry_id,100,120,7176,0.013513308005780437,0.009677034419134882,-0.001463036571419127,-0.017691334252282732,-0.026728798647086376,-0.00017113769565890762,0.0005986251261688609,0.0012918988757602194,0.01340994518149622,0.500627702608453,0.5047033336541995,0.009468895712646213,0.4947248108556127,0.5311758962198354,0.43492816292369924
industry_id,100,240,7118,0.018889806242825966,0.013825907401721774,-0.002716371913151715,-0.00011994093365566956,-0.03280131490785566,-0.0003153214333646981,0.0013755160343037062,0.0024010504797870166,0.01864263682558388,0.5019673974142776,0.5035888647415594,0.0071222690974072685,0.4970995107596904,0.5632377740303541,0.4876335019673974
industry_id,100,480,6744,0.02659448106974958,0.01994887636764536,-0.002777059062687223,0.021969779539299048,-0.02545818504552206,0.0009390740152484321,0.002731256395996973,0.0037161330779356553,0.02636776451599088,0.5333728863838624,0.501701711880234,0.0036889130545399254,0.505303274309104,0.577128448531593,0.7055769801245921
industry_id,101,5,11249,0.003471450439264461,0.002083933056731255,-0.00017451064060600692,0.012859845743452782,0.03227959211828258,-0.000125771050758966,3.6923704412531186e-05,4.87395898470409e-05,0.0034673395628525144,0.5163532661973086,0.5,0.0,0.512270418322227,0.4836467338026914,0.0
industry_id,101,15,11214,0.006014549039839953,0.003690319686965772,-0.00026067340634790433,0.02342944873023392,0.04097857056891707,-0.00017084502274373908,0.00013335394303947277,8.982838360416526e-05,0.006010542824603739,0.5104501607717041,0.4994431341719077,-0.005340946346969596,0.517161074254907,0.4887459807073955,0.010986066452304395
industry_id,101,30,11164,0.00867316444697144,0.0054354060048391484,-0.0004387980096163868,0.032385450252902466,0.05094910058079653,-0.0002189123093148721,0.0001970807492618906,0.0002198857003015147,0.008666199968710389,0.5087467480039473,0.5021307249014255,0.01244269640352407,0.5246504736017495,0.49295774647887325,0.030232349511079216
industry_id,101,60,11069,0.012170740084014323,0.007982380831180809,-0.000637075364880874,0.04992067914975193,0.06474984452500289,-0.000217645133117021,0.0003218981813605493,0.00041943023176385294,0.012165871388940565,0.5212006147726246,0.5193415572469486,0.051076448218022125,0.5373976007798221,0.4971521562245728,0.17349245095380164
industry_id,101,120,10899,0.01652598296202812,0.011308308519943333,-0.001013077789704783,0.050993207491617065,0.05575854015438214,-0.0002197253848007765,0.0008580829147819793,0.0007933524049040065,0.0165163820131518,0.5232632834725154,0.5230715214284006,0.046210828734558645,0.5261930989968896,0.5035330824997706,0.5273010920436817
industry_id,101,240,10781,0.02278384040670179,0.0160311368840524,-0.0022335529780191784,0.04572610246768952,0.07382530546978366,-0.00043446304976610856,0.0019201597541070121,0.0017990899282530697,0.022680617102342086,0.5285820341499629,0.5268378491498652,0.053873989157611726,0.5414590859229477,0.5190237564959168,0.5468634001484781
industry_id,101,480,10129,0.035132723565686315,0.02330277437867488,-0.0022887041217116533,0.11111744104965471,0.12105488742613602,0.0008297261339913429,0.003469791957893084,0.0031184302557029963,0.03527365114926133,0.5423126296040288,0.5318489040823416,0.07259366264029488,0.5798067367800743,0.5218722227708107,0.7405944504789177
industry_id,102,5,3873,0.00335753144463742,0.0022238118045528996,-0.0001369937793083488,-0.005196438767276893,0.008199234813898207,-0.00012776697735781458,3.3382168137812335e-05,9.226801950534236e-06,0.0033543959178477926,0.5249676584734799,0.5,0.0,0.49129385887206317,0.4750323415265201,0.0
industry_id,102,15,3860,0.0053759952994367165,0.003582384163912664,-0.00012741790476865122,0.017084356359805434,0.032697047331668505,-0.00016433899585290937,0.00010361648404493072,-3.6921091084258165e-05,0.0053752566957537915,0.5121951219512195,0.5006283505743534,0.009213395727872442,0.5219092804038689,0.48832381940840686,0.00467047223663726
industry_id,102,30,3837,0.007339131740168843,0.0050474933691447895,-0.0001664462378866177,0.03914298279555423,0.047437520363941055,-0.0002155293616505545,0.0001341026252913583,-4.9083123763936786e-05,0.0073412695140487915,0.5127870563674322,0.500004633975875,4.61538161473645e-05,0.5212118882742964,0.4869519832985386,0.010177453027139875
industry_id,102,60,3799,0.009996290468344575,0.00712773616519927,-2.6577683008035264e-05,0.05931405138348464,0.06454791162243873,-0.00022485524457614603,0.00023933731727226695,-0.00019827756156811076,0.010007595684239319,0.5239599789362822,0.511871099032127,0.04011245034311082,0.540384662354647,0.4849921011058452,0.09689310163243813
industry_id,102,120,3725,0.013738364505193421,0.009998305076338853,0.0002397905825935766,0.08907455050557739,0.10107933256895535,-0.00026063217089242684,0.0006708651385997818,-0.0005004227534860034,0.01377976687291905,0.5329035723878592,0.5328013263380258,0.06782389884133426,0.5600287719541265,0.49959709911361805,0.37308622078968573
industry_id,102,240,3657,0.020004314996551868,0.015038655267706565,0.00018034064883367597,0.13391012742438596,0.17500675119351947,-0.0003984950658630214,0.001488513540651503,-0.0005788357146966973,0.02014836597312308,0.5682626538987688,0.5677763720132246,0.1357394890033654,0.5938448179704634,0.4908344733242134,0.47222982216142273
industry_id,102,480,3379,0.029233723633271983,0.02197601900367561,0.0011503973490219965,0.1390112593976006,0.16113556993449174,0.0006505638957971756,0.0027786050827779607,-0.0004998334532248208,0.02946744945780664,0.5347941960319811,0.550377353570676,0.11274072224047986,0.599831672611157,0.4660941664198993,0.7263843648208469
industry_id,103,5,4573,0.0020554406802976086,0.001305522435172556,-0.0001659721585674688,0.009000080968688658,0.027493524602878298,-0.0001046669617593215,2.6604452436263e-05,6.130519680814728e-05,0.002048795493020344,0.5089226701916721,0.5002242152466367,0.01510522814649155,0.512668598407091,0.49129764265256665,0.0002203128442388191
industry_id,103,15,4564,0.003655585014982764,0.0022847937971258512,-0.0001607188335639384,0.010928285998086852,0.04365434514042834,-0.00010805400421905527,5.771400896921277e-05,5.2664829344883116e-05,0.003652224990204596,0.5071507150715071,0.49950135541456936,-0.004928483909613246,0.5225603506181294,0.4921892189218922,0.010341034103410342
industry_id,103,30,4546,0.005182748552867515,0.0033120840484583006,-0.00021672208793228773,0.021358166745417927,0.06132339142013621,-0.00011317570853343413,7.85018925626293e-05,0.0001035463793988536,0.0051792971874977615,0.5020948180815876,0.505789585883801,0.027303059611912015,0.5318542468763214,0.5040793825799339,0.04718853362734289
industry_id,103,60,4516,0.007168879573797046,0.004826582491891043,-0.0002060433519087496,0.04595895954898507,0.08848209876058873,-6.396170452077716e-05,0.00015563757861822357,0.00014208164738797245,0.007171384134366631,0.5270390070921985,0.5347212450467453,0.07494999084598447,0.5548338943823917,0.5201684397163121,0.3109485815602837
industry_id,103,120,4464,0.00945923648862114,0.00670758154617277,1.2638069210889808e-05,0.051055315274809145,0.0868040967178642,0.0002118804207003127,0.00043010805563688465,0.0001992423514894229,0.009471429366799382,0.5428251121076233,0.528819612590799,0.06575029983077957,0.5509849677158999,0.5291479820627802,0.7419282511210762
industry_id,103,240,4438,0.012992548611781361,0.00967015824372096,0.00010180245051188391,0.07084228634885953,0.1275708131079305,0.0004999556311606814,0.0008555909546255535,0.00039815318064879746,0.013024700634723581,0.523337091319053,0.5139658308942441,0.03276838727914036,0.5678763897921925,0.5179255918827509,0.7618940248027057
industry_id,103,480,4203,0.016079118826174344,0.012482462740387874,0.002218253920728178,0.09327743247812065,0.1488932589829352,0.0025044480292879924,0.00197149950729253,0.00028619410855981454,0.015987833242992584,0.52,0.49701105188449907,-0.009894471577774927,0.5862041075598148,0.5288095238095238,0.8988095238095238
industry_id,104,5,902,0.0032321344288404356,0.001620485168547084,-0.00030094292259390005,-0.05993686353536694,-0.03930928501467813,-9.724459928262823e-05,2.0300836710190254e-05,0.0002036983233112718,0.003216813013854777,0.515625,0.5,0.0,0.48468889021884415,0.484375,0.0
industry_id,104,15,900,0.005623645523956981,0.002750746759072563,-0.0005128418808541508,-0.11720189430208006,-0.05272825558206085,-7.961698878918671e-05,3.878050962054577e-05,0.00043322489206496406,0.005595535110486943,0.5111358574610245,0.4939457150661799,-0.045737138801403475,0.4774516377362239,0.4821826280623608,0.017817371937639197
industry_id,104,30,897,0.007456474473011568,0.00392695875297713,-0.0007555174781840774,-0.08144794948807625,-0.02700503762148255,-8.80734760327464e-05,6.467287327480614e-05,0.000667444002151331,0.007412552292525105,0.4972067039106145,0.49957553058676657,-0.0016019739433951975,0.4881423220973783,0.5027932960893855,0.07597765363128492
industry_id,104,60,891,0.009739301068010126,0.005723665922542412,-0.0010591799753402044,-0.031245401114425874,-0.0029721134650129307,5.663495981704138e-06,0.00011660023383546107,0.0010648434713219086,0.009677190458504828,0.5101123595505618,0.5145243767199245,0.028870837719465393,0.5015813036513739,0.5640449438202247,0.46741573033707867
industry_id,104,120,880,0.01467906809862025,0.00882025728838223,-0.0017668747695283441,-0.08081953877870904,-0.0004561553566329337,0.0002483116533601953,0.00035611157546277963,0.0020151864228885393,0.014539239225037876,0.5079545454545454,0.46310205713263797,-0.0972384104377393,0.5153772111151437,0.5670454545454545,0.8295454545454546
industry_id,104,240,875,0.017534701685048934,0.011674423905608688,-0.0027725582799139376,0.07957407603921107,0.08144569953278004,0.0005766204113938979,0.0006542819909325814,0.003349178691307835,0.017353893542265894,0.5245714285714286,0.47884957344566986,-0.0705897660155844,0.5422532229725439,0.5565714285714286,0.9017142857142857
industry_id,104,480,828,0.019313270416148477,0.01468591275757291,-0.0009754364552720843,0.13159377227761848,0.13943431944591708,0.002567145208097603,0.0015972558670754471,0.0035425816633696872,0.01943371334072847,0.5816203143893591,0.4945143536029483,-0.028818966491991806,0.5756958587915818,0.5937122128174124,0.9637243047158404
industry_id,105,5,918,0.0017223802075322296,0.0011981550848574793,-0.00012339401314073926,-0.018577779847076807,-0.01889611512128353,-8.001761210149368e-05,1.7448888923008085e-05,4.337640103924559e-05,0.0017175417057242012,0.5120350109409191,0.5,0.0,0.48201966195239737,0.487964989059081,0.0
industry_id,105,15,916,0.0031911658190940185,0.0021879216974598145,-0.0001258007290747465,0.012892579180544084,0.020397506914108236,-8.132497223652543e-05,4.126518097211819e-05,4.4475756838221065e-05,0.0031889502634313187,0.48630887185104055,0.4968504239444599,-0.015765659425947043,0.4997527390749081,0.511500547645126,0.0416210295728368
industry_id,105,30,913,0.004614034572935495,0.0032402561193146696,-7.831787521655113e-05,0.05440971133796571,0.055375393586222565,-6.168907569649426e-05,5.533977776374466e-05,1.6628799520056864e-05,0.004616049924910334,0.48957189901207465,0.49789285886494045,-0.006991681920386723,0.5424297217802209,0.5104281009879253,0.10098792535675083
industry_id,105,60,907,0.006794949275901324,0.004842968575946794,0.00010582887759153223,0.04826369276299661,0.0624673614104346,-3.092533684424982e-05,0.00010943401860667705,-0.00013675421443578206,0.006798527453296521,0.5165562913907285,0.5186244882043283,0.03864877205435275,0.5346436927276272,0.5077262693156733,0.36644591611479027
industry_id,105,120,899,0.009000253962445874,0.0065788909408307315,0.0005979648725580828,0.05668040979006987,0.05923400118119045,0.0002616633713471748,0.00033429029460287785,-0.00033630150121090807,0.008993111650463223,0.4972191323692992,0.5023588174725754,0.006706157826440113,0.5266845867490396,0.492769744160178,0.8553948832035595
industry_id,105,240,891,0.011284106013249376,0.0088538011789595,0.0013145852996380594,0.11473032882382841,0.14638048033342857,0.0007042283335084976,0.0006820502687740183,-0.0006103569661295617,0.011265022824119918,0.48484848484848486,0.502026467738028,0.007205847262864008,0.5617302955665024,0.4792368125701459,0.9135802469135802
industry_id,105,480,844,0.015005162477530719,0.012462330404486226,0.0028580831144152333,0.07974968652585723,0.031296628247542216,0.002702098661731328,0.0016348764931355896,-0.00015598445268390484,0.014770409573473798,0.5308056872037915,0.4953800971422117,-0.025721658880924314,0.5306788659211567,0.5379146919431279,0.966824644549763
industry_id,106,5,911,0.002710901204470487,0.0017458644267671173,-0.00024312955866381217,0.021790214006900625,0.03895437027560675,-0.00013387674737741362,2.0331223086085618e-05,0.00010925281128639858,0.0027003430560995504,0.510989010989011,0.5,0.0,0.5190165518907817,0.489010989010989,0.0
industry_id,106,15,907,0.004651963533427936,0.0030790290417045812,-0.00039718227009251595,0.00974807434383457,2.382719796338981e-05,-0.0001282594191804944,4.6970323107160255e-05,0.0002689228509120215,0.00463519680125908,0.5049614112458655,0.5,0.0,0.5002285525330429,0.49503858875413453,0.0
industry_id,106,30,901,0.006786831535440643,0.004552337103785019,-0.0006910146929337981,0.02156932435735606,0.015638733442914974,-0.0001403280373084639,6.938935738284376e-05,0.0005506866556253342,0.006752701636358029,0.48501664816870144,0.5008607082963401,0.009798011085322106,0.5149699122028214,0.516093229744728,0.00776914539400666
industry_id,106,60,891,0.009545599365211677,0.006536571068978175,-0.0011060127964522964,0.019826808912342626,0.0168145704014209,-3.411967746205795e-05,0.00011597949026651189,0.0010718931189902384,0.00948289848114439,0.5297418630751964,0.5392003573821755,0.07992625593762283,0.5277225008629968,0.5432098765432098,0.3939393939393939
industry_id,106,120,884,0.012249561486489563,0.009172754355005133,-0.0015297241795731399,-0.015543094039804198,0.004131283393147239,0.0003130671793604965,0.00040551848823534907,0.0018427913589336364,0.012140601738982347,0.5633484162895928,0.504953324442751,0.012778748381613218,0.5223878622383099,0.5904977375565611,0.8235294117647058
industry_id,106,240,875,0.016642340631096847,0.01272640463332339,-0.00319906730846742,-0.003093172167623627,0.041596070826605415,0.0006732712131259697,0.0007289123819645421,0.0038723385215933895,0.016313448271159138,0.5965714285714285,0.521780303030303,0.05606607814749059,0.6036724754837,0.616,0.8274285714285714
industry_id,106,480,837,0.023032003037720322,0.019196440119284074,-0.00409981810678077,0.022943652008384503,0.06789245522101062,0.003030366691070294,0.0016587231828171555,0.007130184797851064,0.022641480385476635,0.6117084826762246,0.49112260078530834,-0.056250648317419265,0.6230153891178695,0.6260454002389486,0.97610513739546
industry_id,107,5,1810,0.0018547184937734642,0.0012036293987122881,-9.722316250015876e-05,0.021228520410757987,0.05839942534342237,-8.832074136231082e-05,2.182776181193202e-05,8.902421137847935e-06,0.001852503357519896,0.5095828635851184,0.5005943957696821,0.01446401122784039,0.5370680459191393,0.49098083427282974,0.0016910935738444193
industry_id,107,15,1806,0.0032620074366149685,0.002083618082972062,4.164333587515975e-06,0.013011027242469539,0.014237829276211032,-8.912255676842401e-05,3.611941737781634e-05,-9.328689035593999e-05,0.003262274785994765,0.5234375,0.5017502917152858,0.042773112258100245,0.5050923817071116,0.47823660714285715,0.0016741071428571428
industry_id,107,30,1802,0.004559006635010133,0.0030553698566766624,0.00011242367233576216,0.053538470615372424,0.06886930938574456,-8.776485745200203e-05,4.4512559263563435e-05,-0.00020018852978776418,0.004559786641537723,0.5206935123042505,0.5008448317355902,0.004725214752825064,0.5358928141671012,0.47874720357941836,0.032997762863534674
industry_id,107,60,1792,0.006401988312119446,0.0044636099308223666,0.0003986313604942282,0.025383659974125068,0.04271919626260854,-5.1921173881705075e-05,9.44417671691817e-05,-0.00045055253437593327,0.0063912652436674475,0.5403587443946188,0.5208139792081399,0.048721112509953396,0.5218940183903688,0.4624439461883408,0.2382286995515695
industry_id,107,120,1776,0.008805298063477553,0.006640136526071116,0.0013277066562297404,0.061048584428078284,0.07333270746568231,0.00027978659443203823,0.00037038214493301263,-0.001047920061797702,0.008719380669009362,0.505922165820643,0.5342001865872474,0.09150608071939913,0.5485485665075891,0.45798082346305696,0.8336153412295544
industry_id,107,240,1760,0.011789051825624829,0.009195710717324087,0.0026779676743307786,0.050715825338698825,0.07321664986507001,0.0006867809169886063,0.0007951665805382575,-0.0019911867573421723,0.01149369247170609,0.5011402508551881,0.5211470038918625,0.060295257133163034,0.5659601579699711,0.47206385404789053,0.8568985176738882
industry_id,107,480,1666,0.01851847991664573,0.014296367574386385,0.007185835483098327,0.05213336729718698,0.04186242857557798,0.0027479009244337762,0.001776309558994306,-0.0044379345586645505,0.017067620959473912,0.5201685731487056,0.49746369228264786,-0.012122920397465674,0.5402306368530598,0.5249849488260084,0.9542444310656231
industry_id,108,5,913,0.0022267677166056456,0.001374650554013378,1.6099621716530674e-05,-0.009861143628588347,-0.004160568741247372,-0.00010157175043131519,3.0162279611135888e-05,-0.00011767137214784586,0.002226207807114242,0.5413450937155457,0.5,0.0,0.5072972152592825,0.45865490628445427,0.0
industry_id,108,15,911,0.004113679722789766,0.002627136125379211,0.0004283047375381784,0.07060904392168221,0.060811701339583815,-0.00012675761162448044,5.808343333986761e-05,-0.0005550623491626588,0.004095012978156072,0.5697036223929748,0.5,0.0,0.5308825842475718,0.43029637760702527,0.0
industry_id,108,30,908,0.006097785928832442,0.0039761013395332055,0.0009927763514866808,0.0739887935280003,0.0867457803581134,-0.00015423076997789562,7.206933123539694e-05,-0.0011470071214645765,0.006021329563140299,0.579295154185022,0.5007166603627098,0.010684488189205577,0.5504548802579977,0.42070484581497797,0.004405286343612335
industry_id,108,60,903,0.009356929953433596,0.006266312506784578,0.0023078494555193174,0.055543662186625035,0.07809222941434718,-0.00014250890062018353,0.00014296678167318328,-0.002450358356139501,0.009074670882546106,0.6124031007751938,0.5377968541174052,0.1055175673849266,0.5552071553408039,0.39313399778516056,0.14285714285714285
industry_id,108,120,893,0.013399814228956275,0.009663388642800422,0.005426305361284162,0.01084853351952887,0.04722940494681624,2.6637529528022965e-05,0.0005810418452087975,-0.005399667831756139,0.012244467595475319,0.49832026875699886,0.5276462994836488,0.053580463102712576,0.5416887329537932,0.3493840985442329,0.5890257558790594
industry_id,108,240,885,0.020824531863422858,0.01544171308875138,0.011392732048369327,-0.0035363399365069643,0.0060352083469613245,0.0001889789617083714,0.001243238694255395,-0.011203753086660957,0.01738298858729646,0.4248587570621469,0.49461351441985246,-0.009578949138272862,0.4928808964900514,0.24067796610169492,0.6372881355932203
industry_id,108,480,838,0.03566141848847134,0.02593970564154415,0.022799054572828395,-0.07584351857082425,-0.03970919134955838,0.0013876687331755284,0.0024330105897453296,-0.021411385839652866,0.02712946813199495,0.30668257756563244,0.44522138417487256,-0.10471757962024573,0.4985508764578532,0.2052505966587112,0.7673031026252983
industry_id,109,5,1342,0.0045739556715673245,0.0028325417386753865,-0.00011248843944288952,0.019454284562142307,0.03428177312499706,-0.00015649234953903486,3.422098073503288e-05,-4.400391009614535e-05,0.004573109971163857,0.5480984340044742,0.5,0.0,0.5230226083832873,0.4519015659955257,0.0
industry_id,109,15,1337,0.008581701879156543,0.005317912551772481,-0.00020374052701197624,0.046175810884937885,0.04792382050684346,-0.000316422200031767,0.00016004917806400348,-0.00011268167301979074,0.008585183579420877,0.56245325355273,0.5,0.0,0.5169576286597564,0.43754674644727,0.0
industry_id,109,30,1328,0.012094256563475172,0.007974451939981834,-0.0001252053329517957,0.08180077689469246,0.08210041554831861,-0.0004444568966862855,0.00023278126751736847,-0.0003192515637344898,0.01211042460840912,0.5670180722891566,0.5003766208560153,0.004117055778014602,0.5345393672769619,0.4322289156626506,0.008283132530120483
industry_id,109,60,1310,0.01665442252130998,0.011904426806836628,0.00039732182475058175,0.10372216370354113,0.12206934823525845,-0.0006093723032061892,0.0004223042308592005,-0.0010066941279567709,0.01668818582567843,0.5648854961832062,0.5200094161958568,0.09524145810581537,0.5561629001883239,0.45038167938931295,0.04580152671755725
industry_id,109,120,1280,0.022796149615469476,0.01712375459626294,0.0015524679650081197,0.10567830201624154,0.15433259092718452,-0.0013291073560594668,0.001227542535821202,-0.0028815753210675865,0.022840168206371594,0.60078125,0.5449400223836314,0.1282525380213483,0.585886544533161,0.42109375,0.1390625
industry_id,109,240,1233,0.03026551273559672,0.023696019285588888,0.004443620365401202,0.10861912276249136,0.16449273194386646,-0.0028532724215238167,0.0027276563316545395,-0.007296892786925019,0.030110754828207496,0.6472019464720195,0.5664868014389218,0.17231513598828166,0.6450814319411371,0.3722627737226277,0.16707218167072183
industry_id,109,480,1139,0.05043318396123941,0.03953763789536324,0.004204463237390522,0.16741933196211953,0.23201013828523104,-0.0036395807333819605,0.004862836268744242,-0.007844043970772482,0.050842566404778695,0.6198419666374012,0.5851956969845059,0.20631661338504817,0.658484170692129,0.437225636523266,0.21334503950834066
industry_id,11,5,9941,0.004129175650615607,0.00257204327191131,-0.00015792820612692623,0.012965740361059136,0.016749187067417938,-0.0001513287107646669,3.7095682479734805e-05,6.599495362259322e-06,0.004126468658017975,0.5195733118647479,0.5,0.0,0.5063032488994514,0.4804266881352521,0.0
industry_id,11,15,9899,0.007204731386526042,0.004546232318227371,-0.0002196661279186695,0.03314381819615173,0.02562867689794987,-0.0002579595739142405,0.00013493744218904264,-3.829344599557103e-05,0.007204591301678586,0.5234485546796038,0.5004798363691645,0.011929131371780591,0.513938841132517,0.47695573074590664,0.0016171417020416413
industry_id,11,30,9842,0.010257321963883697,0.006613022772202119,-0.0002501080013815984,0.05507936814944701,0.040686411624159584,-0.0003264937302467624,0.0002040217303408491,-7.638572886516395e-05,0.010263485983833504,0.5205855443732845,0.5004169868285823,0.007963630044822489,0.5148677479754961,0.4797194266544678,0.0027447392497712718
industry_id,11,60,9729,0.01419539617220289,0.00976495704955423,-0.00022636983847719328,0.08055855783248472,0.05776152328129056,-0.00045505004023602954,0.00037204706623992557,-0.00022868020175883627,0.014218717413189287,0.5279062596361394,0.5084528146767738,0.04479901108774132,0.5210970368570381,0.47898036797204235,0.03689998972145133
industry_id,11,120,9531,0.019928362321104984,0.014343635973782316,0.00013357738875598252,0.09779660898367279,0.05697765409058525,-0.0006689183778117694,0.0010935727466937434,-0.000802495766567752,0.02000512145019333,0.5216661420627426,0.5152242209775295,0.034225525096996084,0.5283668181157153,0.4858881544433952,0.27132514951211834
industry_id,11,240,9326,0.027120407512412188,0.02001280372517052,0.0009259528478758953,0.14826805191157996,0.07680342345450276,-0.0013669018999399503,0.0023351718646385366,-0.0022928547478158457,0.027352267069668135,0.5334548573879476,0.5219062310681047,0.04828122358554807,0.5386552368473653,0.4725498606047609,0.28844091786403603
industry_id,11,480,8673,0.03753756440825215,0.02776942717850452,0.0032083843959526425,0.1912770730965625,0.08548250503131245,-0.0005893945021101783,0.004423081455361597,-0.003797778898062821,0.03799340457891762,0.5268073331027326,0.5264253136389394,0.05277304063925413,0.5452668562358248,0.47169376225066295,0.4917560244436758
industry_id,110,5,916,0.001759079511615523,0.001171609611853751,-0.00014137072441831568,0.08988997784378185,0.07268468046168368,-0.00014026631240629517,1.7792040784578424e-05,1.1044120120205229e-06,0.0017548993710934046,0.5180327868852459,0.5,0.0,0.529198599270932,0.4819672131147541,0.0
industry_id,110,15,914,0.0033839542489136334,0.0020581624920173384,-0.0001790385460517865,0.07394552257082908,0.06122168629361577,-0.00015357271627728324,6.492965692730048e-05,2.5465829774503287e-05,0.0033833954546323777,0.5,0.5,0.0,0.5286546739510364,0.5,0.0
industry_id,110,30,911,0.004983450540244278,0.003049746915835238,-0.0001960522045719744,0.0958206040592121,0.10073972991365586,-0.00014308874264541444,9.023887938329025e-05,5.2963461926559965e-05,0.004987429178521109,0.5049396267837541,0.5075575734790866,0.0503604454992653,0.5483217174200141,0.5027442371020856,0.02305159165751921
industry_id,110,60,906,0.0069415154649751475,0.00467264639409851,-0.00018887744545582904,0.13758221972368823,0.13662862515609805,-7.971387610166328e-05,0.00019977751660513724,0.00010916356935416578,0.006963609151718579,0.5684326710816777,0.5644722405091069,0.13523184790440465,0.5542096408455855,0.4867549668874172,0.3487858719646799
industry_id,110,120,895,0.009228675706378664,0.0069226325003092426,0.00015289445268662952,0.1695180769029691,0.15053311860020174,0.00021220875566424645,0.0007967456221585685,5.931430297761693e-05,0.00932900192779494,0.524022346368715,0.5325706426606651,0.07227519184376745,0.5656664166041511,0.48044692737430167,0.71731843575419
industry_id,110,240,889,0.011727961782692743,0.009125979364390333,0.0005302345432260466,0.17542801328023586,0.1749447234410126,0.0002348518718758973,0.0016788551902295926,-0.00029538267135014926,0.011893316665956884,0.5489313835770528,0.5649884099704888,0.13718211264581884,0.5886943601997365,0.453318335208099,0.6659167604049494
industry_id,110,480,842,0.012882684543147237,0.010232355065141906,0.004498646998125815,0.23520288186316468,0.2309315378354934,0.0025356372092068505,0.003325299524129729,-0.001963009788918965,0.01241310584672204,0.5391923990498813,0.55839829586657,0.1445491901459025,0.6178475117839014,0.4679334916864608,0.7957244655581948
industry_id,111,5,1836,0.003103062146854142,0.001982196105628025,-0.00013738671158765995,0.04123782836785208,0.03422534360541871,-0.00014564119914318915,2.2601624789346266e-05,-8.254487555529196e-06,0.0031008690757968753,0.5193460490463215,0.5,0.0,0.516873555998125,0.48065395095367847,0.0
industry_id,111,15,1832,0.0058638222025313895,0.003539189934429405,-0.00018731820483547016,0.0691018775913672,0.04290950863487287,-0.00017256716428442522,8.296314459467702e-05,1.4751040551044947e-05,0.005865978014509979,0.5207423580786026,0.5,0.0,0.5149383007884318,0.47925764192139736,0.0
industry_id,111,30,1827,0.0085618674188126,0.005292424810711782,-0.00018963995679610837,0.08809619742295768,0.05710067577906616,-0.00020351214871204548,0.00012990252184109764,-1.3872191915937112e-05,0.008570232774245175,0.5194307608100711,0.494955096332006,-0.029747622775114762,0.5297479290481192,0.47400109469074986,0.029556650246305417
industry_id,111,60,1814,0.012074616832637827,0.008032754227987151,-0.00012709881351900874,0.13833658703602547,0.11478085417827034,-0.00017872077420026848,0.0002685807713142049,-5.162196068125975e-05,0.012108172001309722,0.5407938257993384,0.524664491714701,0.06155845863105328,0.5400202133988745,0.4729878721058434,0.20011025358324144
industry_id,111,120,1798,0.016544652241994848,0.012309138777370034,9.567987207891129e-05,0.17273806270421874,0.1585769081883972,-1.5051468687020118e-05,0.0009698259406579276,-0.0001107313407659314,0.016684301136487795,0.5339265850945495,0.5354027811299036,0.07177363888764451,0.5523767088106245,0.4911012235817575,0.582313681868743
industry_id,111,240,1782,0.02126787163701755,0.01606995621495699,0.00013231044543222763,0.2456784677401202,0.2326986239693221,-0.00010032380436412263,0.0019731605400417707,-0.00023263424979635025,0.02166603994641949,0.5673400673400674,0.568015873015873,0.13723361058441216,0.5988863693625598,0.494949494949495,0.5662177328843996
industry_id,111,480,1689,0.02997216029341091,0.023402440426277496,0.002812154031802441,0.2857462360527994,0.24693702482104407,0.0018504456449242154,0.00376177858426601,-0.0009617083868782257,0.03069630236591035,0.6092362344582594,0.593473410818211,0.21312029568176377,0.6256415601390446,0.5334517465956187,0.7418590882178804
industry_id,112,5,3146,0.004226762928602412,0.00246488016797678,-0.00014717594422931977,0.02074731126857407,0.045274785928982646,-0.000146548762772351,6.481101020037363e-05,6.271814569687802e-07,0.004225047465373941,0.5294304804327076,0.5,0.0,0.5122114246892391,0.47056951956729237,0.0
industry_id,112,15,3127,0.0075760202973062475,0.004283602408188284,1.4421219508328145e-05,0.05736328694932704,0.07194052674487426,-0.00027482666982157867,0.00021040258152808762,-0.0002892478893299068,0.007585163335098761,0.5352112676056338,0.5000821977071166,0.0006880503116905133,0.521818444011825,0.4638284250960307,0.01440460947503201
industry_id,112,30,3105,0.011055333008840509,0.006380357336458028,0.00033062450481630417,0.08976658450757745,0.10964146430753864,-0.0003597664071898233,0.00033881780057181944,-0.0006903909120061274,0.0110756489150561,0.5378665807283274,0.4987818374366765,-0.007854211291789905,0.5469282227248696,0.4589107315501128,0.024492426683854335
industry_id,112,60,3060,0.01586788354770431,0.009554704330161453,0.0009430284724024763,0.1297060082947277,0.16166926946037932,-0.000524061166314603,0.0006150348161479536,-0.0014670896387170794,0.015907866508381403,0.56282722513089,0.5194541030941067,0.06288843411719779,0.5618014823371373,0.44469895287958117,0.10569371727748691
industry_id,112,120,2986,0.021434744765358327,0.014103502324809133,0.002057959299822707,0.19192225652406278,0.2200638879147338,-0.0008316677768121499,0.0016365593934332624,-0.002889627076634857,0.021589275224295032,0.5850636302746148,0.5670062638975686,0.1417161894202994,0.5939146362288721,0.4447421299397187,0.32920294708640324
industry_id,112,240,2867,0.02763550292321017,0.02020961290922498,0.00465920960194828,0.2868997901214699,0.2720047245265942,-0.0017350558578506123,0.0034423768875304476,-0.006394265459798892,0.02802718482171027,0.6069061737007325,0.5913797464118976,0.19149588228738895,0.6284271987214309,0.44750610394140217,0.3425183118242065
industry_id,112,480,2617,0.04435404271340822,0.030685818496791615,0.014796661250874914,0.35318914691378217,0.30541658662570875,-0.0015199677112767097,0.006191078044709692,-0.016316628962151625,0.043596666096100474,0.588460068781047,0.5909399284955601,0.17561087170500242,0.6384119418183095,0.36912495223538405,0.4856706152082537
industry_id,113,5,5441,0.003103280830456753,0.0018248665799697542,-0.0002102510037520381,0.03963551249496627,0.05196533852956112,-0.00012681451155224053,2.9619848026792115e-05,8.343649219979755e-05,0.0030971827948362268,0.5139273196827153,0.5,0.0,0.5286556120259742,0.4860726803172846,0.0
industry_id,113,15,5427,0.005785479468002012,0.003317108327408213,-0.000366040900200007,0.04300397648381145,0.0809609406325947,-0.00018791219962300293,0.00011506868087885456,0.0001781287005770041,0.005777692162261831,0.5041612724246347,0.5011390628078548,0.01646560840705461,0.5439661824908602,0.49694840022193454,0.004808581468466802
industry_id,113,30,5407,0.00819539880698629,0.004886407010044169,-0.0005503073203190806,0.05710141296848495,0.09736268285658349,-0.0002357563637238356,0.0001635372715050037,0.00031455095659524505,0.008184609839120225,0.5058430717863105,0.5043102831295984,0.03680017240360914,0.5493626996518411,0.4984232980894083,0.013912075681691708
industry_id,113,60,5372,0.011731474944080925,0.007139748208445567,-0.0007536230071993572,0.08401332788323859,0.13059196097674614,-0.0002622888855617396,0.00029914063926664633,0.0004913341216376176,0.011728580147655297,0.5323633650438351,0.5325637383477256,0.09330582377120318,0.5643832259023492,0.5002797985450476,0.14195112852079836
industry_id,113,120,5310,0.016378243224756412,0.010425186827483779,-0.0011540265920140485,0.12090403834790844,0.1799731231237695,-0.00037132832366931946,0.0009478196162963185,0.000782698268344729,0.016425016544064672,0.5537330316742082,0.5524863886015676,0.10638113704625839,0.5763289308579501,0.49226998491704377,0.41855203619909503
industry_id,113,240,5282,0.022246409690604197,0.014917268867023752,-0.002499986144482124,0.15485237912888775,0.2174150111690278,-0.0007907150266577434,0.002044402658631734,0.0017092711178243805,0.022329609813203817,0.588335542510888,0.5876921355663804,0.17712905775786308,0.6193612980589933,0.49536072713501234,0.4298428327968188
industry_id,113,480,5001,0.029805068887290575,0.021381151579948115,-0.002993311450015386,0.17932360161227956,0.2186275326293942,0.00046551307857975547,0.0038578789805248075,0.0034588245285951413,0.030102310059235717,0.5988,0.591745238726431,0.19215021411273125,0.6213375204218394,0.5242,0.6502
industry_id,114,5,6540,0.003709125217333218,0.0020555110772219757,-0.00016547051895046596,0.0176685736650708,0.04591559746290111,-0.00013749466420908527,3.387118189264956e-05,2.7975854741380693e-05,0.003705876108550716,0.5262028807845541,0.5,0.0,0.5192677893464713,0.4737971192154459,0.0
industry_id,114,15,6518,0.0065377638351755245,0.003697132009198504,-0.00014194400149274765,0.060198171111938856,0.08982773596569862,-0.00022460152811310636,0.00014557910719497318,-8.265752662035871e-05,0.006543370806016608,0.5363343063450607,0.5005851622738688,0.014209661069362844,0.5338603115348524,0.46412659394684286,0.0016899677369795667
industry_id,114,30,6489,0.00918949498606699,0.005418372496690937,-0.00010068606098042487,0.07750008690600164,0.12912895756250567,-0.00028702808410661744,0.0002227153161446763,-0.0001863420231261926,0.009203520643580841,0.5471232454110752,0.5014558383384426,0.017086692025861668,0.5541607284692305,0.4536480024679932,0.007249730063242326
industry_id,114,60,6430,0.012639157955302618,0.00801243292552125,0.00019757715387374303,0.12054159037734823,0.16850223395591352,-0.0003615547166279087,0.00040606476822554793,-0.0005591318705016517,0.012680130708337496,0.5671386338882838,0.5306464788680109,0.09875233770576025,0.571005761662291,0.45324412634199474,0.10689279601680411
industry_id,114,120,6344,0.01720980675170744,0.011854100277822867,0.0007992842995757507,0.16756128001482687,0.2231894622432937,-0.0005691899464864323,0.0012373817306513585,-0.001368474246062183,0.01735523708658506,0.5846469104665826,0.5742765277190318,0.15113757730120506,0.5979092419020478,0.44703656998738966,0.3942307692307692
industry_id,114,240,6243,0.023270397154940947,0.016886399601277975,0.0015098409402494546,0.2435365044523633,0.31035155355496524,-0.0011464542151250789,0.0025559154842655922,-0.0026562951553745335,0.023711125097855525,0.619352771547581,0.6116491645710538,0.22639249275379594,0.6601489376153415,0.45402114706824737,0.40595962832425503
industry_id,114,480,5904,0.03640999738858097,0.02633816561825166,0.003969815726586905,0.2736082981742695,0.33278761033404985,-0.00013647686218949182,0.004770155402313151,-0.004106292588776397,0.0372060944458879,0.625,0.6338985136366339,0.27722043237123456,0.6846150239155511,0.4684959349593496,0.6327913279132791
industry_id,115,5,3167,0.003543500646479655,0.0021889043127690526,-0.00021384295210855641,0.032882705841576425,0.049646046860707616,-0.00013549410013800233,3.4153254265864165e-05,7.834885197055409e-05,0.003538000606532303,0.520543615676359,0.4996966019417476,-0.017053809249960465,0.5165241869892666,0.47914032869785084,0.0003160556257901391
industry_id,115,15,3151,0.006451087292416358,0.0038571037260598526,-0.0002817911415532634,0.06738212453605794,0.06623323612642036,-0.00023046364421737598,0.0001261411786951634,5.1327497335887396e-05,0.006452200588974936,0.5427662957074721,0.5022070565548826,0.025815232074174705,0.5262902557262135,0.4588235294117647,0.007313195548489666
industry_id,115,30,3126,0.009510483417009214,0.005772050399626897,-0.00039979696411194436,0.08988716885617916,0.079950180478823,-0.00029409752219526744,0.00017337201914608528,0.00010569944191667694,0.009516091391365469,0.5361947469570788,0.502063190892592,0.014750780054735171,0.5292690975086619,0.464445868033312,0.01985906470211403
industry_id,115,60,3080,0.013776119668004128,0.008723041975079546,-0.0005191503994453413,0.1128324329622408,0.10130192470536328,-0.00039348739596966703,0.0003416099246846305,0.00012566300347567426,0.013800693650709525,0.5536062378167641,0.5192829171173047,0.07414324452631779,0.5275214659530119,0.45971410006497726,0.07244964262508122
industry_id,115,120,3000,0.019301181314967896,0.013094414374314814,-0.000655077814338559,0.12262752352250599,0.11692408434998566,-0.0006887077051699938,0.0010340613909567181,-3.362989083143475e-05,0.01938954743215817,0.5593729152768512,0.5414015557939914,0.09808382937319048,0.5470216380543633,0.46631087391594395,0.2304869913275517
industry_id,115,240,2924,0.026153169599749303,0.019212681929820227,-0.0017517689253203092,0.18370687066870808,0.17906114819296873,-0.0014337000215358245,0.002207664614096333,0.0003180689037844848,0.026409606769690137,0.5713308244953814,0.5615582449554992,0.13998116980468328,0.5817203030311557,0.4793020868970236,0.2613752993499829
industry_id,115,480,2644,0.038750849220422184,0.029095166370091134,-0.0020907847762006732,0.24980800208115148,0.24378846594341266,-0.0007057065938394404,0.004138909466627006,0.001385078182361233,0.039520233898562344,0.5669440242057489,0.5667055382888345,0.13329660639575147,0.615764334770666,0.5223146747352496,0.5083207261724659
industry_id,116,5,5752,0.004471182095187219,0.002457290041553767,-0.0002215333345544559,0.021465854511931084,0.052466449973023,-0.00014847110373472113,4.3125820487895844e-05,7.306223081973478e-05,0.004466408162359134,0.5176491045035646,0.5,0.0,0.5251121976004934,0.4823508954964354,0.0
industry_id,116,15,5727,0.007693847414191361,0.004370515042886184,-0.000282286536160534,0.07025739941596117,0.09910877771283826,-0.0002821709236231207,0.00017070386016254045,1.1561253741336284e-07,0.007698774484536725,0.5182532751091703,0.5,0.0,0.5483734177230659,0.4817467248908297,0.0
industry_id,116,30,5694,0.010999679208951046,0.006425270486496844,-0.0003323589794673589,0.1089198291593718,0.12864415611264213,-0.0003575285928032152,0.00026510313869516395,-2.516961333585633e-05,0.01102037326221563,0.5174776040751801,0.5006766132270719,0.01022697117871947,0.5575342414975443,0.48304935886176004,0.004391357807834183
industry_id,116,60,5634,0.01529872407903321,0.009432831421000015,-0.00036696124985974554,0.17318489057063355,0.18873018011726145,-0.0005353511394427036,0.0004796178726350548,-0.00016838988958295807,0.015370088570403725,0.5277827090360376,0.5164004576197215,0.09372595111515747,0.5905692244430485,0.48783951713119117,0.031599502929167404
industry_id,116,120,5538,0.021413138190938687,0.014180308586306284,-0.00012234818677225957,0.24411682248451747,0.2556507502939603,-0.0009354600949371745,0.00143551678638632,-0.000813111908164915,0.021717923436320816,0.5577825929938606,0.5598389024865051,0.13586619528326477,0.624945593231061,0.5043336944745396,0.26327193932827736
industry_id,116,240,5464,0.02969934146764095,0.02075802974455713,-0.0005259357789788529,0.3359356429397568,0.34849610906322126,-0.0018840043608758512,0.003044448891065479,-0.0013580685818969983,0.030578645259087645,0.604429800475929,0.6003793125178494,0.2208967542253335,0.6689465865225396,0.490206846055281,0.2912319238513637
industry_id,116,480,5159,0.047607199183725545,0.032430223558482164,-0.0013128776551246792,0.40775156001592544,0.4473562447664903,-0.0017062306852738119,0.005350241751317756,-0.00039335303014913263,0.04951924917697587,0.6786198875751115,0.6777064859640294,0.35625175207634474,0.7280064971847438,0.48575305291723203,0.46288040317891066
industry_id,117,5,2130,0.005306318512525578,0.003422662428176127,-0.000273941038644615,0.006775284172110459,0.013282114300455936,-0.00017392682161293115,3.6962567001506926e-05,0.00010001421703168382,0.005299364159215496,0.5216368767638758,0.5,0.0,0.5050755727918443,0.4783631232361242,0.0
industry_id,117,15,2120,0.009904007389092518,0.006373762862198818,-0.00046543399654981794,0.017914650089963898,0.05196082428432355,-0.0003516047195348019,0.0001885916228413009,0.00011382927701501605,0.009894646326705524,0.5385342789598109,0.5,0.0,0.5118421573425064,0.4614657210401891,0.0
industry_id,117,30,2105,0.014066015322183824,0.009194265867713587,-0.000697114026672132,0.03440411410319969,0.05408557659724385,-0.0004728656147264891,0.00031446070772308345,0.00022424841194564288,0.01405603325044226,0.5425178147268409,0.5,0.0,0.518656580701362,0.45748218527315915,0.0
industry_id,117,60,2075,0.020234125716284516,0.013861721395300243,-0.0010918115471604433,0.05413779442608508,0.07250431871711145,-0.000685449132516262,0.0005744895375253136,0.0004063624146441813,0.02022760426720424,0.5397590361445783,0.5083105194109623,0.05516328527204696,0.5217418079823535,0.4669879518072289,0.02313253012048193
industry_id,117,120,2042,0.027525409430082356,0.020711689689371364,-0.001964955299102807,0.09573773537820258,0.10816224363609296,-0.0013327864180431891,0.0016392806597969945,0.0006321688810596179,0.02756359175041798,0.5406862745098039,0.5282073273210837,0.07459622748615624,0.5419533939948733,0.4808823529411765,0.17254901960784313
industry_id,117,240,2006,0.03911336727235984,0.03144203008139459,-0.003993976914815924,0.1352108650030512,0.14809833155391375,-0.0026928804940051943,0.003393358282649315,0.0013010964208107294,0.03922219443431728,0.5249252243270189,0.5413726076555023,0.10511822169126675,0.5858253588516746,0.5264207377866401,0.1909272183449651
industry_id,117,480,1865,0.0559599492087931,0.04399904815629475,-0.011719432999658682,0.09216698769070991,0.12294559436138151,-0.002867903940981359,0.005539832352096365,0.008851529058677324,0.054950848338217444,0.5324396782841823,0.5647341065475936,0.13509755912271268,0.5936559339201393,0.5903485254691689,0.3329758713136729
industry_id,118,5,2233,0.00451392758790853,0.00270118306901693,-0.00013923031104179893,0.025086819775104095,0.0400647051088042,-0.00015159417056039644,4.545533444923098e-05,-1.2363859518597496e-05,0.004512691316117118,0.5197132616487455,0.5,0.0,0.512606552367473,0.48028673835125446,0.0
industry_id,118,15,2220,0.008157381986087385,0.0048856889785863665,-0.00014339446710204693,0.07642421791559775,0.06669350994961837,-0.00029534618492156416,0.00013962803796223092,-0.00015195171781951726,0.008165604241943377,0.5286164939161785,0.49841083988212986,-0.02646551680520984,0.5254290080020613,0.46958089229382605,0.003605227579990987
industry_id,118,30,2199,0.012070137381336431,0.007236528771641197,-5.0508162952471325e-05,0.1109547367272787,0.07794856042527412,-0.00038382673333314294,0.00021780661354205746,-0.0003333185703806716,0.012092257230190827,0.5300272975432211,0.4961872673197313,-0.03660055846039736,0.5273255547929535,0.4654231119199272,0.01091901728844404
industry_id,118,60,2158,0.016995826818655177,0.010494358919810116,0.0005235242798019847,0.1555247625190719,0.11527847049618885,-0.0005079320803010815,0.0003918662447300862,-0.0010314563601030663,0.017044295772657484,0.5417052826691381,0.4936573730105971,-0.02796014373240518,0.5342374987508527,0.4462465245597776,0.05375347544022243
industry_id,118,120,2111,0.022980515672134418,0.015529056451356665,0.0014895613381799202,0.2178199640902575,0.1872685768874983,-0.0009597826916236944,0.0011929798533045685,-0.0024493440298036144,0.023162466714325394,0.5585030791094268,0.5271043926916765,0.0673938165446067,0.5604766676833254,0.4471814306016106,0.19990525817148272
industry_id,118,240,2065,0.030803648641253945,0.021581572132550634,0.0018548071745798822,0.25944713263145636,0.23380346747155897,-0.0017687546642616697,0.0024741859214848175,-0.003623561838841552,0.03129669047696716,0.5820823244552058,0.555860084278324,0.12433214003672234,0.5966122131244266,0.44019370460048424,0.27409200968523
industry_id,118,480,1988,0.05153178994994207,0.03604208173645283,0.0025268299168912612,0.28908253328757494,0.2824148686371114,-0.001606040764596525,0.004514864393458106,-0.004132870681487786,0.05259317844032513,0.6006036217303823,0.5920554226475279,0.1834956970464926,0.6326489608253588,0.42052313883299797,0.43158953722334004
industry_id,119,5,4177,0.0032048974898172284,0.0019187950461518938,-0.0001477565830111226,0.00022763408523575118,0.02639850550206516,-0.00016731122862015865,3.097270340267451e-05,-1.955464560903606e-05,0.0032013468643501907,0.5290878621019871,0.5,0.0,0.5046020652991555,0.47091213789801295,0.0
industry_id,119,15,4158,0.006103377738353383,0.0035213291011852773,-0.0001408756881162737,0.026705354636733118,0.03586431083640318,-0.00024490142900716167,0.00015674581635360455,-0.00010402574089088798,0.006103925465804282,0.544973544973545,0.5,0.0,0.507281320149503,0.455026455026455,0.0
industry_id,119,30,4139,0.008904267713616573,0.005088953570084228,-0.00013233436995751225,0.05399405282113942,0.07684810095967866,-0.0002717545773573202,0.00025370461188180114,-0.0001394202073998079,0.008913377902427709,0.5523073206088427,0.5026148148847485,0.018444032492229936,0.5242469588040086,0.44817588789562696,0.020294757187726505
industry_id,119,60,4117,0.012881342258576872,0.00746811018982226,0.00017408101483679106,0.10396801114751665,0.10259728123947805,-0.00029909131914993193,0.0004879503823113584,-0.000473172333986723,0.012921751091896146,0.559145008501336,0.5279836616816956,0.06269198747583662,0.5414844846563197,0.4321107602623269,0.26669905270828276
industry_id,119,120,4085,0.01818625010907074,0.011647022676093452,0.0005432809505431202,0.09546353255958105,0.07099885306162035,-0.0003314596815137341,0.0014388160186378698,-0.0008747406320568543,0.018258977277642276,0.5277845777233782,0.5283048539385699,0.055912960493184616,0.5260341851023878,0.4217870257037944,0.4988984088127295
industry_id,119,240,4066,0.02365148148973403,0.016435826859549894,0.00024569521720237716,0.0007618619670994407,0.00825105216805061,-0.0008158681908083197,0.0028462259281753213,-0.0010615634080106968,0.023480482109812392,0.5199212985735366,0.5169519898439443,0.03378552046048019,0.5129080807016111,0.4483521888834235,0.4695031972454501
industry_id,119,480,3891,0.03267140369407853,0.02359572411894794,0.004047442347629477,-0.06335768369618601,-0.0031009772189427493,-0.00012134405668162861,0.0050515505529242005,-0.004168786404311105,0.031705296380329574,0.4746851709072218,0.4881647314002862,-0.02342720452019652,0.5004287702204294,0.4004112053456695,0.5700334104343356
industry_id,12,5,1936,0.003913972015876654,0.002292642954986687,-0.0002069279633220571,0.0431858482737747,0.06262803792307281,-0.00012853725210454497,4.032147949946726e-05,7.839071121751214e-05,0.0039100318604282,0.5139896373056995,0.5,0.0,0.5278464388885068,0.48601036269430054,0.0
industry_id,12,15,1926,0.007251444094209068,0.00423220257040785,-0.0005785478922648884,0.05344819107186636,0.07982945827316236,-0.00020969056471130425,0.00017157117064129108,0.0003688573275535841,0.007235467368051224,0.5080687142113482,0.49948822927328557,-0.02243303846121886,0.5291096707319188,0.491410723581468,0.0005205622071837585
industry_id,12,30,1911,0.010053467724418492,0.006247332231100973,-0.0010276106218995275,0.06816411001349146,0.08459508091161932,-0.0002876629545685968,0.0002482876108802871,0.0007399476673309308,0.01001466751887075,0.48951781970649894,0.5041857549042793,0.019428665323299652,0.5409919100703401,0.5162473794549266,0.04874213836477988
industry_id,12,60,1883,0.013870985093373108,0.009215352829613525,-0.0017497753108692178,0.07665473162262015,0.08411634235269813,-0.00033028970344661795,0.0004601706616281974,0.0014194856074226,0.013787801337528355,0.4920212765957447,0.5121772400529238,0.030655435182344513,0.5419690232291681,0.5329787234042553,0.1952127659574468
industry_id,12,120,1829,0.018072484044548753,0.012750432928737399,-0.003028984269285268,0.12438638767630072,0.08881878518297984,-0.0005526833798785471,0.0012470954685246988,0.002476300889406721,0.017928943728085296,0.5008210180623974,0.5126587551710897,0.026193089931740653,0.5388583393104248,0.5435139573070608,0.36507936507936506
industry_id,12,240,1756,0.02603908167111146,0.018922441941542092,-0.006394221488689211,0.18421543428957718,0.10672893054816289,-0.0010892548699781579,0.0026095318366752174,0.005304966618711053,0.025591851764273067,0.4826210826210826,0.4960668992472572,-0.00790743701517346,0.5242980733718251,0.5749287749287749,0.4096866096866097
industry_id,12,480,1616,0.03536704693380556,0.025866963409112483,-0.015019331841449683,0.13639267060461344,0.09884530299016002,0.00027236109711131827,0.0045086967812951115,0.015291692938561,0.03232137999805354,0.5860148514851485,0.5595806906272023,0.11315516395842805,0.5745710007047217,0.6806930693069307,0.5946782178217822
industry_id,120,5,2688,0.0037520647928355752,0.0023295595597511314,-0.0001365278330610884,-0.017518995773720354,0.01338161405716497,-0.00015081752591159092,3.168504562103715e-05,-1.42896928505025e-05,0.003748891099118171,0.5234375,0.5,0.0,0.5065355723889752,0.4765625,0.0
industry_id,120,15,2677,0.00714987687739543,0.0041721044628507155,-0.00019183884578338997,0.005239410501521158,0.029214156278470977,-0.0002766155189604966,0.00013810178266558302,-8.477667317710663e-05,0.007146692060549904,0.5420246544639522,0.5,0.0,0.5021321853747711,0.4579753455360478,0.0
industry_id,120,30,2660,0.010254165881580313,0.006043881667333204,-0.00016514081986029931,0.012244157835679823,0.03490182464757707,-0.0003494539571594695,0.00020877774813301186,-0.0001843131372991702,0.010253266762258255,0.543233082706767,0.5,0.0,0.503125863271961,0.4567669172932331,0.0
industry_id,120,60,2624,0.01374588395598257,0.008703387259526092,0.00011166444561842204,0.0279453798338103,0.04566268069114435,-0.0005125719374008463,0.0003760995098344871,-0.0006242363830192683,0.013750798319489513,0.5613567073170732,0.5026234440445991,0.017006870282896193,0.5087257388944605,0.4382621951219512,0.024009146341463415
industry_id,120,120,2576,0.017998363161474133,0.012246369935102528,0.0003617301283751718,0.029476419757022268,0.057028276529462914,-0.0009031920415859616,0.0012077383671965259,-0.0012649221699611334,0.017989787704193468,0.5446428571428571,0.5113667582417583,0.026261324592704027,0.5180766777864992,0.43478260869565216,0.24340062111801242
industry_id,120,240,2537,0.029952728301781695,0.01954165435006358,-0.0004971109267589452,0.050155452786785355,0.09257851198753095,-0.001873626455203562,0.002519794588798377,-0.0013765155284446169,0.029969059283273942,0.5504731861198738,0.5118262689691261,0.026768653095130285,0.5429988130336563,0.42034700315457413,0.2555205047318612
industry_id,120,480,2396,0.044752176240190074,0.029639958530085744,-0.0012366271942517775,0.0374250899906691,0.07712172245874208,-0.0017439414633996552,0.004398292330791548,-0.0005073142691478775,0.044683255963596305,0.5262938230383973,0.5036203373109086,0.007204143773767317,0.5121474355209997,0.38731218697829717,0.39858096828046746
industry_id,121,5,1325,0.004346350254439022,0.002663496341233097,-0.0001882127181355621,-0.009841682793117314,0.054124716243889426,-0.00019224009850009715,4.2728168281930256e-05,-4.027380364535037e-06,0.004341642470426808,0.5426415094339623,0.5,0.0,0.520087718090307,0.4573584905660377,0.0
industry_id,121,15,1321,0.007606940532787317,0.004674468611361255,-0.00028375727726754664,0.034742355189914156,0.04827747757675871,-0.0003901177127873345,0.00022383588609199226,-0.00010636043551978788,0.007606130621328996,0.53444360333081,0.5,0.0,0.5053674658559617,0.46555639666919,0.0
industry_id,121,30,1315,0.011084597838118248,0.006939598900221133,-0.00025428503413249824,0.04974902917111685,0.07095331409143059,-0.0005269916312607048,0.00037768125339018193,-0.00027270659712820653,0.011094048110678979,0.5414448669201521,0.5,0.0,0.5326713809230998,0.4585551330798479,0.0
industry_id,121,60,1304,0.014889040115407039,0.009973100093225778,-0.00020335920185971887,0.07278959620616311,0.1112405072398725,-0.0008187767986331043,0.0007777800176934492,-0.0006154175967733855,0.014924042585349588,0.5743865030674846,0.5124381865991663,0.05976918679934971,0.5180748017057263,0.4317484662576687,0.04447852760736196
industry_id,121,120,1296,0.020124880411356776,0.014936540309856444,-8.459612825581531e-05,0.05861944796909603,0.09420010445217285,-0.0016657340800992205,0.002132576397916405,-0.0015811379518434051,0.020136791995739346,0.5455246913580247,0.50871013410649,0.020791436378221746,0.5272055329836027,0.43364197530864196,0.22145061728395063
industry_id,121,240,1261,0.02770630374595676,0.02127123158348496,0.0007072142616769481,0.040944159715943965,0.0701329218081437,-0.0035453766122243227,0.004255589445814429,-0.004252590873901271,0.02754319171170426,0.5495638382236321,0.5243782481936874,0.05944011585565936,0.5485714285714286,0.45598731165741474,0.21173671689135606
industry_id,121,480,1167,0.036666397191776647,0.028388939812305485,0.007820666925657933,0.09534625745545973,0.1294760965951769,-0.004801072869735156,0.007442317404854991,-0.012621739795393088,0.03575781092559126,0.6083976006855184,0.5589640006200108,0.12076036543183342,0.5928127179725645,0.3496143958868895,0.31790916880891174
industry_id,123,5,1148,0.004356337091413435,0.0026186760346175388,-6.891719442592148e-05,0.017233637809991927,0.06693666477850563,-0.00016892273307896893,4.2310428345893064e-05,-0.00010000553865304743,0.00435631564821226,0.5461672473867596,0.5,0.0,0.53665047280564,0.4538327526132404,0.0
industry_id,123,15,1145,0.008426396029711613,0.004705679631100253,1.3629595088080083e-05,0.025529001962563577,0.07382250748218341,-0.00028246635661738025,0.00016593192721190377,-0.00029609595170546033,0.008428988228550316,0.5681818181818182,0.5012497859955487,0.024215149120599543,0.5288851535384663,0.4326923076923077,0.0026223776223776225
industry_id,123,30,1138,0.012056710308470622,0.007100034341870566,0.00012645767140388918,0.042862376529600045,0.0628434533937839,-0.00036966324105522445,0.00028178022823863755,-0.0004961209124591137,0.012064837524556248,0.5439367311072056,0.49017232983018366,-0.03441834451229008,0.5034952950971614,0.4349736379613357,0.08787346221441125
industry_id,123,60,1126,0.016098874879214936,0.01041187319001268,0.000381649640179309,0.05360222865020894,0.061121644010545075,-0.0004464013500295854,0.0005939973794656339,-0.0008280509902088944,0.01611525640941904,0.544404973357016,0.49264246275653717,-0.01787914554881137,0.5020037894572351,0.41207815275310833,0.2069271758436945
industry_id,123,120,1103,0.020161413624461194,0.01478668217871417,0.0014478339218431135,0.08546914160359266,0.07313809092995449,-0.0003152089898762861,0.001697290373276792,-0.0017630429117193997,0.020183195249929713,0.5122393472348141,0.5068306825712392,0.013714636677945093,0.49703777335984095,0.45602901178603805,0.43789664551223934
industry_id,123,240,1079,0.027764759469820245,0.020936889409403345,0.0032664915599763256,0.11743956080687876,0.11203624504213089,-0.0007072683234731007,0.00335871245793364,-0.003973759883449426,0.027763891076654144,0.5338276181649676,0.5280440885931164,0.056311122702463856,0.5428044088593116,0.4531974050046339,0.4355885078776645
industry_id,123,480,1032,0.04297788090477746,0.03189687260724122,0.00260250560741073,0.0668122459751207,0.08461323114141481,0.0008994229756071875,0.005639729477797193,-0.0017030826318035423,0.042905154049093515,0.49709302325581395,0.5068981481481482,0.01370838858349026,0.5403915895061728,0.4186046511627907,0.5591085271317829
industry_id,124,5,7150,0.005624455142346177,0.0034787176257924197,-0.0002370240451772941,0.026329698925285715,0.04844639701656559,-0.0001970584916715735,3.872394462937157e-05,3.996555350572062e-05,0.005620344882571797,0.5300699300699301,0.5,0.0,0.5198884124890062,0.4699300699300699,0.0
industry_id,124,15,7091,0.009644763075327275,0.006055484768322943,-0.0005146710385106751,0.0463718843710136,0.07383067259680044,-0.00041573012886792046,0.00022521780931642916,9.894090964275459e-05,0.009638836917000657,0.5466083768156819,0.5001591321639567,0.003854728172039851,0.5340855397573616,0.45339162318431814,0.0016922859963333804
industry_id,124,30,7010,0.01338202956272955,0.00868543364849562,-0.0007867778707227619,0.08599669310586457,0.11545727703754369,-0.000577468345222062,0.00038924109466885703,0.0002093095255006999,0.013386724273700504,0.5640513552068473,0.5032058149133797,0.028409218639179955,0.5548611651475324,0.43751783166904423,0.012696148359486448
industry_id,124,60,6871,0.01807012277962712,0.012538577855741976,-0.0012540916999565655,0.1293598816060034,0.15750092621894762,-0.0008806836294068091,0.0007833146957134333,0.0003734080705497564,0.018111140073680226,0.5699315965652744,0.5233513297443446,0.08713388648486083,0.5783658778439991,0.4446223257167807,0.07684470964925047
industry_id,124,120,6707,0.024254327729193993,0.01815440688798583,-0.002427668124991999,0.16582084596314717,0.16697365639422776,-0.0015872314636243819,0.002259656383738674,0.0008404366613676172,0.02440412161328899,0.5407782913374086,0.5353751739593485,0.08298329655375278,0.5752015455382963,0.4896376919636201,0.2385567317727747
industry_id,124,240,6470,0.0328828800126892,0.02492863249370461,-0.0051936241285233595,0.2567812178443873,0.2587800554582934,-0.003184774256159495,0.0043092885325737304,0.002008849872363864,0.03330847813630419,0.5353941267387944,0.5543048308688865,0.1278919788128126,0.6276459865930405,0.5350850077279753,0.23431221020092735
industry_id,124,480,6021,0.0521942183253928,0.039182280997649775,-0.011145004936215055,0.24463749113971148,0.2550465187307695,-0.003648005997643136,0.00743598317285674,0.007496998938571919,0.0522972407196118,0.5510712506228201,0.5661408905539707,0.14012299386644614,0.6303379238192464,0.5429330675967448,0.3301777113436306
industry_id,125,5,878,0.004822957953495807,0.0027385074481653367,-0.0001942570291253478,0.06800314233392313,0.08685683821340041,-0.00015356397603445948,3.8000557984391245e-05,4.0693053090888326e-05,0.004821479286248174,0.5359179019384265,0.5,0.0,0.5391499817031732,0.4640820980615735,0.0
industry_id,125,15,874,0.007612212816187917,0.004839878142626528,-0.00036503933350897825,0.08718337134278878,0.07745740644417969,-0.0003221356788715023,0.00020464717709968,4.2903654637475995e-05,0.007618563382619718,0.5251716247139588,0.5,0.0,0.5210882746672967,0.4748283752860412,0.0
industry_id,125,30,868,0.010903906842094876,0.006938023496481716,-0.0005577597847575582,0.1416673446625283,0.1411343921628366,-0.00043450834698066296,0.0003180389824298219,0.00012325143777689522,0.010930135878808929,0.5397923875432526,0.5095022600258594,0.06477324563848817,0.5640046803372407,0.4682814302191465,0.02191464821222607
industry_id,125,60,857,0.0152477200324308,0.010118946734039793,-0.0009326426722540073,0.20086415620625217,0.25030082848060664,-0.0006921862258441102,0.0006053103547797324,0.000240456446409897,0.015329199238622134,0.5612602100350058,0.5090604323380942,0.03912890497097758,0.6247859849112458,0.441073512252042,0.056009334889148193
industry_id,125,120,838,0.020899727371511693,0.014933682438807406,-0.0017752434341583969,0.24015615056236128,0.2785022528173442,-0.0012989606762675542,0.001806106714868581,0.0004762827578908426,0.021184006200786396,0.5918854415274463,0.5684223826507463,0.16068918538786067,0.634998305736947,0.45465393794749404,0.2350835322195704
industry_id,125,240,812,0.02695083528008714,0.019709449880436217,-0.0032757427615597062,0.31616187036619253,0.30842959854594904,-0.0028311584609775147,0.0036859866792903805,0.00044458430058219123,0.027686843089863095,0.5640394088669951,0.5557762028821804,0.13050355424659196,0.634395476932233,0.4839901477832512,0.24014778325123154
industry_id,125,480,764,0.043164738487399164,0.029769161676047692,-0.005223209823665961,0.36734936027076587,0.41991556846766537,-0.002840843021882459,0.006524519148198621,0.0023823668017835023,0.04481243450415864,0.6492146596858639,0.6374459548268825,0.28412244701196987,0.7016983155200442,0.45157068062827227,0.36518324607329844
industry_id,126,5,14572,0.003925322013575593,0.0024057116410413338,-0.00019780938631420067,-0.0008428052033578775,0.02921698302623187,-0.00015189863524461277,4.0729592147954e-05,4.591075106958789e-05,0.0039200888161639155,0.5215869311551925,0.5,0.0,0.5122781295507621,0.47841306884480744,0.0
industry_id,126,15,14514,0.0070830510643379065,0.004315681445068341,-0.000272661892463349,0.03267447614521229,0.037453565372352664,-0.0002780683337663571,0.00018382625219345787,-5.406441303008085e-06,0.007081422446669373,0.5256666436987528,0.5005967114476023,0.0063249679808038695,0.518129449083714,0.47447116378419346,0.008957486391511059
industry_id,126,30,14427,0.009860986284185873,0.006192442675512776,-0.000328387095096316,0.0557413748647929,0.055291263079672484,-0.00036836748385525684,0.00030053355258980016,-3.998038875894086e-05,0.009867699957107555,0.5284941763727121,0.5044362798386813,0.02151394987894514,0.5296736126161398,0.473585690515807,0.044370493621741544
industry_id,126,60,14265,0.013821092810549891,0.009156946536237548,-0.00037661213495946344,0.091136214883659,0.09034658476144322,-0.0005167679824484261,0.0006230151062520718,-0.00014015584748896265,0.01385880249017183,0.5388390353337073,0.5111197487583004,0.03472207426110788,0.5396515930698217,0.4638951205832866,0.11532529444756029
industry_id,126,120,14025,0.019631452464670702,0.01381576298320413,-0.00060293421287249,0.09042168215593106,0.09686215535187956,-0.0008575795200045773,0.001771282965651494,-0.00025464530713208735,0.01970290029107841,0.5320165430690246,0.5234073604589731,0.05097962726604122,0.5449825297418026,0.478251568739304,0.30105533371363374
industry_id,126,240,13795,0.027974213386222378,0.02000261061178295,-0.00150674119367955,0.09739460202276971,0.10893460614818617,-0.0017892430970675153,0.003400152907697586,-0.0002825019033879652,0.02805903006773387,0.5266782659127157,0.52073645772648,0.045253198358043215,0.563883751880842,0.48513846599971,0.2994780339277947
industry_id,126,480,12843,0.04162208198067381,0.029837868177589235,-0.0015128961143450854,0.10456268817878876,0.11275262502231076,-0.0013952664513282903,0.005977509075536555,0.00011762966301679507,0.04179259532630832,0.5329751615666122,0.527036726714146,0.054213154496596416,0.5468678048983652,0.44966129409016586,0.4382932336681461
industry_id,127,5,6851,0.004394984396941949,0.0027597931587874957,-0.0001960243652037925,0.005035171929559866,0.016437799711007936,-0.0001654282571333487,4.350099948655349e-05,3.059610807044379e-05,0.004390614234606844,0.5302278037383178,0.5,0.0,0.4984221286546864,0.46977219626168226,0.0
industry_id,127,15,6821,0.007999961124604263,0.00499020710172582,-0.0003473311768322957,0.009129924224826245,0.029550446182820017,-0.00032038360712129674,0.00020059864854185644,2.694756971099891e-05,0.007991731486455845,0.5332844574780059,0.49951400847880245,-0.008023075339728333,0.5091325366701123,0.46598240469208213,0.0036656891495601175
industry_id,127,30,6781,0.010957020513171887,0.00713864342426126,-0.00046558455234578083,0.02759443024291769,0.043744233665030184,-0.0004459472482791995,0.00033528611867157925,1.963730406658137e-05,0.010951244460838052,0.5315634218289086,0.500683138979689,0.0035298900494434298,0.5170734922234214,0.46651917404129795,0.038790560471976404
industry_id,127,60,6705,0.015120457315004903,0.010454475090642911,-0.0007899031371263437,0.0662245970064198,0.07242576590887315,-0.0006494206939047823,0.0006683719421965409,0.00014048244322156138,0.015129338750465085,0.5284116331096197,0.5017771635488923,0.006625316140600069,0.527315900166903,0.4684563758389262,0.07770320656226697
industry_id,127,120,6569,0.02110957100262381,0.015445512677488803,-0.0011953657143877227,0.0805132383191465,0.08257518114090599,-0.0011557258468777427,0.001870652243580315,3.963986750998001e-05,0.021143669049776034,0.538742578779114,0.5207805939019053,0.047927109519500195,0.5347325029947797,0.4639975643172477,0.24904856142487442
industry_id,127,240,6440,0.030251557980661245,0.022391742323142765,-0.002770769487361412,0.10005162446629834,0.07971004422050149,-0.002425382365342461,0.0036026047824070416,0.00034538712201895094,0.03027082521362566,0.531055900621118,0.5105784997047466,0.02453119985313839,0.5308823074016056,0.4597826086956522,0.24456521739130435
industry_id,127,480,6067,0.04856081487043533,0.03469005898539865,-0.004312105517403269,0.0956578279130037,0.10055699129204562,-0.0023926154412684565,0.00628888015099023,0.0019194900761348127,0.04856375709391384,0.5327179825284325,0.5151270427742558,0.030986042306263648,0.5373344504641029,0.43003131696060654,0.3721773528926982
industry_id,128,5,276,0.005358276955574843,0.003446450195642156,-5.62365136460542e-05,-0.0012695684169565893,-0.01394176422596468,-0.00017629609691789813,3.2502864709323366e-05,-0.00012005958327184392,0.0053578419883790465,0.5398550724637681,0.5,0.0,0.48203244728637107,0.4601449275362319,0.0
industry_id,128,15,274,0.007663170459662018,0.005396086184734227,0.00010594058864400563,-0.0305332434001409,0.014866892472754554,-0.00041701840026470675,0.0001862946853618735,-0.0005229589889087124,0.007654487060569041,0.5401459854014599,0.5,0.0,0.558424495924496,0.45985401459854014,0.0
industry_id,128,30,271,0.01050297059899634,0.007683890006375211,-3.073587817159536e-05,-0.016753539865482354,0.06418726268482663,-0.0006032943346699171,0.0003098394415957123,-0.0005725584564983217,0.010493164829302593,0.5682656826568265,0.5042372881355932,0.06929833971319695,0.5720338983050848,0.4354243542435424,0.0036900369003690036
industry_id,128,60,265,0.015227207320353401,0.011260336916516194,-0.00047592837347694065,-0.010579136093963005,0.11148882785954907,-0.0009555600809794411,0.0005957806655360709,-0.0004796317075025005,0.015201800918868469,0.6,0.5015723270440252,0.01780047136272261,0.6095288952177524,0.4,0.007547169811320755
industry_id,128,120,254,0.021758802240103438,0.016566608270710905,-0.0022036091797603807,0.07701818752301008,0.20042239205840343,-0.002035585375994033,0.0017144650396887192,0.00016802380376634753,0.021711378321008303,0.5196850393700787,0.4942786069651741,-0.029375136112805827,0.6556592039800995,0.47244094488188976,0.03937007874015748
industry_id,128,240,235,0.029399021011287902,0.02415537256029177,-0.005744544839476572,0.23731392639653193,0.3197550339810179,-0.004565262559434756,0.0033971966728448652,0.0011792822800418164,0.02944903115881741,0.5191489361702127,0.5,0.0,0.7064413172783984,0.4808510638297872,0.0
industry_id,128,480,188,0.03423086457803515,0.029954352112830013,-0.007476377214380649,0.4089360845162679,0.43903002869648844,-0.005290546330333529,0.006518695521676373,0.00218583088404712,0.03553621198675776,0.6170212765957447,0.6819535437760572,0.4095834304023962,0.8257891602144133,0.6117021276595744,0.25
industry_id,129,5,5119,0.00397764960593905,0.0023667290628719114,-7.887440612398739e-05,0.003642026906217593,0.044055740559703196,-0.00015364702266253805,4.98188148757726e-05,-7.477261653855065e-05,0.003976736902449392,0.5286188708732175,0.5,0.0,0.515047067360249,0.4713811291267826,0.0
industry_id,129,15,5101,0.0066592538939501756,0.004168179893546023,2.0642321482759504e-05,0.02458165628902137,0.06873333554353299,-0.00027132290760364193,0.00019566173943846878,-0.0002919652290864015,0.006661158233348182,0.5330327386786905,0.49981617647058824,-0.013101172279974538,0.5369505367245596,0.46677122132915116,0.00019603999215840032
industry_id,129,30,5075,0.009169363251450832,0.005998999912086408,0.0002141336521326862,0.04368963151185377,0.08797345039624319,-0.00034758557341568486,0.0003124909601077771,-0.000561719225548371,0.009175197517905562,0.5363546798029557,0.5011763513635901,0.008129015737746787,0.5510894230030524,0.4632512315270936,0.0212807881773399
industry_id,129,60,5035,0.012677995826942305,0.008797265629954351,0.0006128394369319588,0.0673106299456661,0.10095631747391745,-0.000487716623301948,0.0005852647598803112,-0.0011005560602339068,0.012689099006698866,0.5545183714001987,0.5131201755075361,0.03951919182239629,0.5528496173631571,0.4446871896722939,0.12432969215491559
industry_id,129,120,4978,0.01804541631289335,0.013299452560837312,0.0015690449606917461,0.07947636441555594,0.11203465976467278,-0.0006358300538707129,0.0017274063508167469,-0.002204875014562459,0.018031702275642294,0.5447971072719968,0.5317523470285013,0.06417017495754354,0.5463346437466104,0.431096826034552,0.40096424266773806
industry_id,129,240,4940,0.02548129761660067,0.018959344681682293,0.0031311100523498544,0.08918290804858754,0.10562090359404974,-0.0014336452159091739,0.0034873943305754507,-0.004564755268259028,0.02535951871321124,0.551417004048583,0.5338967456309839,0.06828100771679249,0.5365727510865036,0.4121457489878543,0.39433198380566803
industry_id,129,480,4663,0.034358989784581476,0.0258624671050758,0.007057224048159143,0.08629014385439493,0.12166506782382128,-0.0008055224985776239,0.006278253110745669,-0.007862746546736767,0.03358131552841168,0.5307741797126313,0.538151950177917,0.07506739840597422,0.5451225418819462,0.4051040102938023,0.5316319965687326
industry_id,13,5,28593,0.00448508990452837,0.002631498102490787,-0.0002508037420238484,-0.015554818997277453,0.02002059273998776,-0.0001514019397255624,4.023437190518284e-05,9.9401802298286e-05,0.004477265464649561,0.5171206498144387,0.5,0.0,0.5057104085930124,0.4828793501855612,0.0
industry_id,13,15,28472,0.007789723291284467,0.004696137929804462,-0.000486161457085057,-0.007266744252605446,0.03175228176121204,-0.00026271458911531685,0.00017657347561471533,0.0002234468679697402,0.007771249255956552,0.5113704263470529,0.5000782798552338,0.004175073998701624,0.5165590915656667,0.48869986995184705,0.0003514814944993146
industry_id,13,30,28304,0.01082039413580715,0.006772239694218271,-0.0007608547551944552,-0.010710548315346768,0.04171004716945428,-0.0003482072434634373,0.00027520677798830226,0.0004126475117310179,0.010787154293826859,0.5036052594372967,0.5019084822730888,0.019045414871785578,0.5262726602926241,0.49826806164286724,0.01014421037749187
industry_id,13,60,27990,0.015194850856847759,0.009996207698834665,-0.0012578747408578637,-0.012491220991499803,0.04163577260637214,-0.00046861899497018075,0.0005110247978722407,0.0007892557458876831,0.015127688768816068,0.5083080221547257,0.510315354829077,0.03604207843621239,0.527800548461835,0.5024477398606396,0.09001250670001787
industry_id,13,120,27503,0.020342281765792884,0.01423585920825345,-0.0018856658319010083,0.010638908668194396,0.05059075882806238,-0.0007508846043898489,0.0014170316443998432,0.0011347812275111595,0.02022014781572129,0.5129090909090909,0.5167583741666528,0.0359630782068254,0.528074255106098,0.5105818181818181,0.3184727272727273
industry_id,13,240,27010,0.0280537538220124,0.020053133218851403,-0.003662220437506952,0.021290132138208306,0.05804486037745758,-0.0015115342671660206,0.0028584276217417308,0.002150686170340931,0.027727340357286596,0.5100718358883212,0.5172875405130498,0.03663833160311217,0.5307364567679339,0.5215507664963341,0.3333333333333333
industry_id,13,480,25236,0.039957509484811755,0.028529716743098493,-0.00583644874794568,0.0014290257240923319,0.0590891976219971,-0.0006467433889189971,0.005211297018089161,0.005189705359026684,0.039191383442919316,0.5191408417214869,0.5176054996218484,0.03514093963145344,0.5273678610595909,0.5381231671554252,0.521478956962828
industry_id,130,5,3496,0.003907440872332467,0.002372036885665846,-0.00019472395390714536,0.033087101844589246,0.05642244136296416,-0.00015978132687117857,2.718107317893869e-05,3.49426270359668e-05,0.003903390694704979,0.5207439198855508,0.5,0.0,0.5297005084467771,0.4792560801144492,0.0
industry_id,130,15,3490,0.006990682583963376,0.004354848732346378,-0.0005231683740360686,0.007589697466394101,0.05127147352730891,-0.00023430419612037456,0.0001277077729914042,0.00028886417791569395,0.0069708781226164715,0.5177650429799427,0.5,0.0,0.5339721641033532,0.4822349570200573,0.0
industry_id,130,30,3481,0.010012759732120211,0.0064252858107435975,-0.0009110220297348679,-0.0025780441136031076,0.05340181496480163,-0.0003052886818390884,0.0002095861428464565,0.0006057333478957796,0.00996848521958447,0.5222637173226085,0.5050296180723131,0.027439632460151537,0.5340206202606126,0.48147084171215165,0.03476012640045964
industry_id,130,60,3463,0.014154062070815656,0.0094933469642227,-0.0016712723514714961,0.0034730004997470367,0.06523665448742703,-0.00035726866762206516,0.0004186734861105339,0.0013140036838494309,0.014050263129372702,0.5244008085475022,0.5107699912493403,0.03222331828922283,0.5353813884825287,0.481663297718741,0.12792376552122436
industry_id,130,120,3427,0.01983726166286501,0.013856951265110787,-0.003046267370994967,0.02808670032391811,0.08625653591293451,-0.0004280586672016983,0.0012783597388800068,0.0026182087037932684,0.01959617819040566,0.5465421651590312,0.5467674047755122,0.0949375497901391,0.5474034608260997,0.5013131018383425,0.4143565800992121
industry_id,130,240,3431,0.0287092102966535,0.020645624181109892,-0.005952276829725312,0.05573400091751175,0.09462138639884178,-0.0010340686954209905,0.00254362996127607,0.0049182081343043214,0.028112093823377995,0.5397843194403964,0.542611938319431,0.08758252047662353,0.556759818551362,0.5120955989507432,0.3841445642669776
industry_id,130,480,3290,0.04003951372521074,0.027645478269315973,-0.008729837478486182,0.09910349060300151,0.10972999576309304,0.00039823034993729536,0.004642197451829501,0.009128067828423478,0.03926230343628506,0.5565349544072948,0.5518584348371582,0.1050696310011999,0.5529618057911403,0.5285714285714286,0.5848024316109423
industry_id,131,5,21953,0.003952541126946208,0.002411036301058163,-0.00014372268071663976,0.01886648934452406,0.036631493388668036,-0.0001472374457912545,4.073098437015645e-05,-3.5147650746147443e-06,0.003950485747993587,0.5187465790914066,0.5,0.0,0.5126680128890068,0.4812534209085933,0.0
industry_id,131,15,21882,0.007225571929564345,0.0043692667519088565,-0.0002528798652728269,0.020549610768857703,0.04853272743294092,-0.00023960231937994404,0.0001498310342080826,1.3277545892882826e-05,0.007222670483106346,0.5181797393093985,0.5001105708849015,0.0026186959187815655,0.5244431862028447,0.4818659958838326,0.0017836725360164648
industry_id,131,30,21781,0.010178089260872636,0.006297166320849886,-0.0003388540881659798,0.023996618056528533,0.056549238962631795,-0.0002997439913462094,0.00023841299719092645,3.911009681977039e-05,0.01017537551879033,0.5178448394653438,0.5043073074220444,0.020605872451667718,0.5334416445270461,0.48509485094850946,0.045748932065591844
industry_id,131,60,21578,0.013954330384387615,0.009072892919888479,-0.00038941012592289437,0.03830027999391122,0.06844093980355741,-0.0003787350779076563,0.00045859652845373306,1.0675048015238102e-05,0.013958930662929867,0.5325361512791991,0.5206454124005891,0.05499112542235994,0.5382566327346687,0.48197070819428994,0.16949388209121247
industry_id,131,120,21212,0.01922488947586249,0.013383281915361445,-0.00031815454096631343,0.054628357120079,0.08610807861783965,-0.00046247247781265095,0.001392098884781147,-0.00014431793684633755,0.019247980608076268,0.5387553041018388,0.5344948950627514,0.07036392392147987,0.5456965510966431,0.4785007072135785,0.39943422913719945
industry_id,131,240,20951,0.02686855388230233,0.019116903707420696,-0.0005249650490491223,0.018435663866688354,0.04681194242882169,-0.0010305933598765025,0.0027479900065871038,-0.0005056283108273803,0.02677321173825813,0.539739367034226,0.5380690915167929,0.07763655214088154,0.5330349991562041,0.49143157191274045,0.4018807580314096
industry_id,131,480,19718,0.038132919629248495,0.027016671162827414,0.00015366559073255935,0.028912591235938638,0.04625161691306668,0.0001710247398632877,0.004995706393009619,1.7359149130728357e-05,0.03794866776739954,0.5265773990667478,0.5279841248874367,0.056316824649382397,0.5242456702663595,0.48777642523838505,0.5568573747210388
industry_id,132,5,2961,0.003874788571752197,0.002523132102852357,-0.00014213918233709706,0.011693800311648898,0.030678576168944094,-0.00015552674753491005,4.033118381296163e-05,-1.3387565197812996e-05,0.0038724422531421607,0.5278622087132725,0.5,0.0,0.5211397874854582,0.47213779128672745,0.0
industry_id,132,15,2949,0.006943980431957026,0.004605415560047324,-7.077515979372393e-05,0.04231111130424498,0.07638318736262818,-0.000235911964810682,0.00013205681575467274,-0.00016513680501695807,0.006947953589857462,0.541539504916921,0.5004820810340708,0.011677811974783094,0.543958056634565,0.4587995930824008,0.00169548999660902
industry_id,132,30,2931,0.010006058796829389,0.0067882280578215725,0.0001305977762472572,0.057801676785784385,0.0796780651165599,-0.00025619739063235215,0.00019826862981030564,-0.00038679516687960936,0.010014708619385951,0.5482770385533947,0.5077558045362706,0.0408295844172651,0.5389136899874154,0.456158307744797,0.037188672807915386
industry_id,132,60,2899,0.013775575192249544,0.009682400364744265,0.0005516751608878909,0.0776761481139435,0.09248688513492319,-0.0003467607263213993,0.0004166541686717047,-0.0008984358872092901,0.013790618817891578,0.5650224215246636,0.532649544904049,0.09025553585842727,0.5547918333398962,0.452914798206278,0.15315626077957917
industry_id,132,120,2873,0.01999032167139956,0.014769845662916033,0.0017836189422360748,0.08902079760817533,0.11420448175865607,-0.0001544260370855152,0.0014993675014212619,-0.00193804497932159,0.019987980088372898,0.5349808562478245,0.5363484903289579,0.07169725154560597,0.5555059821854732,0.41733379742429516,0.502262443438914
industry_id,132,240,2783,0.03002668428261201,0.02179042804991261,0.0035072195342511115,0.10084422201749806,0.11295938464480253,-0.0004348625948555912,0.0027962739658229153,-0.003942082129106703,0.029973090263816247,0.5411426518145885,0.5408371972716125,0.0804680097400847,0.5445827159547653,0.4139417894358606,0.49119655048508803
industry_id,132,480,2548,0.04242015572492313,0.030422060491969882,0.0059630592298903825,0.1067704953673287,0.12362646667287948,0.0009134107507751403,0.0052330710542026655,-0.005049648479115243,0.04223413430410553,0.5160910518053375,0.5441479139122494,0.08837889917272408,0.5575008745984797,0.3873626373626374,0.6145996860282574
industry_id,133,5,1840,0.003506422492572524,0.0022367055056878617,-0.00022389909545505242,0.015030804661376958,0.04779393932271714,-0.00015530303272380083,2.072265749237162e-05,6.85960627312516e-05,0.003499516896587988,0.5201086956521739,0.5,0.0,0.5289072235219773,0.47989130434782606,0.0
industry_id,133,15,1836,0.006074985360743226,0.003985196215814117,-0.0005101213700620425,0.012359558975844287,0.04004288695160405,-0.0002329535377007698,0.00011496961415296045,0.0002771678323612727,0.006053859104598968,0.5070806100217865,0.5,0.0,0.527064702007584,0.4929193899782135,0.0
industry_id,133,30,1830,0.00852727747276503,0.005800350786187073,-0.00084973092713677,0.009007222810083404,0.05468217648247921,-0.0002809409875787866,0.00018518863043036658,0.0005687899395579834,0.008484481625244716,0.4814207650273224,0.49927523752116876,-0.01035351771641325,0.5465946927294124,0.5180327868852459,0.004918032786885246
industry_id,133,60,1818,0.011825920712068876,0.008539996748770672,-0.0015195661720385732,0.01356130322595308,0.04792949442007005,-0.000362882329529096,0.0003688850252164872,0.0011566838425094773,0.011727087197135765,0.47964796479647964,0.5077066115702479,0.030505142759137256,0.5338654594069032,0.5324532453245324,0.06820682068206821
industry_id,133,120,1794,0.016257326064913327,0.01238937591673576,-0.002634694919121354,0.055406068686830824,0.07421348478290311,-0.0004284099043412352,0.0012095786146782846,0.0022062850147801186,0.01606390658236473,0.5217391304347826,0.5235589484867909,0.04692709480419587,0.5474421515956213,0.5479375696767002,0.48327759197324416
industry_id,133,240,1786,0.023631108819263624,0.01817049200456114,-0.005317067634563264,0.014574488181377153,0.03294068301117119,-0.0010737507655034998,0.0024207432582152247,0.004243316869059764,0.022932864866771305,0.509518477043673,0.5219208181436744,0.04322466126887382,0.5234259504946742,0.6007838745800672,0.4428891377379619
industry_id,133,480,1692,0.03200183492532709,0.02490620806709085,-0.008505619443133994,0.05354566244093551,0.05198441359749287,0.0005992008682412489,0.0045096420322505845,0.009104820311375243,0.030761847158130705,0.5880614657210402,0.5670098914169739,0.1336142189339153,0.5428067982672702,0.6140661938534279,0.607565011820331
industry_id,134,5,23865,0.004243562610313548,0.0027551041404828757,-0.00020237723376360174,0.003426273632884323,0.022073208983500497,-0.00015930891758644006,3.387175253720709e-05,4.306831617716168e-05,0.004238714855472439,0.5164061517830951,0.5,0.0,0.5087743452486516,0.4835938482169048,0.0
industry_id,134,15,23767,0.007803935953970685,0.005008074093978523,-0.00042048322288565745,0.023213485495442936,0.04183614480629767,-0.0002653170187134605,0.00015138475118955252,0.0001551662041721969,0.00779464407547556,0.5117815366489944,0.5001255665009464,0.002988769355988544,0.5235884866692854,0.48830261718421275,0.0017672304973491543
industry_id,134,30,23633,0.011007028307418199,0.0072526242849827735,-0.0006149569473536753,0.025658054040920416,0.04563716163735742,-0.0003380956385388531,0.00024289287987961134,0.0002768613088148222,0.010993385657243287,0.5102196267614574,0.5051503080909138,0.034589909962608606,0.5306887499123327,0.49468917946764845,0.02268207016207524
industry_id,134,60,23396,0.015563042187996545,0.010619663534759915,-0.0008845721885239546,0.03970712678417441,0.05635680940433198,-0.00044450196374816903,0.00047214004364762915,0.0004400702247757856,0.015549466864568992,0.5142979269074589,0.5103838386915567,0.031607516719487166,0.5331374974104047,0.4948065826031203,0.12306048300919
industry_id,134,120,23030,0.021725203282995032,0.01568585450238477,-0.0012294831796113496,0.0758010686552423,0.09646733759622785,-0.0005805919944821573,0.0014342140258454725,0.0006488911851291924,0.021751905059615766,0.5352149370386452,0.5359870337447321,0.0744047445061712,0.5479077262990343,0.5030395136778115,0.3732088580112896
industry_id,134,240,22580,0.030576769241767672,0.02263202478832613,-0.0022701491579388937,0.05514126788338031,0.0864833646668087,-0.0013270476670788091,0.0028285850120994944,0.0009431014908600847,0.030517274010089097,0.5436669619131975,0.5470231929139621,0.09782885224115354,0.5567725678183698,0.5120460584588131,0.3618246235606732
industry_id,134,480,21344,0.04438330966858874,0.03262939639499322,-0.004716783417949464,0.07592388441392835,0.09806954451407018,-0.0002363590774893828,0.0051278617708836105,0.004480424340460081,0.04422409353075725,0.5528954272863568,0.5516305112464863,0.10324082950321135,0.5529163268554507,0.5275955772113943,0.5257683658170914
industry_id,135,5,15944,0.003860177904974571,0.002388309003929723,-0.00019342790441586872,0.019207498371157976,0.03487148962323823,-0.00014398110689716964,3.588489567735201e-05,4.9446797518699085e-05,0.0038558509746440817,0.5195327220198468,0.5000653509345183,0.00824014280490996,0.514447787131708,0.48053008416028137,6.280618012812461e-05
industry_id,135,15,15887,0.007001434296353142,0.004303117182034113,-0.00038053774920831905,0.024722052694461736,0.03968277644087741,-0.00023466776653129317,0.00014853599433889574,0.00014586998267702585,0.00699318023545477,0.5152488972904852,0.5004009154307201,0.01457883104613259,0.5213571199542752,0.4851291745431632,0.0007561436672967864
industry_id,135,30,15804,0.009973791968210736,0.00625373053914224,-0.0005754247628980142,0.0362365454615628,0.05720179875242231,-0.0003087663147197637,0.00023223861198081946,0.00026665844817825055,0.00996288932405,0.5145895309829736,0.5041878075332725,0.023893122861081834,0.5320044555749198,0.4888917020064561,0.03171086777644155
industry_id,135,60,15647,0.01395282697845807,0.009159807049767583,-0.0008690351617367484,0.05334979460734809,0.06511459925946352,-0.0003945644688174254,0.00044472239996838896,0.00047447069291932305,0.013942380362739521,0.5246771512594297,0.5152936190050403,0.043850742168671804,0.5337330834713652,0.4868942590461578,0.14160593274517325
industry_id,135,120,15394,0.018975042903580045,0.013254920078948858,-0.0012383183087573526,0.08037692421200654,0.09022345776399746,-0.0005598207730050784,0.0013431369228404275,0.0006784975357522743,0.018995160790768153,0.5347885402455662,0.5313241858203616,0.06494852859210376,0.5420434419021058,0.48684466965503803,0.3675047099330865
industry_id,135,240,15246,0.02591498673677801,0.018732332334202646,-0.002124103745904406,0.0662880551744882,0.0673799900270404,-0.00120186646238932,0.002724466109875911,0.0009222372835150859,0.025864925937219327,0.5292882912430305,0.5282265522670817,0.05832468560124141,0.5336156901953801,0.49576910462446705,0.374286651361102
industry_id,135,480,14417,0.035292124982755885,0.026005600049008946,-0.002858105548809763,0.05079884580448422,0.0666261875992469,-0.0001184042985869209,0.004945143341168412,0.0027397012502228418,0.03507898357327542,0.51907602663707,0.5197718991473065,0.03970245261915979,0.536013420360762,0.49236958934517205,0.5452968923418424
industry_id,136,5,7795,0.005482649915686053,0.0035448631566207273,-0.0003082550308399157,-0.005020657478297614,0.024047871415584943,-0.00019890487956071993,4.7367019473212426e-05,0.00010935015127919578,0.005473534684062713,0.5130211674150096,0.5,0.0,0.5067137767055041,0.48697883258499036,0.0
industry_id,136,15,7737,0.009724251180349322,0.006365057614890949,-0.000944476693692714,0.00776956441499387,0.0374330048007708,-0.00045545906164311663,0.00022725882796083632,0.0004890176320495973,0.0096773732456327,0.49993537546852784,0.5,0.0,0.5250711112085217,0.5000646245314722,0.0
industry_id,136,30,7662,0.013609869113822006,0.008886195941225217,-0.0016865286677487878,-0.002918820547600471,0.04710211614323105,-0.0006590913279072204,0.00038699771782629253,0.0010274373398415674,0.013498292351124212,0.4986948577394936,0.5003840180883694,0.00816165293611748,0.5345101166553742,0.5016966849386583,0.002218741842860872
industry_id,136,60,7530,0.018811580167102382,0.012855687990364581,-0.003066902545378376,0.008949748053511989,0.031462696636686244,-0.0010595680454368352,0.0007389434333503536,0.0020073344999415412,0.018551792340224624,0.48658698539176626,0.5017307378750018,0.013434055408024847,0.5207136688924273,0.5156706507304117,0.016865869853917664
industry_id,136,120,7372,0.025964584429432957,0.018556655844486354,-0.0057621017134538675,0.03941367855402555,0.043249218609469134,-0.0020626161958356448,0.001994727309357327,0.0036994855176182228,0.0253171827415702,0.48548562126966904,0.5155359535639326,0.04471162885256969,0.5280930203602471,0.5415084102007597,0.13931090613130764
industry_id,136,240,7199,0.0392842908564898,0.028527384120849243,-0.012603001067532725,0.0570123313347216,0.05221909026617595,-0.004334734481650571,0.003786901723727365,0.008268266585882155,0.03723111129843451,0.45839699958327546,0.5198469635349511,0.06268274517549448,0.5358456657495249,0.5781358522016947,0.1098763717182942
industry_id,136,480,6774,0.06283783032332091,0.04603930849154813,-0.02451498017639803,0.0506841722802697,0.06455821282957301,-0.00532263176474831,0.006309166156688644,0.01919234841164972,0.057834167368085554,0.47756126365515206,0.5344215102089215,0.08039356542884901,0.5489089435637636,0.6017124298789489,0.22748745202243872
industry_id,137,5,2579,0.0054939877520819675,0.00334077499901643,-0.00025373318014742846,-0.007426552113757567,0.04268018312846136,-0.00020037817436366294,5.071997821409871e-05,5.335500578376553e-05,0.005487514406629302,0.5242341993020551,0.5,0.0,0.5192606082087933,0.47576580069794494,0.0
industry_id,137,15,2560,0.009371382305811292,0.005906020855143179,-0.0008182231705904819,0.03499060728080124,0.08314346918253826,-0.00044350515300095594,0.00024311628543871027,0.00037471801758952593,0.009340938623987107,0.512109375,0.5,0.0,0.5382460048893425,0.487890625,0.0
industry_id,137,30,2540,0.012713129708034412,0.008362383704731493,-0.0015451281547305955,0.06043679695123634,0.11138687875171145,-0.0006428844738358863,0.0004062274063452677,0.0009022436808947092,0.012636919140414286,0.5070866141732283,0.5,0.0,0.5503793309586649,0.49291338582677163,0.0
industry_id,137,60,2506,0.01757151814962468,0.011774583132046917,-0.003032479282257648,0.0856494158838604,0.12264003769631399,-0.0010254959255782663,0.0007973664338260074,0.0020069833566793817,0.017357920637386504,0.48204309656823624,0.5048080851411529,0.037413318330453096,0.5690549418842178,0.5235434956105347,0.01675977653631285
industry_id,137,120,2463,0.024470429026532223,0.017180735093726907,-0.0055110363594738365,0.15508635750154634,0.15943763500674898,-0.0020543726778080988,0.002082755925875292,0.003456663681665738,0.02407583499399212,0.4993909866017052,0.5289176529908179,0.08703379417270928,0.5976961812005732,0.5391798619569631,0.12545676004872108
industry_id,137,240,2382,0.03561640908408284,0.02504873743628096,-0.01104561819164946,0.20100953375036423,0.2214767735888997,-0.004316528700101506,0.004108806147843278,0.006729089491547954,0.034446182152634085,0.48446683459277917,0.5312762762762763,0.09993202529035156,0.6186611611611612,0.5591939546599496,0.10831234256926953
industry_id,137,480,2232,0.062158807633929246,0.04396023865639992,-0.025694475655778842,0.22845791602372115,0.23721876255945842,-0.00499602400947706,0.0067298914072983175,0.020698451646301783,0.05775656620242743,0.496415770609319,0.5593417191914801,0.13441587023137264,0.6485109385188003,0.6164874551971327,0.24372759856630824
industry_id,138,5,715,0.004331512505101246,0.0023894854912799345,-0.00032154439607699455,-0.009798224635874616,-0.027804396181586755,-0.0001633643165965063,1.91267834444395e-05,0.00015818007948048822,0.004319331544380947,0.5230769230769231,0.5,0.0,0.4860115733843524,0.47692307692307695,0.0
industry_id,138,15,707,0.008346437613848004,0.004522151466586308,-7.883358949908217e-05,0.0721295200746954,0.034281038637747,-0.0002576799955111342,0.00013253092970392922,-0.00017884640601205202,0.00835457784899551,0.5346534653465347,0.5,0.0,0.5169263923063315,0.46534653465346537,0.0
industry_id,138,30,698,0.012637246078969563,0.007055158519926439,0.0002009360398656008,0.11624683475264193,0.07227264685882216,-0.0003300090526178263,0.00022351549326435905,-0.0005309450924834271,0.012659681125018807,0.5429799426934098,0.49505988644369847,-0.05325898912390935,0.5236561813585312,0.4512893982808023,0.008595988538681949
industry_id,138,60,681,0.018179966332641736,0.010931663343942683,0.0010034654763874324,0.17644915069300904,0.13780501790783697,-0.000423194166418526,0.0004935664101951599,-0.0014266596428059585,0.01823283845325953,0.5506607929515418,0.5089613568805735,0.025690242531940903,0.5295768490994929,0.4419970631424376,0.1395007342143906
industry_id,138,120,655,0.025843347110418854,0.017342061081585217,0.00214676338546408,0.22604306310754707,0.20227485044864266,-0.0007236976719919933,0.001645073394674192,-0.002870461057456073,0.02607598177352632,0.5541984732824428,0.5482724432721626,0.09870484433302146,0.5891277101221543,0.4717557251908397,0.39236641221374047
industry_id,138,240,620,0.03976052939123392,0.029038112650596304,0.002428333080798996,0.24108130974184924,0.2710446119463058,-0.0012707167711567074,0.003237182986014003,-0.0036990498519557033,0.040342181155124966,0.5935483870967742,0.5850185372430063,0.17163533898149214,0.6384552999662959,0.44516129032258067,0.4129032258064516
industry_id,138,480,542,0.047561607668406634,0.0385003241026257,0.0013622306337327656,0.223372053353176,0.2466764042115643,-8.715349977674492e-05,0.005047870944319201,-0.0014493841335095105,0.04841435089588202,0.5977859778597786,0.597123869702582,0.19569213950234154,0.6496690815993028,0.5055350553505535,0.5608856088560885
industry_id,139,5,23357,0.005369097599699419,0.003184355802466321,-0.00024188527551164313,-0.012059940823103668,0.02234915918967883,-0.0001638575154141467,6.306212262110049e-05,7.802776009749646e-05,0.00536251499381022,0.5195923086805704,0.49991659338831557,-0.0017680563963723183,0.5061663951029092,0.4802363924457197,0.0022268853582287696
industry_id,139,15,23168,0.009648735470675702,0.005767292960109049,-0.0003754745182459544,0.001207080767525118,0.02833761204552504,-0.0003146082280095822,0.00023812049252022068,6.08662902363722e-05,0.009638773503846716,0.521521391874973,0.5009398413264158,0.0062970899688590855,0.5107045744180521,0.4784354358243751,0.022751802443552217
industry_id,139,30,22939,0.013453790793458072,0.00828992594014532,-0.0004594454911210615,0.0034824354378415454,0.029224723588188343,-0.0003949690349526208,0.00040667828651913226,6.447645616844073e-05,0.013441208317505553,0.5252234575975583,0.5056925588192935,0.020969724908764985,0.5120070248398756,0.4767386091127098,0.07992151733158927
industry_id,139,60,22549,0.018805983036004437,0.012107011828668131,-0.0006175700518147847,0.02029052163555394,0.04624591183343153,-0.0005841319407799204,0.0008003881297060057,3.3438111034864206e-05,0.018795038118149757,0.5366773106262196,0.5173418415223172,0.046858743351396295,0.5164031397546018,0.47121695937555436,0.16311868014901543
industry_id,139,120,22022,0.026253121439349214,0.018102236669001893,-0.0005559013638424778,0.043321374974308,0.07183826036708202,-0.0007801700079252595,0.002223223185280206,-0.00022426864408278167,0.026249399210262113,0.5323313050585777,0.5252666330196065,0.05243797067569459,0.5311812729206744,0.4737535192080647,0.3640904549995459
industry_id,139,240,21475,0.03637807302008463,0.025962774550520273,-0.0010430089555226276,0.049076390586240685,0.08269293897993406,-0.0016307223604165877,0.004323239196450062,-0.0005877134048939601,0.036317998802422494,0.540861466821886,0.5365797569302447,0.07599577717536644,0.5453846832127597,0.4841443538998836,0.3638183934807916
industry_id,139,480,20106,0.05260587764133099,0.036921103783871624,0.0001994076104712554,0.12704161128445352,0.16295046409617966,-0.0009715916344514833,0.007633941260236196,-0.0011709992449227386,0.05302750877065438,0.5640885351902512,0.5637939879579525,0.1271278648451835,0.5780983512707994,0.4566525739865705,0.49107187266849045
industry_id,14,5,5245,0.0033664403167192177,0.0021581250472310592,-0.0002348570567135923,0.007379624388515688,0.008861925231192893,-0.0001501025679105985,3.3535998495510574e-05,8.47544888029938e-05,0.003358318055141595,0.4995229917954589,0.5,0.0,0.5037198846543781,0.5004770082045411,0.0
industry_id,14,15,5229,0.006216618152507605,0.003904520410603797,-0.0006248564377735218,0.002065475067134513,0.015052267482127618,-0.000209674192964857,0.0001516848346182404,0.00041518224480866476,0.006183588120897753,0.48861679739812514,0.5,0.0,0.519283147317603,0.5113832026018749,0.0
industry_id,14,30,5205,0.008740750559265228,0.005617254159773781,-0.0011409838017903198,0.003141431302843455,-0.004657289210501843,-0.0002637075139113454,0.00023343910329148295,0.0008772762878789743,0.00866354944697571,0.4803996925441968,0.504413213029651,0.02924747213836381,0.5024177273052369,0.5251729438893159,0.023251345119139125
industry_id,14,60,5158,0.011905614336726726,0.008007287580222998,-0.0019931529194351415,0.008092967013794451,-0.026910187690360726,-0.0002570623352699081,0.00045766746124454726,0.0017360905841652334,0.01173236742569746,0.4736331911593641,0.4966951081049608,-0.007612859990617067,0.49443880218441894,0.5459480418766964,0.24873982163629313
industry_id,14,120,5077,0.016693937482687826,0.011848069474936246,-0.0034584444671828794,0.038298420788615256,-0.02684068475900459,-0.00025611515172861037,0.001280226013160567,0.003202329315454269,0.016330619497491698,0.49438644869017134,0.49516207246901844,-0.009588166779265026,0.5028241528410812,0.5674610990742565,0.4935985818396691
industry_id,14,240,4991,0.023608401110346885,0.017051864526027163,-0.006542786554163942,0.1173535250340241,0.0034738512822838673,-0.0005407103202435421,0.002559898090699327,0.006002076233920401,0.02284116985916125,0.4896814265678221,0.4914229825531149,-0.01685566378120614,0.5167774894016504,0.5934682428371068,0.4890803446203166
industry_id,14,480,4661,0.03237060115146269,0.023593227769172817,-0.011918310068245772,0.029561554075754268,-0.10598355624908662,0.0012245776666345496,0.004403878091648977,0.01314288773488032,0.02990320195563137,0.54044196524351,0.48264144514748086,-0.03442701267168541,0.5003864958476257,0.6726024458270757,0.6614460416219695
industry_id,140,5,2782,0.0053144721485610955,0.0032936879767948173,-0.00018767607698334058,0.002571225689743839,0.025850578753321956,-0.0001616309668596698,6.75449844207631e-05,2.6045110123670767e-05,0.0053109014590422676,0.514018691588785,0.49837165568601277,-0.022224693326319628,0.510181872738231,0.4841840402588066,0.005391804457225018
industry_id,140,15,2759,0.009496884596204399,0.005893770540175642,-0.00020996513977508655,0.002902569903237026,0.03658663359214829,-0.0003277148887253334,0.00023973199760735659,-0.00011774974895024686,0.009492232106905286,0.53098948894527,0.5003791180611106,0.002532797101703762,0.5033843608127532,0.46792316056542227,0.022834360275462123
industry_id,140,30,2729,0.013186126526669882,0.008363631473037057,-0.0002624181709496292,0.003950381031444313,0.045315041259486724,-0.000421698430405096,0.0004118263716174883,-0.0001592802594554668,0.013178708155166727,0.5375595456211066,0.5073643599213806,0.02628333990700464,0.5112605023866607,0.46353975815316967,0.08537925980212532
industry_id,140,60,2682,0.019562593886585482,0.012569266591949216,-0.0003330030323250188,-0.003687703164317059,0.04036054763143317,-0.000623890587480202,0.000806747695152139,-0.00029088755515518314,0.01954014025218357,0.5264727815063386,0.512369095618349,0.032642303987108726,0.5107442293989082,0.4783743475018643,0.17337807606263983
industry_id,140,120,2652,0.02896244038965039,0.018944610733597395,2.45672336855455e-05,-0.01578724887014535,0.04158799968581452,-0.0009012370695979658,0.002268844840013449,-0.0009258043032835113,0.02883762877398051,0.5192307692307693,0.5157901145495968,0.03340437154264187,0.5203901354885256,0.4894419306184012,0.3367269984917044
industry_id,140,240,2648,0.041381285200650965,0.02835991405453771,9.426354625878369e-05,-0.027420201542327282,0.07005395931215966,-0.0019737260232030995,0.004397951420700189,-0.002067989569461883,0.04102639314302603,0.5600453172205438,0.5549314712624647,0.11725131866746293,0.558531906329309,0.48527190332326287,0.324773413897281
industry_id,140,480,2512,0.060377718663376594,0.042923602386188656,0.005277561384870351,0.08262507859673475,0.1976498571946364,-0.0016155747948542526,0.0076159398056763325,-0.0068931361797246035,0.06029508443367888,0.615047770700637,0.611827882977964,0.22427819048350064,0.616695091111179,0.46337579617834396,0.4478503184713376
industry_id,141,5,13818,0.0036724511614848847,0.0020894651057823416,-0.0002299134625474667,0.01816260068084159,0.04626899847809856,-0.00014508079429427213,3.418966614229904e-05,8.483266825319456e-05,0.003665708801064502,0.5186553647757733,0.5,0.0,0.5183233904620591,0.4813446352242266,0.0
industry_id,141,15,13767,0.0068037197150482,0.003843922092474118,-0.0004715038207841382,0.02910489746338394,0.06606783875698022,-0.0002103023218623334,0.0001354468975990624,0.00026120149892180477,0.006789953941305579,0.512831697564522,0.5,0.0,0.5330960319029524,0.487168302435478,0.0
industry_id,141,30,13701,0.009618110410677908,0.005642339854034186,-0.0008600919677391215,0.032709998969934644,0.07209244074974162,-0.000266897030064851,0.00020429048912710195,0.0005931949376742705,0.009584082809914312,0.5014238773274918,0.5018183882665981,0.0194313023440714,0.5379468717797086,0.5004016064257029,0.008835341365461847
industry_id,141,60,13582,0.013231843492421312,0.00822708711227434,-0.0015056210750881492,0.03546311711695921,0.06835689193907431,-0.00027953948871505614,0.0003660734271405218,0.001226081586373093,0.013153794338741165,0.5123352235068857,0.5288890636478756,0.07370133856340762,0.5497929432321175,0.5264747035864202,0.1888946166875322
industry_id,141,120,13422,0.017577542082583573,0.011793579657514422,-0.0028075143047651503,0.045115611156758675,0.06120244213165677,-0.0003590709362267337,0.0010185060940546442,0.0024484433685384166,0.017367977134989627,0.5256295634033676,0.5329929485233122,0.06637020971313062,0.5466604707193856,0.5487259722843093,0.4276560870213083
industry_id,141,240,13248,0.02392823292678098,0.016668387935638476,-0.005788036153782202,0.08403787406409874,0.11245622894960171,-0.000843484428668564,0.002195864793226265,0.004944551725113638,0.02329884306129221,0.5570403926009815,0.5764496850047536,0.1516552885235932,0.6019782304648862,0.6016610041525103,0.42008305020762554
industry_id,141,480,12531,0.034842777623010544,0.024015508512796442,-0.0106540714099673,0.07525229708917211,0.11382515057576019,0.000127006131482973,0.003919250508663913,0.010781077541450275,0.03323785863593459,0.6048200462852127,0.5863370146877692,0.16766097460909676,0.6235214665358618,0.6471151544170457,0.5882212113957386
industry_id,142,5,10512,0.003407907436282674,0.0020193244624625104,-0.00016261707487742917,0.016649153099920926,0.017904946968959428,-0.00013654891576016633,2.742947014196874e-05,2.606815911726284e-05,0.0034043715726752603,0.5188256600896006,0.5,0.0,0.5021274908408218,0.4811743399103994,0.0
industry_id,142,15,10484,0.0060152606550796335,0.0036123421454647606,-0.0002704218620319563,0.03061859757728486,0.037072644170720724,-0.00020189541775424938,0.00011859526724741349,6.852644427770695e-05,0.00601164096721215,0.5088842185708827,0.5,0.0,0.5148994707425922,0.4911157814291173,0.0
industry_id,142,30,10445,0.00851996945215391,0.005266332834743449,-0.0004436935777343165,0.049580646124073625,0.05026791752235109,-0.00024940788536427283,0.0001751435804577151,0.00019428569237004364,0.008515293844504057,0.5023950948457558,0.5006954164195668,0.008233533737242256,0.5232319161900866,0.49827553171105576,0.007185284537267676
industry_id,142,60,10367,0.011596564288790526,0.0076644812474461034,-0.0006366214677983718,0.06921086641395695,0.05414303175783323,-0.0003018854877951395,0.00033559677531786223,0.00033473598000323233,0.011597462585998093,0.49787603784514384,0.5082875647878125,0.02870458538712864,0.5220892915574955,0.5127437729291369,0.09171654759606102
industry_id,142,120,10263,0.01550220740590031,0.01109550268908118,-0.0008991743542786686,0.1088054240176545,0.05919852953777342,-0.0004264441881138074,0.0009137318060122454,0.0004727301661648612,0.01554884933035369,0.5049234669006533,0.5146984262014211,0.030339810378671457,0.5329902968320686,0.5375840889148874,0.37106366383932926
industry_id,142,240,10140,0.020855713817416757,0.0160466108431804,-0.0017174323298069386,0.19279383045255682,0.1367739305287432,-0.0009164971085754361,0.0019278482782540097,0.0008009352212315024,0.021070294841359305,0.5317154976817599,0.543055455742545,0.08861742303534847,0.5815910427507929,0.5438492650685607,0.37446976423004835
industry_id,142,480,9531,0.02968403980964344,0.022724621662797886,-0.0029400368182280526,0.17724991450490096,0.13409849096730422,8.007165670606744e-06,0.003621841481664749,0.002948043983898659,0.0299641946460054,0.5499475341028331,0.5408241787637764,0.08241733937437136,0.5723398098940685,0.5550891920251836,0.5873032528856243
industry_id,143,5,5312,0.003373088413720764,0.002001815106188454,-0.0001838987465305592,0.0016644647500871238,0.011263243871119924,-0.00012196724017222407,4.4735054825327036e-05,6.193150635833512e-05,0.003367849018620191,0.5128885519332828,0.5005829770695686,0.024447523453574073,0.5062174874716365,0.4876800606520091,0.0005686125852918878
industry_id,143,15,5303,0.0059890632999862825,0.0035695063781703193,-0.00033044396599135226,0.013471799926717928,0.023641890181612002,-0.00019374462431414813,0.00014536096550759928,0.00013669934167720416,0.005980131909757504,0.5076806372084203,0.5001925298421255,0.013980392967637166,0.5141954065660447,0.4925090081547506,0.00018964536317087047
industry_id,143,30,5283,0.008407909024285324,0.005178541799635833,-0.000437232398626699,0.03577128129094984,0.03818713465543391,-0.00023389507805645737,0.00021635887630882733,0.00020333732057024162,0.00840148774625589,0.5025689819219791,0.5045245657149859,0.04406484336285865,0.522072612066146,0.5019980970504282,0.01065651760228354
industry_id,143,60,5252,0.011801140679884957,0.007471338591975317,-0.0005806901322422242,0.06893832862139451,0.08297711208883439,-0.0002688653088056483,0.00037973699597426507,0.0003118248234365759,0.011806934158347807,0.5258933690043952,0.5270966301010728,0.06770708991956603,0.5451529675449557,0.5020064972291228,0.20026753296388305
industry_id,143,120,5208,0.016692438347785252,0.011222804214784216,-0.0008637846219435288,0.06489017117315149,0.055017105242601554,-0.00032911103897950304,0.0010317415030930196,0.0005346735829640257,0.016705199967384468,0.5177918830544336,0.5183574565177023,0.03673731702767103,0.5431961276935894,0.5127909213310252,0.4783612233121754
industry_id,143,240,5156,0.02350912557452724,0.016588343931155852,-0.0017056363981850402,0.08056417847897498,0.02629753058588852,-0.0007157340014424382,0.0022179908379734727,0.000989902396742602,0.02352140332125936,0.5100097181729835,0.5111031574159737,0.02214796099997548,0.5244231307710105,0.538581146744412,0.4866861030126336
industry_id,143,480,4924,0.03336017158923524,0.023679402288522805,-0.003240897771573169,0.04884097882609856,0.05327246551916621,0.0001365221523868743,0.004082025844645317,0.0033774199239600435,0.03315046182769653,0.5373983739837398,0.5281614318299122,0.05772607408643778,0.55385937356277,0.5404471544715447,0.6164634146341463
industry_id,144,5,5573,0.004460056351841853,0.002671854510846546,-0.00031018257492406223,0.0034560731335484154,0.04352283889988832,-0.00013314372142279266,5.723980270194985e-05,0.00017703885350126955,0.00444908679590543,0.5138939011187297,0.5010267020734221,0.009606367622828621,0.5185223413916022,0.48682785997834715,0.01154817755322988
industry_id,144,15,5537,0.008045936012107043,0.004812108629778291,-0.0006621116349406727,0.019894706324673914,0.05007410213971888,-0.000245308018705349,0.00019613234444516693,0.00041680361623532366,0.008020150608231537,0.506615914446257,0.5012881171211999,0.009655002059493965,0.5211953458759748,0.4944716331339496,0.0181257930034439
industry_id,144,30,5496,0.011887098911694618,0.007141760307694389,-0.0010577660349897233,0.04389962908532778,0.08351823383485818,-0.00030638510345692223,0.00029812873675194704,0.0007513809315328012,0.011849284009060356,0.5081100783670494,0.5094001105395178,0.03395172614181718,0.5402175183878236,0.5015491160925825,0.08365226899945326
industry_id,144,60,5416,0.017166732493189795,0.010616933816869317,-0.0016287507143478935,0.07345869260468392,0.10188364133182451,-0.0003853630230856985,0.0005320977415993783,0.0012433876912621951,0.017120137388958553,0.5425138632162662,0.5495620781744204,0.11865818882021992,0.5566289045362695,0.5127541589648799,0.22495378927911275
industry_id,144,120,5292,0.024627791060445457,0.015484550232954397,-0.0027975058413625404,0.09675082636966821,0.13130444805347216,-0.0006820439677735216,0.0013524162965881245,0.0021154618735890187,0.02456218269930045,0.5645435645435646,0.5713032810939884,0.14688394465813387,0.5872193295893416,0.5267435267435268,0.37743337743337746
industry_id,144,240,5175,0.03571885238115908,0.022789867837385354,-0.005362068705639772,0.13711640142514758,0.16436094272924293,-0.0014060528176625209,0.00288134577537148,0.00395601588797725,0.03559363895559639,0.5746326372776489,0.5836764833742296,0.16905679147996566,0.6091915254216821,0.5483372003093581,0.41453982985305493
industry_id,144,480,4921,0.0559532268702835,0.03700947808236654,-0.012312049371803729,0.1555710499501466,0.1956945763369096,-0.0009024549580147549,0.0049624344764292345,0.011409594413788974,0.055133277524534806,0.5888211382113822,0.5852833077687521,0.1692298080524501,0.64104197159631,0.5723577235772358,0.5367886178861788
industry_id,145,5,16153,0.004132730695855202,0.002416133267866573,-0.00017715181177176557,0.011191205569768943,0.03176425779675774,-0.00013898216134255193,4.115398112505684e-05,3.816965042921365e-05,0.004129187582218004,0.5183940242763773,0.5,0.0,0.5091455041501862,0.4816059757236228,0.0
industry_id,145,15,16106,0.007096463422746332,0.004140317310938926,-0.00028661198524027374,0.02248481828249361,0.037307973478074005,-0.00023542213403653957,0.00016475403525375041,5.118985120373417e-05,0.007092464335721624,0.5171919770773639,0.5002231417286376,0.00685688250980987,0.5135277322858626,0.4829948922386944,0.001058926124330385
industry_id,145,30,16034,0.009532853842646785,0.005836405859387695,-0.0003478512752419835,0.04775975867211612,0.05397562362611404,-0.00030437436524081854,0.0002519579044001947,4.347691000116494e-05,0.00953521379426002,0.5085339168490153,0.49955660750533526,-0.005489642941466295,0.5243335756065375,0.4909034073147859,0.006564551422319475
industry_id,145,60,15887,0.013116198453847443,0.008424283080967074,-0.0004429963278615579,0.06975906808930536,0.05751081530606649,-0.00041446628861197346,0.0004555964767997104,2.8530039249584502e-05,0.013132616236912554,0.5004097069019855,0.4988107589402182,-0.00521800698000473,0.5259924218749603,0.49820359281437127,0.05496375669713205
industry_id,145,120,15663,0.017529806115942154,0.012047946612972421,-0.0007518187479639065,0.1018621526992955,0.05513672202113961,-0.0007497217612090898,0.0012175003691525554,2.096986754816718e-06,0.01759576423483785,0.49721991436058033,0.5024660929584603,0.005738055653829125,0.5263738196737988,0.5102575573592382,0.24432798619543683
industry_id,145,240,15440,0.023300926417099452,0.0172444660137099,-0.0016067766050404425,0.1004767825318136,0.055084065315383124,-0.0015987908158742658,0.0024987581754177327,7.985789166176726e-06,0.023363199994388264,0.49368236894965334,0.5012927314085875,0.0029943026469239752,0.526135253677254,0.5150651201969805,0.2474567485258861
industry_id,145,480,14775,0.03419757412079186,0.024722232171396522,-0.002888688651570513,0.15561398527046463,0.06994618169626265,-0.0013660018064685217,0.004519511569930801,0.0015226868451019917,0.03448492436856385,0.5054178518217527,0.5084025675783621,0.016930348532281557,0.526548823138098,0.5228904239469051,0.4351889475822836
industry_id,146,5,912,0.002633573782348774,0.0019232563608115832,-0.00016599004677166245,0.0680676926522615,0.07114140034340324,-0.00011669503432960737,1.1883164055068661e-05,4.9295012442055065e-05,0.002629119650944122,0.49720044792833146,0.5,0.0,0.5423689279479925,0.5027995520716685,0.0
industry_id,146,15,910,0.004087506034364011,0.002954172602652921,-0.0001635498001268298,0.023578683701730233,0.012041878614341342,-0.00013911831023965981,5.4153804039926376e-05,2.4431489887169994e-05,0.004085150776476762,0.5094339622641509,0.5,0.0,0.4870513313419888,0.49056603773584906,0.0
industry_id,146,30,907,0.005381555690974517,0.003928470355888336,-0.00026972813603870206,0.06482744787181437,0.04870979850714086,-0.00017748080571223146,6.919162664685682e-05,9.224733032647062e-05,0.005378833944644423,0.5106145251396648,0.5023101898101898,0.03462907161169286,0.5095729270729271,0.49162011173184356,0.004469273743016759
industry_id,146,60,902,0.007175782282860994,0.005470036807829074,-0.0002326975681464312,0.05858456966610475,0.038352371837214794,-0.00018702030865018135,0.00014435558430468388,4.5677259496249877e-05,0.0071790173922865385,0.5155902004454342,0.5155902004454344,0.06243532851374239,0.5041021621916558,0.5,0.066815144766147
industry_id,146,120,895,0.009833468647358541,0.007749782392007374,-0.00026755502247285306,0.05151153374812932,0.009671088203006457,-0.00026734718014278017,0.0005407679649955162,2.078423300729063e-07,0.009842837493907294,0.47752808988764045,0.4771138851856341,-0.049237860796242046,0.49418757322344764,0.49887640449438203,0.31573033707865167
industry_id,146,240,886,0.0140662448333661,0.011423013622284067,-0.0006645742619782549,0.061222172998850244,0.04011660330181705,-0.0005225368946765467,0.0011800809733802818,0.00014203736730170817,0.01407332612654402,0.5209039548022599,0.5180842911877395,0.03835706411883073,0.5042835249042146,0.4915254237288136,0.3333333333333333
industry_id,146,480,840,0.017712144417783432,0.01470467309771569,-0.00023767182087361844,0.0026969388728988065,0.0009866827839354992,0.0005040532207377034,0.0024662362963297,0.0007417250416113217,0.017544647033555755,0.5083333333333333,0.5088153926392889,0.018003126375190515,0.4894838885235493,0.4976190476190476,0.6011904761904762
industry_id,147,5,3559,0.003993490647446276,0.0024246787961446745,-0.00014632288092850075,0.026678045997873583,0.04788088848850403,-0.00014698382888407352,3.413009772694196e-05,-6.609479555727598e-07,0.0039915737688469,0.5293288212069938,0.5,0.0,0.5294380621525177,0.4706711787930062,0.0
industry_id,147,15,3545,0.006820481170690705,0.004251326413591209,-0.00014776969460146065,0.0003912795189482474,0.033623888911912266,-0.0002456313901594334,0.0001238471525217539,-9.78616955579728e-05,0.00681780391078009,0.5334651228466535,0.5,0.0,0.5092061597857868,0.4665348771533465,0.0
industry_id,147,30,3527,0.009711099339095504,0.006133813108590628,-5.1437002207215465e-05,-0.002744554779796488,0.024880490517775713,-0.00030354425412386723,0.00017772320299486256,-0.00025210725191665177,0.009708848936949531,0.5232954545454546,0.5014161337026882,0.017951418043146938,0.5047842223685726,0.4778409090909091,0.00625
industry_id,147,60,3490,0.013440578576871538,0.009059219008401688,0.0003598043717974202,0.01283268242474068,0.03546962256149865,-0.00039322248648019525,0.000320754444331287,-0.0007530268582776154,0.013436049240712107,0.5362776025236593,0.5019344996806718,0.008740463558042689,0.5078005407068898,0.46171494121020934,0.051333524519644395
industry_id,147,120,3451,0.017886378693436452,0.012884896291262783,0.0009804634486736174,0.03731213598870831,0.013571614177493209,-0.0007147550641346406,0.0009967525493184957,-0.0016952185128082582,0.0178688791008362,0.5294117647058824,0.5127894924596921,0.03022216927217198,0.5108773569573611,0.46884960880904086,0.2323964068385975
industry_id,147,240,3388,0.023598007043201585,0.017556271550225034,0.0019181326944909902,-0.00742088941330541,-0.023504111973974836,-0.001549829662240901,0.001965841278909895,-0.003467962356731891,0.02342303923983391,0.5249483318571007,0.5017497303113229,0.004282662350395361,0.4797214117719722,0.45999409506938294,0.20992028343666963
industry_id,147,480,3218,0.03708030579046778,0.026685308320133615,0.0017733787893237348,-0.10675117429939077,-0.03915747849133541,-0.0014714697511229117,0.0037089408651535937,-0.0032448485404466465,0.036457895403282335,0.5209822816288467,0.5050015371246984,0.010309050341440636,0.4943900830361036,0.4401616412806963,0.3658688218837426
industry_id,148,5,6163,0.0039056644033097975,0.002389295444838065,-0.00012726002540182281,0.0501783887469814,0.06518870979734433,-0.0001282193186836141,3.190318400004665e-05,-9.5929328179132e-07,0.003905061374927783,0.5208197787898503,0.5,0.0,0.5321692505490246,0.47918022121014964,0.0
industry_id,148,15,6142,0.007030039889872297,0.00411696381426817,-0.00012570862768094938,0.047285167857671125,0.055148431944530084,-0.00018651238484319874,0.00013442747079509646,-6.080375716224936e-05,0.007033989587074504,0.5154874470166286,0.5004154146059094,0.007676368070387833,0.5254928792147983,0.48483860449951094,0.0029344636452559502
industry_id,148,30,6117,0.009671671762978503,0.005863501906082926,-0.00012020299606893924,0.06241659677963246,0.05375774269549018,-0.00024053433807090215,0.00019003631812771415,-0.0001203313420019629,0.009680926153793823,0.51620294599018,0.5030197934391589,0.021323924332402166,0.5216628427566079,0.48625204582651393,0.020458265139116204
industry_id,148,60,6067,0.013382973836301201,0.0083600340888945,-0.00011778238038177511,0.0750281969907607,0.06341720299498392,-0.0002809455280980221,0.0003600045642909983,-0.00016316314771624697,0.013404650131750183,0.5225923482849604,0.5176199030748663,0.05367002276280675,0.5236952402587456,0.49340369393139843,0.12285620052770449
industry_id,148,120,5988,0.01763690585860385,0.011846968212518684,9.341504628775684e-05,0.14352998009591528,0.11418774193253262,-0.0003538914420414494,0.0009780985791548692,-0.00044730648832920624,0.017750461808013825,0.5257266956231206,0.5237606001304631,0.04814603429816701,0.5475398538097919,0.4878048780487805,0.4188105579685934
industry_id,148,240,5927,0.024559240805807635,0.016744464796551308,0.0002737395270595295,0.20354708222680865,0.18886271970634713,-0.0006774381995329174,0.0020373068433012045,-0.0009511777265924468,0.024891262837994817,0.5623418255441202,0.5612046327997848,0.1227194508077142,0.5948039425755303,0.48456217310612454,0.4612788932006074
industry_id,148,480,5612,0.03370426458234599,0.02447908804673329,0.0010833866922567513,0.22989554048259558,0.18927635678015992,0.0005579408847142564,0.00379970125250033,-0.0005254458075424948,0.034356799700807426,0.5458919978613438,0.5471875012705887,0.10024977032340904,0.6000077760023419,0.49616824095526646,0.6686865086437355
industry_id,149,5,2067,0.004022382429855114,0.002504878107823443,-0.00017639680234507053,0.024266046185221275,0.015039708561237618,-0.0001221950993337905,2.582814149407784e-05,5.420170301128003e-05,0.004019056524791138,0.5281553398058253,0.5,0.0,0.5141673664064391,0.47184466019417476,0.0
industry_id,149,15,2059,0.006915079852371331,0.004266813139428796,-0.0002486619933956848,0.050634261349730064,0.05945983007113517,-0.00017525557680383996,8.194750371217693e-05,7.340641659184482e-05,0.006914272244689048,0.5359572400388727,0.5,0.0,0.5200367394018218,0.4640427599611273,0.0
industry_id,149,30,2046,0.00955121689232333,0.006000850966910815,-0.00030648968043155676,0.1008075580608899,0.11857569736069551,-0.00021451573836788325,0.00010340724496844215,9.197394206367351e-05,0.009556167985288475,0.5376344086021505,0.5037398152317187,0.056379329134432964,0.5420888819339708,0.4657869012707722,0.004398826979472141
industry_id,149,60,2024,0.013182074845895318,0.00871017405936383,-0.00018050409162143012,0.1406627502104142,0.12251084865094755,-0.00027932175017261545,0.00022912982749379713,-9.881765855118532e-05,0.013211116699872674,0.541769649036085,0.5195355151087457,0.07249213741626041,0.535521479608339,0.4735541275333663,0.07859614434008898
industry_id,149,120,1991,0.017704419832017836,0.012297643821732063,0.00046235414482519974,0.19712226535258057,0.19089866803692826,-0.00030553691929495334,0.000722421055031381,-0.000767891064120153,0.017826610015710277,0.5796082370668006,0.5691131861947342,0.1429810290664431,0.5858836747672134,0.4590657960823707,0.3661476644902059
industry_id,149,240,1975,0.02540574178367786,0.018066169137543362,0.00020823145963513065,0.23002864985657928,0.27319178392030896,-0.0005787931338447748,0.0015053004491683121,-0.0007870245934799054,0.02570887887981073,0.5954430379746836,0.585821831999635,0.17419942887185422,0.6223886061088779,0.4470886075949367,0.4
industry_id,149,480,1917,0.03537842558389342,0.0255538725074883,-0.00025075020912068946,0.29888477484378617,0.3177412674623903,0.0006255005951424265,0.002894144516258345,0.0008762508042631159,0.03613458194525361,0.6103286384976526,0.6171535838415634,0.2385326141467414,0.6444668502852646,0.4679186228482003,0.5988523735002608
industry_id,15,5,6546,0.00454035586450204,0.0023849616667733302,-0.00031919813929125505,0.007597840976940175,0.0374797241912384,-0.00014180122678430845,4.350507829801736e-05,0.0001773969125069466,0.004529243365820602,0.5036708473539309,0.5,0.0,0.5250848674196608,0.49632915264606914,0.0
industry_id,15,15,6513,0.007036659747385772,0.0042060711520287945,-0.0006630979326250842,0.015043128471106096,0.04250083440130191,-0.00023527690144810396,0.00016392491278630625,0.0004278210311769802,0.007005894834863886,0.4930075303519287,0.5003029385034838,0.017280262849306848,0.5259374793891263,0.5072998309512833,0.0003073613032119256
industry_id,15,30,6481,0.009966571857478762,0.006027331054907416,-0.0011150972648304965,0.042398579473991685,0.05051852378607834,-0.00031034517810665097,0.0002535548878447054,0.0008047520867238455,0.009911504791322964,0.48927303596233984,0.5025662849257642,0.016682696298267907,0.5331814666365318,0.5139682049699028,0.02423213458867109
industry_id,15,60,6429,0.014238136381746966,0.008965761194072058,-0.0019324833457556264,0.07446187395034952,0.06223878453281363,-0.0003767591792757138,0.00044282129241337377,0.0015557241664799126,0.014132442523243655,0.5050567916601836,0.5227854250933549,0.06617164238360364,0.5406856764015845,0.5243503967636534,0.1370779523883616
industry_id,15,120,6336,0.019748767291796636,0.01282749700172981,-0.0032232159795295926,0.10979868518315562,0.08167653631068224,-0.0005962021420343419,0.0011545936771879175,0.0026270138374952508,0.01957690585167945,0.5098689404705511,0.5286554465315081,0.06166586451902273,0.5487001525441648,0.5487130901626401,0.3099636822990684
industry_id,15,240,6258,0.028166623001001336,0.018670978208700884,-0.00648532004908259,0.12428421292580329,0.11781982568298116,-0.0011876853359339312,0.0023314651893410086,0.005297634713148659,0.02760180394273588,0.5227744925683234,0.5539015520242053,0.11287269301372024,0.5889608433100298,0.5868627137605882,0.33019018699057057
industry_id,15,480,5872,0.03779349235410727,0.0249333729124194,-0.010174354042081082,0.11844117531158434,0.1030598731435953,-6.719963166985486e-05,0.004209258331895463,0.010107154410411226,0.03665600074231477,0.5621805792163543,0.5524227323122961,0.1016397363322756,0.5819643639223874,0.6321976149914821,0.5507666098807495
industry_id,16,5,7420,0.004050770520997572,0.0024474519449435217,-0.0002330497975922144,-0.017546479107926012,0.014303977890562255,-0.00016167864036635557,2.702846244442639e-05,7.137115722585884e-05,0.00404349647906874,0.5248313090418354,0.5,0.0,0.5076488868281696,0.47516869095816466,0.0
industry_id,16,15,7393,0.006923574518748114,0.004377436905841116,-0.0004140394392477793,0.009372767084850605,0.025072435085868115,-0.00026424936349037277,0.00014121253206490439,0.00014979007575740652,0.0069110642297944775,0.5234872072559903,0.5,0.0,0.5055669182123798,0.47651279274400976,0.0
industry_id,16,30,7352,0.009581470527493969,0.00623628414995054,-0.0006719464470929571,0.007820886092489921,0.02746938023392015,-0.00034256656154719046,0.00022544230719947982,0.0003293798855457667,0.00955698394707076,0.513679052674561,0.4995481204614585,-0.007916018219248628,0.511607697363376,0.4857765074179937,0.0032666394446712946
industry_id,16,60,7268,0.013104396748769908,0.008830088874045636,-0.0010474664982463829,0.009313789582859852,0.0229672684144625,-0.00044273941871316987,0.0004109698060554422,0.000604727079533213,0.013059828090477267,0.5114230663363611,0.5020039635841442,0.008355665976219305,0.5109043285992417,0.48926507018992565,0.061244150839526564
industry_id,16,120,7139,0.017885522729564382,0.01265573279710713,-0.0013208700700258198,0.031860458002903415,0.04385046776290345,-0.0006806468560110811,0.0012415587674819543,0.0006402232140147389,0.017833019535132263,0.5049033342673017,0.5043843933903192,0.009621570096153814,0.5258193799812839,0.49873914261697955,0.2942000560381059
industry_id,16,240,7052,0.024146466316909844,0.017589445027743258,-0.0023205940161764712,0.08331847217360801,0.0599229359803611,-0.0013780942376985907,0.002532050574636207,0.0009424997784778806,0.02411284738567877,0.5031910367323784,0.506758004229819,0.014715744255279363,0.5255968595227828,0.5090058147780456,0.30208481066515386
industry_id,16,480,6638,0.035396461300076794,0.02440924948187166,-0.0047141893289417095,0.0539099715834077,0.05615338378007066,-0.000631328282982538,0.0046449841076779035,0.0040828610459591715,0.0350235718734777,0.512805061765592,0.513868736699555,0.027758467441592213,0.5351390391969477,0.5191322687556493,0.4727327508285628
industry_id,17,5,6039,0.003467756699863515,0.002135410432948515,-0.00021671856636116865,0.01219136104070827,0.0310646010969799,-0.00012527283550962167,3.396595873545929e-05,9.144573085154697e-05,0.003461225568009811,0.5102414654454621,0.5,0.0,0.512222368459601,0.4897585345545379,0.0
industry_id,17,15,6022,0.005959761240475231,0.0036885405940869655,-0.0004365895558575017,0.019870563154396025,0.04348320113674589,-0.00020604304231971836,0.00012539094533446787,0.00023054651353778335,0.005944917601870771,0.5026640026640027,0.5023394309495282,0.020929618868193417,0.5219883998733644,0.4996669996669997,0.012654012654012654
industry_id,17,30,5996,0.008405078235432262,0.005318649346947382,-0.0007050695498226572,0.026996456259161673,0.05353772889372275,-0.00026565417880590415,0.00018701341722582158,0.00043941537101675304,0.008378415319052207,0.501921470342523,0.5077842555829187,0.0440609856601219,0.5297829376846314,0.506265664160401,0.03224728487886382
industry_id,17,60,5948,0.011988679714061479,0.007829492088116253,-0.0011523165776354965,0.038052365575115515,0.06181802764904346,-0.00032431676405827715,0.0003265048480354309,0.0008279998135772193,0.011941135726846625,0.4973063973063973,0.5162710411091431,0.0525978807148368,0.5393540058344737,0.524074074074074,0.1069023569023569
industry_id,17,120,5873,0.016893856109550444,0.011350990554619944,-0.002112817254502475,0.06854995997387017,0.07751996826111256,-0.0005310730525910827,0.0009754775937158939,0.001581744201911392,0.016799809289942035,0.5024697666496338,0.5187927002105485,0.042040246854456516,0.5496806196305779,0.5358541986033044,0.2737182762732073
industry_id,17,240,5795,0.02326102026939191,0.0165822875951764,-0.004227341519332991,0.11514081823589492,0.11154698432828539,-0.0010757230606928108,0.0020772194692785617,0.0031516184586401798,0.023019581229717215,0.5111341273951321,0.535679701440571,0.0775143295593878,0.5586914208894885,0.559295701708959,0.2972553081305023
industry_id,17,480,5421,0.0340056482519464,0.024353163574546127,-0.007317370374396643,0.11682823595326483,0.12123713864393834,-0.0003512281580200892,0.003975039546523873,0.0069661422163765545,0.03343794578571835,0.5445489762036525,0.5493536295160208,0.09769662320245055,0.5735016792624115,0.5753551005349566,0.4755580151263604
industry_id,18,5,4154,0.004821304523238016,0.0029106204284151025,-0.00023688383904065682,0.01187789126476956,0.0019058635769153454,-0.00014769562325376955,3.2356567767623355e-05,8.918821578688727e-05,0.004815757267953822,0.5216763005780347,0.5,0.0,0.4955926480748434,0.47832369942196534,0.0
industry_id,18,15,4125,0.00872016479666148,0.005154028182405179,-0.0004230292340405757,0.01681223366096407,0.0224099071540881,-0.00027136292926452095,0.00013238751953151108,0.00015166630477605477,0.008711117671291794,0.5230470645317807,0.5,0.0,0.5044965479949494,0.4769529354682193,0.0
industry_id,18,30,4094,0.012099465238038305,0.007441205000136037,-0.0005254059325503009,0.0291921818552969,0.03898890788623615,-0.00035875675253158675,0.00019747513818711097,0.00016664918001871418,0.01209220525059893,0.525647288715193,0.49956135312867933,-0.014020938892094372,0.5121299141372082,0.4738641914997557,0.0009770395701025891
industry_id,18,60,4044,0.017262396387951743,0.011042833908584604,-0.0008960391311437422,0.04207425142072002,0.08178140845563497,-0.000504966618554919,0.0003463818585971886,0.0003910725125888231,0.01725022503412528,0.5364828097947069,0.5041928989166213,0.028829560239432485,0.5436650499160486,0.4662379421221865,0.021518674251793223
industry_id,18,120,3955,0.025028594950937334,0.0166078200238989,-0.0014702973684965212,0.024872243886379465,0.07013525368628004,-0.0008912399534239668,0.0011275175111883032,0.0005790574150725544,0.02498797741583731,0.5304677623261694,0.514230773374126,0.035307590013423616,0.5366962711485318,0.4725663716814159,0.20328697850821745
industry_id,18,240,3874,0.036100295446095554,0.024574782864839332,-0.0025117067601311592,0.031475444625432024,0.10132616532752955,-0.0017296817244684913,0.002314755752399453,0.0007820250356626681,0.03601127577442458,0.5454310789881259,0.5336499839760709,0.07914490207560117,0.5585886924473881,0.4775425916365514,0.23618998451213216
industry_id,18,480,3600,0.045852065016801155,0.03375155282485543,-0.003557061117100804,0.033410783595361294,0.08685250836520879,-0.0012331185643173134,0.004289773670351424,0.0023239425527834907,0.04565571385196883,0.5380555555555555,0.5326801578182115,0.06623822101031182,0.5549793244755817,0.4683333333333333,0.41305555555555556
industry_id,19,5,6584,0.0033263994794945073,0.002084432080998679,-0.00019127443477965237,-0.0006433113162476244,0.02013030900556966,-0.0001296152341159428,3.291835030805073e-05,6.165920066370955e-05,0.0033207112681272843,0.5082669932639314,0.5,0.0,0.5058554892046392,0.49173300673606857,0.0
industry_id,19,15,6558,0.005488457030940669,0.0036082433650222387,-0.00036632041379704795,0.027180622405593147,0.04378306886959776,-0.00020463964817366673,0.00012091651821185423,0.00016168076562338122,0.005478171053698306,0.5059021922428331,0.5011457834848102,0.013269216886448191,0.5218453347423327,0.4951709336195002,0.0075118810363329755
industry_id,19,30,6528,0.007622526940226417,0.00514413352017626,-0.0006234422738362959,0.04241006356005044,0.05334129956256426,-0.0002639640532317001,0.00018217944025401183,0.00035947822060459583,0.007602534141253898,0.4923147863510606,0.50297715707028,0.017078476437815918,0.5314507126295545,0.5113741162004304,0.03135567168767292
industry_id,19,60,6470,0.010788696579144701,0.0074887044838721625,-0.0010291317851629195,0.05695097092543373,0.06346283432453005,-0.0003231832535467449,0.0003302853878342395,0.0007059485316161746,0.010753246576059727,0.49597149054849704,0.5095759656068138,0.03411044101965047,0.5386686377705378,0.5164239231484351,0.08614812519367834
industry_id,19,120,6368,0.014689589869309341,0.010570688919984444,-0.0017364902375167422,0.056172787942418284,0.060289619846669314,-0.0005092488701080383,0.0010149348697583978,0.001227241367408704,0.01460836250834156,0.5018856065367693,0.5145187645284766,0.03211710414260789,0.5362218904699536,0.5292269013199246,0.28472658705216847
industry_id,19,240,6268,0.02052302108295877,0.014432607781515588,-0.003190218158760695,0.07662257432083357,0.0906244100649251,-0.0010681842678157737,0.0020792084886334158,0.0021220338909449213,0.020326594132951067,0.5186072512378215,0.5327168244305359,0.07162035144623721,0.5530064765572574,0.5339402651333652,0.29436192301549274
industry_id,19,480,5844,0.029127328212430702,0.021353610430326284,-0.004817530126363136,0.09725612894846737,0.11162920725141848,-0.0003441932110087519,0.004041608403147848,0.004473336915354384,0.028836217264895124,0.5386853817185895,0.5431708388230128,0.0856965414396987,0.5707339223998014,0.5669291338582677,0.4722697706264978
industry_id,2,5,1809,0.005753877576564573,0.003247551176528662,-0.00033248940432793614,-0.0026483483676720348,-0.0032978529861921032,-0.00012575682283527087,3.279759023595807e-05,0.0002067325814926653,0.005744082557252817,0.5046987285793256,0.5,0.0,0.47917970583633235,0.4953012714206744,0.0
industry_id,2,15,1796,0.009616436202436551,0.005811572351882547,-0.0008556288845312755,0.0232927960393407,-0.003766331078601183,-0.0002636120686590356,0.00012856412957439376,0.0005920168158722399,0.00958042771255798,0.48329621380846327,0.5,0.0,0.4928523011679644,0.5167037861915368,0.0
industry_id,2,30,1786,0.013125402253616188,0.008358722089503825,-0.0015080547540699011,0.013251736908215406,-0.037986595515464926,-0.0003334873853900422,0.00017411101985944543,0.001174567368679859,0.01303962470663619,0.46976483762597987,0.49881093935790727,-0.035492409135658376,0.47616468175326676,0.5291153415453528,0.0011198208286674132
industry_id,2,60,1763,0.018616132199527985,0.012638013561944569,-0.0026303213418113094,0.010216153629862043,-0.03318924364612724,-0.0004230084199676532,0.0003398197454625479,0.002207312921843656,0.0184297116986053,0.43221781055019853,0.4963943701314444,-0.013222631070086126,0.4691179415826034,0.5762904140669314,0.07884288145207033
industry_id,2,120,1720,0.025177876658360358,0.01849927479429425,-0.0051744341645633875,0.0685677987260967,0.023033756894727326,-0.0010498015930690684,0.0009588501496666385,0.004124632571494319,0.024687598998469718,0.3901162790697674,0.4715686606885563,-0.09248045754860844,0.50178410997915,0.6034883720930233,0.10058139534883721
industry_id,2,240,1686,0.03370194260341113,0.02682793973753537,-0.011300213469518526,0.053575690301374525,0.040168049974015844,-0.0020339407266641296,0.0019494692341505157,0.009266272742854397,0.031795714078872474,0.43238434163701067,0.4992000734358813,-0.0022737881069931263,0.5197898043604011,0.5925266903914591,0.1387900355871886
industry_id,2,480,1524,0.04768959964359804,0.03803787061633676,-0.025686111493273277,-0.0054415846288382195,-0.03833235139274695,-0.002218216482824597,0.0033580947917004034,0.023467895010448683,0.04002227014339813,0.41338582677165353,0.5363894740980392,0.07033475976385176,0.5437885476817623,0.7526246719160105,0.27493438320209973
industry_id,20,5,5602,0.0044604616045034766,0.002880300514480106,-6.879379678395077e-05,0.04116136628126558,0.046803418647023476,-0.00015925250494971136,2.7190210063532736e-05,-9.045870816576058e-05,0.004460967511400059,0.523852063605503,0.5,0.0,0.517265715185224,0.47614793639449704,0.0
industry_id,20,15,5584,0.008135855245614505,0.0053158685615032454,-0.00022287161980256282,0.05306059215226237,0.06166766030390578,-0.00025730977913319405,0.00013317220505966028,-3.44381593306312e-05,0.008138780893070992,0.5249865663621709,0.5,0.0,0.5248169564127779,0.4750134336378291,0.0
industry_id,20,30,5558,0.01199056526581209,0.007911192678306265,-0.00044461967384680344,0.06959044307006851,0.06701991502032195,-0.0003143960441855089,0.0001855713008622526,0.0001302236296612945,0.011993802887737416,0.5114270289724672,0.5027061479639039,0.026623622592699785,0.5309055443575034,0.49109231599784053,0.010437286305560555
industry_id,20,60,5508,0.01730586665152574,0.011636665415442738,-0.0008638133793098301,0.0904011160919117,0.0746168593298449,-0.00042772697933133523,0.0003994988327314121,0.00043608639997849496,0.017315830184075235,0.5027243007628042,0.5019930112004458,0.0067233332939101425,0.5325535718244029,0.4990918997457319,0.09734834725753723
industry_id,20,120,5437,0.024401723054184796,0.017373619955788976,-0.001404918720121231,0.1093828812704952,0.0753064984697113,-0.0005705393383707505,0.0011896991642553617,0.0008343793817504805,0.02446265913928754,0.5119573215599705,0.519110425189472,0.041027896484067905,0.5351359654069906,0.5194996320824136,0.3173289183222958
industry_id,20,240,5344,0.03220232877975588,0.02398856851288149,-0.002577323957132381,0.18523939072439569,0.1553584099693288,-0.0012289074894577066,0.0024518924960405257,0.0013484164676746744,0.03246265297009403,0.5232035928143712,0.5393212751598211,0.08431639494322074,0.5911829350698864,0.5428517964071856,0.31530688622754494
industry_id,20,480,5120,0.03978654941886795,0.030640490085242788,-0.005598575059925892,0.19856958843883474,0.18796227919097325,-0.0003224592467063303,0.004544587745663985,0.005276115813219562,0.04004046171454965,0.57890625,0.5827235823628465,0.16445021957048622,0.6107229404355542,0.5591796875,0.4775390625
industry_id,21,5,5232,0.004697208830764556,0.002718879233070615,-0.0002182607292896533,-0.009397544809661682,0.03132715276834798,-0.00015062753530732073,6.159851864873803e-05,6.763319398233258e-05,0.004691152043644802,0.5255404629806772,0.49965612266079,-0.012418855266507753,0.5104012435661541,0.4740769083604362,0.0007652573177731012
industry_id,21,15,5198,0.008261358411263554,0.004911948238689301,-0.0004427984134536641,-0.0009154727249321208,0.0451339354326099,-0.0003040900437746695,0.00018938638195040947,0.00013870836967899458,0.008247135588667982,0.5282909930715936,0.5,0.0,0.518221104504388,0.47170900692840645,0.0
industry_id,21,30,5155,0.011622784121327771,0.007112045837110554,-0.0006182317254523298,0.023343476306445513,0.04496596492759292,-0.0003974151324394279,0.00032544740029920343,0.00022081659301290195,0.011609365989226928,0.5217306946061312,0.502207284112984,0.020732772288239325,0.5149701673524053,0.4800155219247187,0.011447419480015522
industry_id,21,60,5088,0.01611980013303125,0.01026990304419496,-0.0009583171859133349,0.04778696151807292,0.0634075433654268,-0.0005724641076474356,0.0006099784056937079,0.0003858530782658993,0.016108899028505333,0.5180817610062893,0.5025786747565538,0.012229248118627184,0.5245522879502355,0.4829009433962264,0.04658018867924528
industry_id,21,120,4979,0.021359886476817268,0.014467839013997673,-0.0013434010776356415,0.05811755238615361,0.07212055043387172,-0.0010724577194117261,0.001671341255876432,0.0002709433582239155,0.02134933596819531,0.5137577826872866,0.5037906834601633,0.009554652642338228,0.5282852374620576,0.4836312512552721,0.1954207672223338
industry_id,21,240,4885,0.029452716739786382,0.021034358484824333,-0.0020941293423513605,0.12918834276870672,0.14402969961083284,-0.0021721159430299845,0.0034390704393124885,-7.798660067862377e-05,0.029623858263757435,0.5361310133060389,0.5235316981597326,0.056479105023724295,0.5646750901253642,0.47717502558853636,0.22292732855680655
industry_id,21,480,4578,0.0471663483082189,0.03516320818965687,-0.007666119128810181,0.1359423062576249,0.11380465174974144,-0.0021123343681784972,0.006009756024195671,0.005553784760631684,0.04697372737147163,0.5316732197466142,0.5345851500698177,0.07124526269413374,0.5373693592050868,0.5120139799038882,0.3796417649628659
industry_id,22,5,25093,0.005505191319250009,0.003460899209366884,-0.0003438978003827569,-0.006108912936793798,0.003501339782800904,-0.00017195490584787852,3.9824434094803076e-05,0.00017194289453487834,0.005494051924492771,0.5038870948451142,0.5,0.0,0.5008720005572747,0.49611290515488576,0.0
industry_id,22,15,24920,0.010552486010652326,0.006527104152158156,-0.0009033714657023505,0.008210991574476726,0.009788189806855172,-0.00033491144392222555,0.00018955854117792354,0.000568460021780125,0.010513594847362065,0.49652847453545773,0.5000648749062457,0.0013950439590187853,0.5066917444571709,0.5035517919492716,0.0021671950876911345
industry_id,22,30,24695,0.015009715721180705,0.009525855604046894,-0.0016479230596708843,0.004539449770062294,0.0089061418663145,-0.000449560706708848,0.00029453214590276087,0.0011983623529620362,0.01491740781763927,0.4861876215165262,0.5005390082525343,0.004950213133220703,0.5112306763718717,0.514703499675956,0.011989630589760207
industry_id,22,60,24339,0.02092543691277876,0.013753235864172498,-0.0032474454073276003,-0.0254916322647347,-0.013631258880155225,-0.0006131275463453267,0.0005195350490427362,0.002634317860982274,0.02065214434530428,0.4654449831539157,0.4986093687008776,-0.006060640472371749,0.5046779440869171,0.5373079135508259,0.05542772618949791
industry_id,22,120,23879,0.028642546804999107,0.020112854471277402,-0.0060400949688152825,-0.05022238127667469,-0.037903153887594306,-0.0010315130921996372,0.0014349477016606582,0.005008581876615645,0.027889672706339554,0.46557500628193316,0.5016209286272313,0.003773958081279981,0.49635333780180335,0.5685568305553229,0.2373314347935338
industry_id,22,240,23370,0.04066200994825103,0.029299485396391486,-0.012551700918698401,-0.012254288304236296,0.0024317383934966603,-0.0022075767251432767,0.002884719841248853,0.010344124193555125,0.038533205632841586,0.4548566538296962,0.5156556850517082,0.03648599668264071,0.5388150981861249,0.6097988874625588,0.22657252888318358
industry_id,22,480,21897,0.060805276222794385,0.04285396859342632,-0.025651358933352075,-0.05380814785981112,-0.027802150708462658,-0.0017519384189672816,0.005170237375618118,0.023899420514384793,0.054609278937677426,0.4833538840937115,0.5230608322475307,0.04337641704232808,0.5356082015660836,0.6918299310407818,0.40535233136959403
industry_id,23,5,5793,0.006269916901695682,0.0036981946741349242,-0.000562024593059009,-0.04490979907513202,-0.03060705782388653,-0.00017845599886148162,4.851263094214399e-05,0.0003835685941975273,0.006242309884013174,0.49223066298342544,0.5,0.0,0.4863441438194464,0.5077693370165746,0.0
industry_id,23,15,5719,0.01188231550805232,0.007002921313398942,-0.0017842316342231441,-0.07350031166546393,-0.0377483324159789,-0.00035454546490916493,0.0002404242723749518,0.001429686169313979,0.011727474451127363,0.4700944386149003,0.4993807129369675,-0.015594942810217526,0.49557316248400834,0.5293809024134313,0.0015739769150052466
industry_id,23,30,5621,0.016773529866940036,0.01026827526554239,-0.0031919400123827657,-0.10065923242863153,-0.0577499085521799,-0.000474530304919198,0.000382507619652822,0.0027174097074635674,0.01642412121586614,0.45462633451957296,0.5024327166828102,0.02247311062382023,0.48714413127079875,0.548932384341637,0.011743772241992882
industry_id,23,60,5475,0.02366220030636602,0.015056245786512192,-0.0063697292598144115,-0.1779200622665067,-0.11943804886269604,-0.0006389512824847205,0.0006679837258715441,0.0057307779773296905,0.022660401513627693,0.4328767123287671,0.5022778763447576,0.008088120469182893,0.47349143794109794,0.5833789954337899,0.08420091324200914
industry_id,23,120,5279,0.03262668800681102,0.022678882227620357,-0.012307312813482735,-0.24028599648104199,-0.17883243606410557,-0.0010767699053660892,0.001753139753169956,0.011230542908116646,0.029747185171775416,0.43246827050577763,0.4846125894802365,-0.03199329145108835,0.46616129785247434,0.639325629854139,0.30858117067626445
industry_id,23,240,5095,0.04825940938246302,0.03388015510224997,-0.02457079034635052,-0.3354423176670243,-0.23185669089040511,-0.002171725264037077,0.003403997105779355,0.02239906508231344,0.04027027273505371,0.42854338437377304,0.5167881604795096,0.03262319016354016,0.4810076306685165,0.721044365920691,0.3078131134668237
industry_id,23,480,4977,0.0877212968061363,0.06013814902466546,-0.0536605340136623,-0.453079646530081,-0.30548930277001757,-0.001919661031268546,0.006124411587784493,0.05174087298239376,0.06640437287545008,0.4562989752863171,0.4839779265220171,-0.024992029746351552,0.46469747677960366,0.8157524613220816,0.4460518384569018
industry_id,24,5,19017,0.0052111541656078625,0.003469269066653424,-0.0002500110404378658,-0.008874541724688535,0.0008528543058927098,-0.00017882562746592573,2.783961483269436e-05,7.118541297194007e-05,0.0052048319206183845,0.5116474733133513,0.5,0.0,0.503204763789762,0.4883525266866488,0.0
industry_id,24,15,18936,0.009796621763605146,0.006433278527953353,-0.0007283824512658345,0.010248141181300921,0.02071806652773662,-0.00034000625026177746,0.00016359260445644716,0.00038837620100405694,0.00976981335649042,0.5083438952260245,0.5,0.0,0.5089368426408695,0.4916561047739755,0.0
industry_id,24,30,18826,0.014331409838370595,0.009522414447961102,-0.0013792380192048385,0.006591916005686267,0.01578237690532489,-0.0004330299071154797,0.0002657324369812203,0.0009462081120893588,0.014264163816468771,0.4953787315414852,0.5008884430034248,0.024394989640633087,0.5072976702996204,0.5055242749389143,0.0013279507064697757
industry_id,24,60,18623,0.02109418051033679,0.014469301672276958,-0.0025661081775904446,0.000505340165181313,0.010739923495834556,-0.0006063709218490315,0.0004841068267431677,0.001959737255741413,0.020932162392707496,0.4850453739998926,0.5022674224799352,0.010370472576691802,0.5076527826000781,0.5191429952209633,0.05026043065027117
industry_id,24,120,18333,0.02972375439595994,0.02156713350719845,-0.004656525196247876,-0.004879727954813324,0.01877817919848662,-0.0009509917303560202,0.0014364731430962462,0.0037055334658918563,0.029314568506234616,0.49528173239513446,0.5210813764514289,0.04864024619281902,0.5227411048126213,0.5505372824960454,0.2468772159493809
industry_id,24,240,18103,0.04028607484630505,0.030857556477216223,-0.00927944360149771,0.04047452037455742,0.07189250106510879,-0.0021034003229959334,0.002882030038334717,0.0071760432785017755,0.03921354460357844,0.4816328785284207,0.5317562985498357,0.07562095067877429,0.5602360737591247,0.587416450312103,0.21885875269292382
industry_id,24,480,17111,0.056031286625503336,0.042559994165265645,-0.01957690568411034,-0.005900926322237911,0.03338403404344431,-0.0016647397866358302,0.005139973801617921,0.01791216589747451,0.05221745818870239,0.5125357956869849,0.5436784715184151,0.08665209123673905,0.5487793278844458,0.6272573198527264,0.38875577114137105
industry_id,25,5,7096,0.004758489440331292,0.002857436154532072,-0.00019239775449935074,0.02038075359653351,0.04644947318596096,-0.00016383446782969682,3.437328012595121e-05,2.856328666965393e-05,0.004755174638485038,0.51939077704132,0.5,0.0,0.5180033898294282,0.48060922295868,0.0
industry_id,25,15,7058,0.008530266729841564,0.005180053843857354,-0.00036075909066851685,0.05455366940982837,0.06875788334587091,-0.00030156226261247995,0.0001797486595358299,5.919682805603686e-05,0.008530550631004366,0.5245181405895691,0.5,0.0,0.5312549353278265,0.47548185941043086,0.0
industry_id,25,30,7012,0.011994313410753799,0.007540322537278351,-0.0004623986392104882,0.0796100473796939,0.09148861380884098,-0.0003924242310898921,0.00027368898541293307,6.997440812059604e-05,0.012004079942177196,0.5244755244755245,0.5022334821750007,0.031208761008514902,0.5388964437187309,0.4775224775224775,0.005137719423433709
industry_id,25,60,6921,0.016754996229644055,0.01128116098974494,-0.0008198092442234749,0.09009826133509026,0.10411189009692505,-0.0005382292331824112,0.0005186820590190842,0.00028158001104106365,0.016773685579736804,0.5198670712324809,0.5077902426712221,0.028743197169465905,0.5506795145238342,0.48562346481722296,0.07975726051148678
industry_id,25,120,6802,0.02349795877338871,0.016870914311334455,-0.0013646422499198059,0.0903787909045731,0.11150128723390022,-0.0009294845722511318,0.001465486569966485,0.000435157677668674,0.023545302422617397,0.5226403998823875,0.5188482507540364,0.04342563104780003,0.5510498571570266,0.4923551896501029,0.25169067921199645
industry_id,25,240,6631,0.032088242733000885,0.024373148951849465,-0.0027458689503720756,0.1612233476851423,0.16757589217680965,-0.0018716265142644157,0.0030218938292201165,0.00087424243610766,0.03231833313329956,0.5326496757653446,0.5388306090028085,0.0869688781127964,0.5926095308325026,0.5136480168903634,0.27461921278841805
industry_id,25,480,6263,0.047070105679674824,0.03497457678629643,-0.006949347770855419,0.10554796565170951,0.15075989249151314,-0.0014605141037221687,0.005431231485468079,0.005488833667133251,0.04681319229192671,0.5709723774548938,0.5738442993809102,0.14935282243909484,0.6015630408611505,0.5181223056043429,0.4234392463675555
industry_id,26,5,3186,0.004071120989189935,0.0025259734276717426,-0.0001923369965539553,0.00724535348864437,0.024411980161970145,-0.00011942208141357015,4.416391063706278e-05,7.291491514038516e-05,0.004066655217696845,0.5028409090909091,0.5,0.0,0.5074195637660798,0.4971590909090909,0.0
industry_id,26,15,3169,0.00648571720470751,0.004134322980740378,-0.00032036903031803637,0.011668730751714972,0.03450630458211576,-0.00020394183005337875,0.00016983946491618205,0.0001164272002646576,0.006477555131364544,0.5085659898477157,0.5023459999613429,0.023771221831682218,0.5147402165439305,0.4936548223350254,0.00983502538071066
industry_id,26,30,3151,0.008890776761596258,0.005803386851338184,-0.00023038876423151124,0.08312396241294172,0.05554849697583283,-0.00027184221076572763,0.00025607092629800765,-4.14534465342164e-05,0.008905412666549112,0.5084421790379101,0.5068207282913165,0.03600636151749571,0.5166132829943572,0.49824784963364127,0.03727301688435808
industry_id,26,60,3116,0.013124310465976384,0.008735662158471878,-0.00019545542774190906,0.109949333305818,0.07280889271250669,-0.000339736218538583,0.0004503845731516366,-0.00014428079079667396,0.013164736915929906,0.4993581514762516,0.5052423203015673,0.016241913528433325,0.5349937860249845,0.5077021822849808,0.11810012836970475
industry_id,26,120,3066,0.018319981192562385,0.012223580991404982,0.00019729964690293913,0.1558905988916508,0.08956918414257048,-0.0005588442690247355,0.001261703215354692,-0.0007561439159276747,0.018473163664460297,0.5097975179621163,0.5124371368767829,0.026410253134930114,0.5462602175912196,0.507838014369693,0.3318092749836708
industry_id,26,240,3015,0.024284591352554338,0.016319940510002528,0.0007482378964517706,0.2710090267142059,0.1658494432778707,-0.0009948086100869857,0.002548903687463972,-0.0017430465065387563,0.024839518702077724,0.546449900464499,0.5519879388687463,0.10802942977262461,0.5867510140250123,0.519907100199071,0.36297279362972795
industry_id,26,480,2834,0.035491530613892576,0.024840826994615695,0.0010465229300691786,0.2417325019919395,0.15568541439522052,-0.0003497361631251624,0.004642197701024291,-0.001396259093194341,0.03631112857805938,0.5757147899752912,0.5742282603241506,0.14812687424355445,0.5865484971649355,0.5411224849982351,0.5241793152135545
industry_id,27,5,3220,0.003577824126838439,0.0022453168448686466,-7.901492419341381e-05,0.024163108409584164,0.01920940599461272,-0.00012610351532654836,3.4980008360664266e-05,-4.7088591133134535e-05,0.0035776257945926647,0.5388198757763976,0.49920053085682975,-0.010688385413430031,0.5092127267411363,0.45993788819875775,0.0055900621118012426
industry_id,27,15,3210,0.006526611245806544,0.004064749533623367,-5.7666208159967494e-05,0.02575091610103614,0.036529113447769886,-0.00018724112833240446,8.595758830798789e-05,-0.00012957492017243697,0.006528004255192308,0.5381738859457775,0.5004307626667667,0.005750937774763395,0.517039838025423,0.4618261140542225,0.005609224057338735
industry_id,27,30,3198,0.009210354765059438,0.0059322519548885835,6.699338393722942e-05,0.03265129718457418,0.045619275959197986,-0.00022725871809772225,0.00012842114092519278,-0.00029425210203495167,0.009213409824980881,0.5483265561463873,0.5079461948415888,0.042157364067336174,0.5109214580978664,0.45636534250860183,0.036596809508914606
industry_id,27,60,3184,0.013219473981336091,0.008661226410103024,0.00020185732119668945,0.03329618817912466,0.04287619679529201,-0.0002653484509630572,0.00025309716623930155,-0.0004672057721597467,0.013223939223260409,0.5505653266331658,0.5091721616986786,0.02825353391188257,0.5131355720722609,0.44566582914572866,0.11809045226130653
industry_id,27,120,3152,0.018258954185874966,0.012960369335438928,0.00046554449730064134,0.05767810345395327,0.05681674788619779,-0.0002652726739350716,0.0008893059349504575,-0.0007308171712357129,0.018282707090791828,0.5126903553299492,0.5021863731796252,0.0045399509051190605,0.5110090034276598,0.462246192893401,0.3607233502538071
industry_id,27,240,3141,0.02508440200852067,0.018471606127850156,0.0011087250035261595,0.10405015269295663,0.10114977143106064,-0.000443659918146301,0.0019100935467859998,-0.0015523849216724605,0.025186522445486272,0.5249920407513531,0.5167480024605237,0.03390295184235014,0.5276307889381139,0.4533588029290035,0.41006049028971664
industry_id,27,480,2999,0.034767737122050196,0.02545751682778593,0.004684227064857609,0.1559980932749994,0.16610404956118358,0.0005414826525013463,0.003693661081221729,-0.004142744412356263,0.034833209797969375,0.5311770590196733,0.5393534062601537,0.07876601805444194,0.571242192858948,0.43981327109036344,0.563187729243081
industry_id,28,5,920,0.003025622501030649,0.002004858937707332,-0.00026259688610110745,-0.010629137542965695,0.01670669183691671,-0.00010566419932729332,2.014544933860273e-05,0.00015693268677381412,0.003013923990325446,0.4826086956521739,0.5,0.0,0.508571333938981,0.5173913043478261,0.0
industry_id,28,15,918,0.005127386595722275,0.0035963662498438792,-0.00046159194708220023,0.07148219892737837,0.0349830565698452,-0.0001575562458095158,6.943933289781969e-05,0.0003040357012726844,0.0051110609131890285,0.45910577971646677,0.5,0.0,0.49676988353382884,0.5408942202835333,0.0
industry_id,28,30,915,0.007218416195126572,0.005221701447628787,-0.0007194665759383835,0.10112270010658424,0.06967347734104622,-0.00017799542037721805,8.823330433687159e-05,0.0005414711555611655,0.007190857693582621,0.45792349726775955,0.5073049987925622,0.04641318975068369,0.526194156000966,0.5519125683060109,0.025136612021857924
industry_id,28,60,909,0.010300611150021644,0.0074118436502793195,-0.001154924021817777,0.08124004938585003,0.05535090523938909,-0.00022063658738455543,0.00017264616845709798,0.0009342874344332217,0.01024823950932231,0.43234323432343236,0.49814849745356354,-0.006686324821801948,0.5278271401483188,0.5786578657865786,0.0814081408140814
industry_id,28,120,897,0.014029513895998779,0.010504045818028562,-0.001990632647346465,0.04306431051490796,0.02270015768909837,-0.0002913617184660797,0.0006562912799372341,0.0016992709288803853,0.013900347014631585,0.48272017837235226,0.5210629495847612,0.04537906162475855,0.5165941156494088,0.5919732441471572,0.2954292084726867
industry_id,28,240,893,0.019123911436081685,0.015621381654439758,-0.00376460326895057,0.1120313141173919,0.097180480511401,-0.0005795377275222351,0.0014626455182452298,0.003185065541428335,0.018857156879126095,0.5005599104143337,0.5504127966976264,0.1027407805291314,0.5680109717017001,0.6382978723404256,0.3337066069428891
industry_id,28,480,846,0.021794305530546954,0.018073198340522057,-0.007335469472317942,0.06386623417200302,0.06052735784120696,0.0006736585019012125,0.003190542217400551,0.008009127974219155,0.0204780028687216,0.5650118203309693,0.5525809533646646,0.09840585558034276,0.5637071992976295,0.6832151300236406,0.5531914893617021
industry_id,29,5,10944,0.005353131892050274,0.0033194597582134862,-0.000302253712238837,-0.018556264402985394,0.01412311597184236,-0.00017262991753883844,4.520910115059465e-05,0.00012962379469999856,0.005343561951305704,0.516264619883041,0.5,0.0,0.5085402241977058,0.48373538011695905,0.0
industry_id,29,15,10858,0.00945106656669087,0.005917329265080377,-0.0004398026448244017,-0.03793163395185331,-0.0009343977291128951,-0.0003443670093744509,0.00019161518182682564,9.54356354499508e-05,0.009431617744812427,0.5223798121200958,0.5000082610935267,0.000608137783366936,0.49417368530985833,0.47762018787990423,0.0001841959845275373
industry_id,29,30,10746,0.013593336061240961,0.008582467381837518,-0.0004978756202193794,-0.04123034859685279,-0.007082627770976451,-0.0004386511020546631,0.0003124778330551321,5.92245181647163e-05,0.013567743393849628,0.5302438116508468,0.5023448506638721,0.01767152911273879,0.493604619397862,0.47105899869718965,0.01786711334450028
industry_id,29,60,10543,0.01914510298734369,0.012546263107860632,-0.0005849962257189852,-0.036007053662552614,-0.0028098130136776133,-0.0006363993176927094,0.0005879104086101283,-5.14030919737242e-05,0.019105972978991758,0.5242340889689842,0.49967383471763943,-0.0010984214919306165,0.4920213036858844,0.46950583325429196,0.09731575452907142
industry_id,29,120,10264,0.02698848385612076,0.018852740271337803,-0.0006076033897793075,-0.009941711437209599,0.02565561389192416,-0.000972884422539839,0.0017151624663389981,-0.00036528103276053144,0.026910027423472822,0.5155884645362432,0.5035722282915298,0.007774674440117967,0.5045662139608504,0.46979734996102884,0.3008573655494934
industry_id,29,240,9910,0.038361847111170674,0.02827562054393715,-0.001509235810631189,-0.07196673432343227,-0.03277606879036875,-0.002090341889973275,0.0034117901639478536,-0.0005811060793420861,0.037935264707378555,0.5105953582240161,0.5007541334050502,0.0016544898165845386,0.4974934815743208,0.47618567103935416,0.29334006054490414
industry_id,29,480,9326,0.060857066352790236,0.04498767570152088,-0.0017761233135893046,-0.05333456185837115,0.006592099067127494,-0.0019788610787681037,0.006105744062881815,-0.00020273776517879907,0.06019917290263987,0.49785545785974694,0.4833924252989134,-0.03358274246526119,0.4741261390067249,0.4300879262277504,0.3988848380870684
industry_id,3,5,1598,0.007338497899463072,0.004291729169029321,-0.00042818191479459747,-0.006383391087671545,-0.006245615596987141,-0.0002183306702575559,4.8897069214435964e-05,0.0002098512445370416,0.007325520304288137,0.5037546933667084,0.5,0.0,0.49630775496776924,0.49624530663329164,0.0
industry_id,3,15,1579,0.012803517296905003,0.007593093373286631,-0.0014390253694482643,0.009619376174865512,0.025622286827605405,-0.0005168691261698689,0.00025462951014926856,0.0009221562432783954,0.012722293360765748,0.5003166561114629,0.5,0.0,0.5194903017760023,0.499683343888537,0.0
industry_id,3,30,1549,0.016740127606526628,0.010613204290738545,-0.0024689331231102724,0.021736000918793266,0.02771456379079629,-0.000727903397520929,0.00042392593092194225,0.0017410297255893432,0.016560849214400635,0.4880568108457069,0.5,0.0,0.5119798234552333,0.511943189154293,0.0
industry_id,3,60,1500,0.02253525347454599,0.015245510556253767,-0.004825603103317405,0.0031143830679744556,0.015305608488306973,-0.0011103562059773442,0.0008272416975997726,0.003715246897340061,0.02199955072272258,0.4633333333333333,0.501154052603328,0.007055098494065463,0.51032474503489,0.54,0.027333333333333334
industry_id,3,120,1437,0.032035256888403064,0.023078385162702726,-0.009774722994487006,0.0009330287786046192,0.004758221424005879,-0.0023759599592108618,0.0021834709408871033,0.007398763035276145,0.030431380531668883,0.43145441892832287,0.4888945644482958,-0.0318081428747661,0.5208384678374661,0.5796798886569241,0.13778705636743216
industry_id,3,240,1386,0.05076998861027094,0.03771407384413842,-0.022951412990993313,-0.09760824418087719,-0.05210578992369135,-0.004950966402909465,0.004369403948758339,0.01800044658808385,0.04465027343383557,0.41125541125541126,0.5000452186265449,0.00013292667996052824,0.4953777740524492,0.6183261183261183,0.12481962481962482
industry_id,3,480,1299,0.08226893870570635,0.06381488988609117,-0.043769558033214244,-0.03372602657783072,-0.03960269862865772,-0.00641831765926405,0.007409942136448018,0.03735124037395019,0.06901450775539465,0.3918398768283295,0.4963259453969771,-0.008494859843320369,0.49481884982810964,0.6782140107775212,0.20554272517321015
industry_id,30,5,9161,0.0041021658964329666,0.0024322627540647596,-0.0002439053969134336,0.009375720220293739,0.02561334447749982,-0.00013081446295680637,3.7540040295121694e-05,0.00011309093395662724,0.004095088350626176,0.5125848106806741,0.5,0.0,0.5114689556437434,0.48741518931932587,0.0
industry_id,30,15,9120,0.007109649540142134,0.00427576696636745,-0.0005171479236718132,0.010122503070255915,0.04459811671215494,-0.0002198665674872277,0.00015205125934822372,0.00029728135618458545,0.007090725086411771,0.5076314922587021,0.503082880856562,0.027608072762878678,0.5245357832386899,0.4953332601295707,0.012627649061161744
industry_id,30,30,9069,0.0099475796825852,0.006214240224010091,-0.0008836639919051604,0.02361667913296755,0.05629560530093251,-0.00028214100814633796,0.00022438587836770497,0.0006015229837588224,0.009911012678945213,0.4955859633634959,0.505457751051797,0.02669188459095364,0.5295940757755823,0.510814389759435,0.04369896270139042
industry_id,30,60,8965,0.013833654564062265,0.009013782000325222,-0.0015353749783881838,0.04951580476321445,0.05546548457358903,-0.0003501612884932646,0.00043553439309176406,0.0011852136898949193,0.013762868436212109,0.49464285714285716,0.5125736648793314,0.03448209377770546,0.5328573989425471,0.5261160714285714,0.15736607142857142
industry_id,30,120,8805,0.01888369390812332,0.012686587699161712,-0.002733747187913723,0.06251846137662835,0.06840738412712437,-0.0005641440685213348,0.0012549647371620123,0.0021696031193923883,0.018721198101299647,0.5083494263319323,0.5158871100717093,0.03368304160261651,0.5275744592637832,0.5224355333409065,0.3327274792684312
industry_id,30,240,8681,0.026732055969255097,0.017875425101001954,-0.004862830541941856,0.06878621735916728,0.07945286021367338,-0.0011716772178297396,0.002504524367297359,0.0036911533241121165,0.026339292873959915,0.509103480064531,0.5215702498960477,0.04509011514120564,0.5420574233448494,0.5409080433279557,0.3493892601982024
industry_id,30,480,8072,0.0408518881349801,0.02657022200204813,-0.009574267719463287,0.05083822127314221,0.0884278167110593,-0.00015240001239786406,0.004752209287836125,0.009421867707065424,0.039671088364581955,0.5283696729435085,0.5245502975812617,0.04871504198656462,0.5527963210456951,0.569623389494549,0.5308473736372646
industry_id,31,5,70672,0.004506322408279181,0.0027170959460876753,-0.00018718514096324336,0.003136366841023534,0.027105356265655755,-0.00015670396630593548,4.2437153935016366e-05,3.0481174657307892e-05,0.0045023661528725235,0.5217095760047583,0.5000012320831957,0.0002312953150644245,0.5086911863921177,0.47829042399524174,2.8322995439997735e-05
industry_id,31,15,70377,0.008170397741199122,0.004891575729747577,-0.000348024425108256,0.014813384569183987,0.038208931691196234,-0.00027352793693241053,0.00017375088940088705,7.449648817584544e-05,0.008163707062873905,0.5234662685718348,0.5002955230347815,0.007757513729328337,0.5163268662200295,0.4767612141892372,0.0014502026018340798
industry_id,31,30,69972,0.011556481738753701,0.007107047496474077,-0.0005054129805873453,0.02280119759246953,0.04890238549268873,-0.000348065252802333,0.0002727735002388131,0.00015734772778501225,0.011548423043516696,0.5247884263494969,0.5024025381747643,0.01662175558861311,0.5225019479060595,0.4766125343092406,0.02130032021957914
industry_id,31,60,69218,0.016257659951700868,0.010481845409506425,-0.0007100279893252634,0.04729639101422024,0.06693004768922285,-0.0004743263189233774,0.0005072535612766283,0.000235701670401886,0.016258233985022807,0.5254602202121204,0.5128916629993174,0.04276907308675438,0.5311967106602776,0.4842354709129266,0.10095945438256798
industry_id,31,120,68160,0.02228887574154798,0.015415897111147343,-0.0010509622600458775,0.07789193139520538,0.08760689557672435,-0.0006877673110795061,0.001457813521594119,0.0003631949489663715,0.022330147822940113,0.5247744112684323,0.5202912327574849,0.042837197393110836,0.538711668722813,0.4859951580955176,0.33937348690484925
industry_id,31,240,66879,0.030246428659908953,0.021720163499528745,-0.002085000448236976,0.07080379990407798,0.07998348760149161,-0.0014923160176586166,0.0029534872612739784,0.0005926844305783591,0.030239433856933534,0.5221311720549092,0.5241253634759666,0.05113240706903868,0.5417228501957378,0.5060113048419416,0.33441995394323654
industry_id,31,480,62790,0.04420414077349779,0.03143855132012039,-0.004833624589891766,0.04803701990006317,0.06574174168412299,-0.0005543485498225275,0.005297008916123983,0.004279276040069239,0.04387381264498172,0.5259125947633305,0.5249178265626799,0.049794026823110765,0.5404685634133666,0.5279989806969485,0.5191597120468879
industry_id,32,5,12558,0.0053405932627983805,0.0030569516330002794,-0.00029444785777253755,-0.00560763989635645,0.0361118766031103,-0.00017207954562006655,4.081618416323589e-05,0.00012236831215247098,0.005332084963251731,0.5264710572476479,0.5,0.0,0.5121246173392334,0.4735289427523521,0.0
industry_id,32,15,12474,0.009482546765097754,0.005423459833285353,-0.0005744720672962859,-0.008613705453676724,0.03748565711315397,-0.00031068863929741643,0.00018664713208469755,0.0002637834279988694,0.009461681368065576,0.538813151563753,0.5,0.0,0.5124783102618363,0.46118684843624697,0.0
industry_id,32,30,12372,0.013230505960115347,0.007858671959418301,-0.0008615773951677657,-0.008966624471615862,0.047692384909148566,-0.0004039429127285513,0.0003010544356892585,0.00045763448243921434,0.013196290893047077,0.5347239065405449,0.49928684049008165,-0.006700218600164701,0.5187409677238254,0.46373999514916325,0.011399466407955373
industry_id,32,60,12190,0.018640481670115623,0.011524377667632145,-0.0012826219970790557,-0.007930408788489971,0.050270083980496746,-0.000537412386596542,0.0005730869438009938,0.0007452096104825136,0.018582924882721175,0.5270026263952725,0.5022907223417793,0.006925136487618949,0.5167574054786114,0.46708798424162834,0.12442547603414314
industry_id,32,120,11960,0.026645454254250463,0.017391305667257884,-0.0023471712842788187,0.0034077764157266796,0.05094187817217659,-0.0007977217566585021,0.001632413318235814,0.0015494495276203166,0.026497189446157296,0.5258800903085542,0.5201821805864987,0.04312704893651733,0.5219453476719111,0.4838197173676729,0.3232711765197759
industry_id,32,240,11705,0.036956643448335935,0.025262420089428438,-0.0056686322911525585,-0.01701583138986446,0.02493299364776575,-0.0017003342349391347,0.003152808821278095,0.003968298056213424,0.03632935355324135,0.5176420333190944,0.5222442874723776,0.04780263276891136,0.520450876057331,0.5125160187953866,0.316702263989748
industry_id,32,480,10988,0.052983545523510416,0.03745302822230948,-0.011776675528205507,0.004676336303389539,0.013630328689490868,-0.0011322616698370563,0.005741749617415863,0.010644413858368451,0.051364936039296094,0.49385637571675617,0.49636954735669725,-0.007257308481707801,0.5047520109275458,0.5373623373077273,0.46609629562209887
industry_id,33,5,4339,0.004160682463433136,0.002547690350822248,-0.0001449824499751257,0.0018899121624096828,0.011367106215698768,-0.00014779042964033854,4.7807948987127485e-05,-2.807979665212861e-06,0.00415797119032988,0.521318276100484,0.5,0.0,0.4975031788946088,0.478681723899516,0.0
industry_id,33,15,4322,0.007621932936957455,0.004620854607752232,-0.0003449263058331387,-0.014030632933986374,0.007270566914654421,-0.000271379180850157,0.00019909134296799163,7.354712498298177e-05,0.007608728019587434,0.5178158260064785,0.5,0.0,0.504030560086724,0.48218417399352154,0.0
industry_id,33,30,4295,0.010457604998062798,0.006532577350619865,-0.00047963561764554345,-0.02002013365587007,0.015395537662738603,-0.000363529933885128,0.00031807238401724284,0.00011610568376041541,0.010435390739605458,0.5180442374854481,0.5049817543274882,0.029976064077792165,0.5124421251087189,0.48614668218859136,0.02840512223515716
industry_id,33,60,4242,0.014992776404152027,0.0097311205470556,-0.0006364415043923743,-0.011300646387713685,0.018781957375528593,-0.0004910658581048655,0.000558416568932518,0.00014537564628750872,0.01496254043206811,0.5162659123055162,0.5093865380574538,0.03207888046951917,0.5127114997848731,0.4915134370579915,0.09453088165959453
industry_id,33,120,4150,0.021915138005071316,0.015499910453366137,-0.0010577697822368149,-0.018668478963167708,0.031067823424604186,-0.0007887583305773112,0.0014979928089876582,0.0002690114516595037,0.02181033130877174,0.5212048192771085,0.5201451444476651,0.04395969149106314,0.5218739780522791,0.49734939759036145,0.3
industry_id,33,240,4074,0.03017432301970324,0.021566274119674045,-0.0018196540836261643,-0.039279417719449705,0.0011887011016713854,-0.0016903314225340904,0.003098035471271824,0.00012932266109207384,0.029838211056428112,0.5046637211585665,0.49589744233812455,-0.008843522422920002,0.49622881576989736,0.47668139420716743,0.3122238586156112
industry_id,33,480,3824,0.04566051218954655,0.03292909642250312,-0.004340395479256982,-0.12802248080594042,-0.06090681332031329,-0.0008366443026073181,0.005410899088674028,0.003503751176649663,0.04444313784798121,0.49581589958158995,0.49584542394839004,-0.008312449789341909,0.49285244963520264,0.5010460251046025,0.4858786610878661
industry_id,34,5,3255,0.0029495429950973733,0.0019371021635647225,-6.313773628982466e-05,0.04712137128571819,0.05181505981179662,-0.00012639172254897405,2.9541776656209648e-05,-6.32539862591494e-05,0.002950111555425037,0.5142063001852996,0.5,0.0,0.5225736862100498,0.48579369981470044,0.0
industry_id,34,15,3247,0.00545665010710136,0.003390626827165482,-3.2639802306498963e-06,0.05933115461003703,0.06786998972610493,-0.0001582049686223586,8.486849621382554e-05,-0.0001549409883917087,0.0054610267709755194,0.5041653810552299,0.5024851579785148,0.0354573015056284,0.5323704583795064,0.4983029929034249,0.004936747917309472
industry_id,34,30,3234,0.007797948923417577,0.004855048961437937,0.00016620633354297987,0.09260137982015695,0.10407331892262761,-0.00018217421559170988,0.00012673968730988612,-0.00034838054913468973,0.0078068923080411474,0.5144007432641685,0.5128822058022389,0.056898683413931395,0.5437450605774616,0.4982966862805822,0.05419634561783834
industry_id,34,60,3216,0.01109535492107582,0.007192644319726344,0.0005527304196520993,0.11667190158133282,0.12305331650499658,-0.0001532361412722622,0.00026776390561467745,-0.0007059665609243615,0.011109627968478362,0.542457231726283,0.5349269903090101,0.08259060661216792,0.5608891760063764,0.4858475894245723,0.23297045101088648
industry_id,34,120,3186,0.015892889866029127,0.01072703257875238,0.0013091033163363784,0.12369468014060062,0.11884152452682924,2.776244386319686e-06,0.0009197506871422576,-0.0013063270719500587,0.01592633285010046,0.5216708542713567,0.5219897699834795,0.0438375807551657,0.5555101505909265,0.45979899497487436,0.5021984924623115
industry_id,34,240,3180,0.023445459470053515,0.015984908092121046,0.002850074698693668,0.12689212711338235,0.0953187498422017,-8.366317063593453e-06,0.0017860379869539965,-0.0028584410157572616,0.023430687152768543,0.5105379050015728,0.511431512508296,0.022794118106559458,0.5475180997620162,0.45989304812834225,0.5102233406731677
industry_id,34,480,3039,0.031829716503436564,0.021920062982028914,0.005067653262914788,0.12248172143254664,0.0936997401620763,0.0015625899641747933,0.003553997788883893,-0.003505063298739995,0.031660423124791004,0.5008226390259954,0.5139243300958698,0.029709230462981722,0.5420211996962265,0.4633102994406055,0.6775255018098059
industry_id,35,5,3724,0.004325216731213339,0.002788181263001345,-0.00011430583056924551,0.02784719112091993,0.04741485618695354,-0.00014812052749710466,3.912852266746441e-05,-3.381469692785915e-05,0.004324618744486795,0.5255102040816326,0.5,0.0,0.5167541011197452,0.4744897959183674,0.0
industry_id,35,15,3712,0.007670135751093571,0.00496450359678644,-0.00034684552641250536,0.04495193697077532,0.07289609194699262,-0.0002619651262323024,0.00015786818778053537,8.488040018020297e-05,0.007667762810614203,0.5187281056319052,0.5,0.0,0.5290669129302948,0.48127189436809487,0.0
industry_id,35,30,3694,0.010325471471107224,0.006920817017518533,-0.0005968196195323366,0.0641341113844307,0.0869115280057367,-0.00034271516590671637,0.00024272082643091747,0.00025410445362562025,0.01032092918976092,0.5067677314564158,0.5030662113447621,0.028585537095463912,0.5491015952389956,0.4962100703844071,0.011640498105035191
industry_id,35,60,3658,0.01406166025495646,0.009796428895130686,-0.001138159086421287,0.08880189681646067,0.1076085658877617,-0.00046750339608450566,0.0004263127456545978,0.0006706556903367813,0.014046946345975149,0.514215418261345,0.5163681258893447,0.06756719906850288,0.5468961125925217,0.5024603608529251,0.06260251503553854
industry_id,35,120,3599,0.018881542596086584,0.01379085879314493,-0.002299110391124583,0.10915739435557274,0.1113349343289226,-0.0007212741982442682,0.0012482954965009642,0.0015778361928803148,0.018836182275721484,0.5248680188941373,0.5378300709019386,0.08344958587516592,0.5539196907539855,0.5301472631286468,0.2873020283412059
industry_id,35,240,3523,0.02548611982077549,0.01874355914618093,-0.004505485415441987,0.13811531281754125,0.12508791486373544,-0.0015298137079606854,0.0026359908478937664,0.0029756717074813023,0.0253125577170913,0.525688333806415,0.5508260364920665,0.10926906878672825,0.5743794737366116,0.5631564007947771,0.30740845869997163
industry_id,35,480,3241,0.03881825912252617,0.028967777472934973,-0.006292194303705096,0.1922599916214823,0.13728480691057715,-0.0004197282832149222,0.004700990548350906,0.005872466020490174,0.038929896830748933,0.5408824436902191,0.5413694412997279,0.08101631549676463,0.5627782081074103,0.601666152422092,0.5060166615242209
industry_id,36,5,15540,0.00451496009720682,0.002729408291674084,-0.00017004970913917766,-0.01176980157015113,0.03072917907892541,-0.00014420515517497615,5.2882330732952045e-05,2.5844553964201515e-05,0.004510824318193745,0.5262818861118268,0.5007240456530775,0.013758189984303705,0.5091642220747494,0.47429786137593405,0.0027699046637464572
industry_id,36,15,15479,0.00823737042357834,0.004897530575356107,-0.00024014034079196273,0.002518069135303801,0.03636118434230614,-0.00025626266098309404,0.00018514943694259773,-1.6122320191131346e-05,0.008232253632234579,0.5359058884364295,0.5000408736374614,0.00063514614445174,0.5098708406495969,0.4638355633120031,0.00413677202507918
industry_id,36,30,15406,0.011078522543611448,0.006920600166242897,-0.0002880192105131396,0.009660766897744972,0.040154594132458345,-0.0003338761215210522,0.00028978628984448375,-4.585691100791257e-05,0.01107378589269102,0.5310349305285028,0.5017547016207414,0.010245423711961042,0.5095208039014676,0.4688352162056876,0.030125957667835344
industry_id,36,60,15248,0.014807705335091426,0.009781305951320835,-0.00023284967311870388,0.03783652567617731,0.04757286308812681,-0.0004648918049672897,0.000545539870999404,-0.00023204213184858585,0.014816476241661677,0.5320167956961028,0.5062432115742351,0.01979923065615793,0.5102595038825407,0.4668022569216638,0.11140270305734155
industry_id,36,120,15044,0.019936174579976138,0.0140855454335214,3.450814094554863e-06,0.06401930191388557,0.062242833966682315,-0.0006576420919298084,0.0015118430341628819,-0.0006610929060243633,0.019975789710348472,0.5199760686033371,0.5123559009533336,0.025936298367259723,0.5218482765811432,0.47510469986040016,0.3463404905936316
industry_id,36,240,14879,0.02744334946956717,0.020110868858924057,-1.7142416303676776e-05,0.06379071080088845,0.05136289939973204,-0.0014004877687547545,0.00308998166973612,-0.0013833453524510777,0.027466655627428026,0.5134081591504805,0.5015558204011619,0.00324106289871019,0.5153737454049963,0.4591706431883863,0.35472814033201155
industry_id,36,480,14069,0.04044091790839911,0.029715434121666853,0.0016551906262724906,0.0806744441548136,0.06692974537690796,-0.0005921377358773172,0.005515764691033667,-0.002247328362149808,0.04047625069644795,0.5052953301585045,0.5064781676921627,0.012934075442155139,0.5232265930675875,0.46613121046271944,0.5170232425900917
industry_id,37,5,1774,0.0037661666486235932,0.0025121031450284887,-0.00017923746286294202,0.02583758667365407,0.02395762894449049,-0.00013928667731193844,3.153256095734128e-05,3.9950785551003595e-05,0.00376258179920465,0.5344243792325056,0.5,0.0,0.49903747080093436,0.46557562076749437,0.0
industry_id,37,15,1769,0.006760215459075775,0.004439191211377148,-0.0003156707753358924,0.05952488222334833,0.05290425151584734,-0.00018908662883140496,9.385382648277677e-05,0.00012658414650448742,0.006757777962604678,0.5361990950226244,0.5006090133982948,0.025549660648160315,0.523002313865055,0.4643665158371041,0.0005656108597285068
industry_id,37,30,1765,0.009588969481688768,0.006555187555685703,-0.00048409973494665306,0.07706470910732652,0.040676024164567885,-0.00022297250803608826,0.0001401163228206576,0.00026112722691056477,0.009586520825661169,0.5277777777777778,0.49984909515131115,-0.001165170148988392,0.5202999266112317,0.4710884353741497,0.017006802721088437
industry_id,37,60,1751,0.013908557445455081,0.009772096935534201,-0.000669465422716753,0.09416072939469672,0.03548768773857569,-0.00024911393799397803,0.00028305842016728794,0.00042035148472277506,0.013916230899314954,0.5174186179326099,0.5032294981736091,0.010016682277095592,0.5074257555092208,0.4814391776127927,0.11764705882352941
industry_id,37,120,1727,0.0195410813935503,0.014463174045566069,-0.0009773620375727982,0.10612475065596261,0.053837736367373476,-0.0001578791854914157,0.0010092589518621113,0.0008194828520813825,0.019597912721000345,0.5089751013317892,0.5089060111048523,0.01782227938984562,0.5137355489391379,0.49797336421540245,0.4829183555298205
industry_id,37,240,1719,0.02649189921049867,0.020453801735313793,-0.00149481145065255,0.11300769655117739,0.07986747044210359,-0.0002992342645681662,0.0020550227977352738,0.0011955771860843838,0.02660299515942577,0.5119255381035486,0.5114132442899566,0.0227040903341368,0.5150096478863602,0.5520651541593949,0.506108202443281
industry_id,37,480,1631,0.034287120574235955,0.02684002606794981,-0.0022687427163504913,0.12075796452608581,0.08796385508715068,0.0012068212103908899,0.003907277583152239,0.003475563926741381,0.03446323459136259,0.5432250153280196,0.5360835073949828,0.07571730821743441,0.5388684937865266,0.5236051502145923,0.6529736358062538
industry_id,38,5,9757,0.005260762275528478,0.003093466620259493,-0.00025778340846336706,-0.01804079456115297,0.032383079616388005,-0.00016488237855502086,5.316356369896087e-05,9.290102990834618e-05,0.0052532146555447625,0.527504105090312,0.5,0.0,0.5095114170726183,0.472495894909688,0.0
industry_id,38,15,9696,0.009341996986137378,0.0054790651875714965,-0.0005159263195491444,-0.013474068797297454,0.034969526915511036,-0.00032253510622698856,0.00022627916455591096,0.0001933912133221559,0.009321946260216471,0.5292599855506244,0.5001096010521701,0.010770526985406734,0.5099401976299152,0.47084322427495096,0.00010320982557539478
industry_id,38,30,9611,0.013229733968915048,0.007843052235095781,-0.000792000239520188,-0.01043893788539081,0.03989501534106779,-0.0004430897052382808,0.0003578397476068165,0.00034891053428190725,0.013197422102709494,0.5324242739668992,0.5022227226247199,0.015170510340195462,0.5144239279420403,0.4684084521702925,0.021859061101280317
industry_id,38,60,9447,0.018135771262219092,0.01135226391550868,-0.0009528300678561115,0.013415905781841922,0.04665552116770371,-0.0006254556393120938,0.0006689727582644952,0.0003273744285440176,0.018107341380084005,0.5329734307187467,0.512264807375673,0.03861344133670993,0.518101904105642,0.47316608447126074,0.11347517730496454
industry_id,38,120,9169,0.02507196196286463,0.016609780338952412,-0.0013518125537338801,0.034733036067677046,0.059173676369391984,-0.0010531692471561292,0.0017860244830920351,0.0002986433065777509,0.0250338150116313,0.5264478132838913,0.515759403023242,0.03452399142035106,0.5277634411372367,0.47387937615879594,0.2945795615661468
industry_id,38,240,8823,0.03492083864308827,0.023311791464621295,-0.002185820448149705,-0.004449446915815108,0.028864602776368712,-0.0021908119598271205,0.0035742058069530005,-4.991511677415644e-06,0.03465270599568547,0.5242036050334429,0.5121825699454154,0.02668924444179234,0.5256520428885475,0.47069493254733025,0.2941843328420814
industry_id,38,480,8118,0.0521211973452045,0.03548365649906057,-0.007445007115048972,-0.07690132502307874,-0.03809606251890896,-0.0015432145138220446,0.0060609111917529915,0.005901792601226927,0.050765477063694386,0.489159891598916,0.4898832911601432,-0.020326143980052346,0.49595091842037525,0.5075141660507514,0.4517122443951712
industry_id,39,5,231,0.002922569450891414,0.0019716822742150003,-0.00021275812866615012,0.04012849522917208,0.06400033895544883,-0.00015115267699191274,1.7364794877850923e-05,6.160545167423739e-05,0.00291546012796095,0.5021645021645021,0.5,0.0,0.5447151424287856,0.49783549783549785,0.0
industry_id,39,15,228,0.005083778539928882,0.0033693973141353446,-0.0002479199959735891,-0.006821323622697002,0.00857292275164213,-0.0001710608015089651,8.418579010708899e-05,7.685919446462401e-05,0.005076457650102147,0.5242290748898678,0.5,0.0,0.5307345160286336,0.47577092511013214,0.0
industry_id,39,30,225,0.007259345377572445,0.004734512337732769,-0.0006367177637199954,-0.012735981384942785,0.04257456488967428,-0.00021327365403218815,0.0001371214280134852,0.0004234441096878072,0.007228321850836452,0.5244444444444445,0.5060541310541311,0.0308701323828623,0.5638255777144666,0.48,0.04
industry_id,39,60,219,0.009706094953791227,0.006714389161949993,-0.00116873673417282,-0.02122942847253052,0.04760423550184858,-0.0001330266001774636,0.0003215220810490138,0.0010357101339953563,0.009623283503013492,0.5388127853881278,0.54004004004004,0.0813732676546306,0.5690690690690691,0.5068493150684932,0.410958904109589
industry_id,39,120,210,0.011230626095014892,0.008300022808868691,-0.0021420975995516487,-0.027895674240228475,0.05643514096695986,1.812276452602375e-05,0.001146875711786842,0.002160220364077672,0.010932681314768844,0.580952380952381,0.5694893341952165,0.1403065202216756,0.6008403361344538,0.5666666666666667,0.5952380952380952
industry_id,39,240,188,0.017010319158787986,0.012061154287300481,-0.0037562458365716744,-0.16042538751460356,-0.1639345890836582,-0.00030427828630521657,0.0023221915498533555,0.003451967550266458,0.01605876659438275,0.4308510638297872,0.44128530899222895,-0.11312290497462847,0.447021092882694,0.35638297872340424,0.5531914893617021
industry_id,39,480,141,0.018901929732302498,0.016257968668063033,-0.0003517496532509566,-0.034347681359675454,-0.07094167572849616,0.0016517958493163505,0.004816652256970868,0.002003545502567307,0.01810985537111591,0.3546099290780142,0.39097160603371783,-0.21805678793256433,0.42690771960958296,0.3475177304964539,0.6524822695035462
industry_id,4,5,2258,0.004700099194062901,0.002611814679401579,-0.00021845094006649865,0.012764014064044317,0.017460592057308603,-0.0001317735122302352,3.599243156348788e-05,8.667742783626343e-05,0.0046953413421732875,0.507774322523323,0.5,0.0,0.5219654402405476,0.49222567747667706,0.0
industry_id,4,15,2249,0.007992542535563568,0.0046686407754695765,-0.0006129444669820978,0.03809658398936323,0.019851906100511237,-0.0002263130048669733,0.00016663124048228378,0.00038663146211512445,0.007973612956211986,0.4953229398663697,0.5021230133215216,0.024487565038729068,0.5090659693943161,0.5069042316258352,0.0075723830734966595
industry_id,4,30,2234,0.011209217296282879,0.006762814534852525,-0.0011168893515532757,0.05612427141326169,0.020389942991089406,-0.000309274931453223,0.00023534176796911977,0.0008076144201000527,0.011164167953179387,0.4894666069027342,0.5043663274745606,0.03249331956111059,0.507244902063307,0.5154639175257731,0.018377409233527566
industry_id,4,60,2208,0.01536723883095156,0.009891844496976424,-0.0017832926280933318,0.06817838258912319,0.020166672799997492,-0.0003593474642569334,0.0004088760886184301,0.0014239451638363983,0.0152858414511817,0.44882246376811596,0.48980750836920134,-0.03097658751816483,0.5197244971836973,0.5543478260869565,0.12182971014492754
industry_id,4,120,2160,0.020789554576758736,0.014110063777441914,-0.0034216629575852223,0.11188198452317961,0.08386650607718783,-0.000761987037630105,0.0010991682373819298,0.0026596759199551175,0.020599909380865786,0.4550925925925926,0.48729642858076905,-0.02916601443570434,0.5523185412687356,0.5643518518518519,0.24814814814814815
industry_id,4,240,2138,0.028974100969763526,0.02099560426902348,-0.007379231020301782,0.10206190862920227,0.09103949660350058,-0.0015768064747362373,0.0022945488943243424,0.005802424545565545,0.028159718532779793,0.47427502338634236,0.5144482795179588,0.03142703374863186,0.5709913488836553,0.5926099158091674,0.28578110383536015
industry_id,4,480,2057,0.043833631937783876,0.03192238599674724,-0.0195082988085393,0.1264781535352025,0.08844780401434217,-0.0011249856467485087,0.004016796258467819,0.01838331316179079,0.03955847891555427,0.5182304326689353,0.527307917888563,0.05145546182188689,0.5589357504665422,0.6684491978609626,0.4822557122022363
industry_id,40,5,7750,0.003920820238089836,0.0024513940689898845,-0.0001724090149886574,0.02474919942450382,0.022071530452144685,-0.00014733686651555717,4.0660483259845234e-05,2.5072148473100242e-05,0.0039178231608717525,0.5099483204134367,0.5,0.0,0.5062206719924847,0.4900516795865633,0.0
industry_id,40,15,7711,0.007063874318325455,0.0043320432842657505,-0.0003611852259604674,0.019937465455959483,0.020454233042928437,-0.0002443712825214758,0.00015653720975995802,0.00011681394343899158,0.007056019044648007,0.5157061266874351,0.5001501669240956,0.005893557923198965,0.5081618016900727,0.48442367601246106,0.0006490134994807892
industry_id,40,30,7651,0.009972329651603088,0.006320352827734504,-0.0006262987319428963,0.036779595848698374,0.05303251467356847,-0.0003091987244107855,0.00024117021913845185,0.0003171000075321108,0.009958594972724878,0.5102654635804891,0.5019883364249631,0.012973275179184994,0.5240501535095072,0.4913037792598405,0.02406172355171963
industry_id,40,60,7546,0.013694681095469851,0.009055432924456909,-0.0009520199100158632,0.07506621295477338,0.0760235952854503,-0.0003833486577231198,0.00044566437154608613,0.0005686712522927434,0.013687774197314219,0.52054068380599,0.5210438632871727,0.06468153873052818,0.537138902844606,0.500662602703419,0.12032865094089584
industry_id,40,120,7386,0.01875851054570632,0.013185013153048515,-0.0013130958661388573,0.11017142792557079,0.09356759624593908,-0.00046996488240067696,0.0013424712905196327,0.0008431309837381803,0.0188127658405499,0.5276912660798917,0.5293230628152223,0.059958894738858876,0.5456081063732233,0.5077860528097495,0.3956668923493568
industry_id,40,240,7162,0.02578943856868142,0.018651854575638054,-0.0019055659527320913,0.14397455093544492,0.1523273981245806,-0.0010072338357418895,0.002767481768442433,0.0008983321169902017,0.025971162184259454,0.5520178745985198,0.5494625653547068,0.10081009368221096,0.5710054594305144,0.48666387376064796,0.4028766931992738
industry_id,40,480,6760,0.039843621362036986,0.027914700901971023,-0.004093913845744598,0.0448489926304206,0.053212936025909235,0.00012128860009462192,0.004865454139984958,0.00421520244583922,0.03955177150906729,0.5038461538461538,0.5034119632083089,0.006871301996950215,0.5218567417513037,0.503698224852071,0.5587278106508876
industry_id,41,5,3519,0.004579457899273672,0.0027247683257391993,-0.00032277960670242016,-0.019511208164754035,-0.0010249955491150719,-0.00014995143374030474,4.3098396402043466e-05,0.00017282817296211542,0.004567024158839242,0.5132516386434882,0.5,0.0,0.4918590309573006,0.48674836135651184,0.0
industry_id,41,15,3505,0.0076189636612179635,0.00463993283155035,-0.0006326863510106687,-0.027374501998324707,-0.01530330828065389,-0.00026906619225464264,0.00018739896653814127,0.000363620158756026,0.007585207535553304,0.5077186963979416,0.5,0.0,0.48480138457272604,0.4922813036020583,0.0
industry_id,41,30,3485,0.010738654859941901,0.006669240204832455,-0.000890777048639269,-0.03230276036778396,-0.007875200166391996,-0.0003581546928377493,0.0002818642065600399,0.0005326223558015196,0.010688832188700063,0.5084697100200977,0.5017065043390623,0.012422859039979948,0.5007491206118814,0.4929658340511054,0.01923629055412001
industry_id,41,60,3450,0.01440207525934316,0.00946900245340687,-0.0012928880889791364,-0.032032779623702996,0.0038775781839175353,-0.00048624844734044073,0.0005330831505495906,0.0008066396416386957,0.014316950728089795,0.529292343387471,0.508984044894923,0.029127474440127112,0.5023717595146167,0.4741879350348028,0.10614849187935035
industry_id,41,120,3406,0.01834439469430738,0.012739472184991779,-0.0019096580451306321,-0.024812604995633213,0.0087646969684195,-0.0008179352740467051,0.001465607114682967,0.001091722771083927,0.018149435004298296,0.5161574618096357,0.5032406079526008,0.007205216458090197,0.5028204200908687,0.4706227967097532,0.2799647473560517
industry_id,41,240,3351,0.027774791903607238,0.01820770182956075,-0.0042585691119121786,-0.05569960672275655,-0.04098115926037915,-0.0016928725479594792,0.0030436370038336943,0.002565696563952699,0.027108092733812275,0.48149253731343283,0.47956596797070195,-0.04465243337258105,0.48231925996188024,0.49522388059701494,0.29850746268656714
industry_id,41,480,3123,0.04030787381173658,0.02760988642351366,-0.0068424021374259725,-0.09161979350592825,-0.09242824473293507,-0.0009448201555078489,0.005395836499625758,0.005897581981918123,0.038863423763245704,0.47597693786034595,0.475593625301739,-0.04884412070587577,0.45730434175739365,0.4907110826393338,0.4798206278026906
industry_id,42,5,3472,0.005018336296549179,0.0027136988115028923,-0.00018205032620188645,0.008739050017808406,0.0385553695809242,-0.00016104864074855231,4.7574568902780295e-05,2.1001685453334146e-05,0.005015223200222361,0.5221902017291066,0.5,0.0,0.5122561159086855,0.47780979827089337,0.0
industry_id,42,15,3448,0.00835159313841504,0.004835078785677186,-0.00041484234977508537,0.038417476664086424,0.0714944277991947,-0.00029740977367410736,0.00020036847954005217,0.00011743257610097802,0.008346578001931495,0.5126196692776327,0.5012142577096101,0.025227660832093265,0.5425062615952349,0.48854076008123004,0.0023208587177255585
industry_id,42,30,3415,0.011657566916187478,0.006883574827301182,-0.0006653142628743478,0.048492612502958124,0.08448953236742175,-0.00038354614478369595,0.0003044699805667179,0.00028176811809065184,0.011649356903770076,0.505710102489019,0.5033800562788203,0.019228463611472884,0.5462791083744586,0.497510980966325,0.03191800878477306
industry_id,42,60,3352,0.015998377610911878,0.009739297351051168,-0.0009673693575751366,0.0744015056000104,0.10363375911652577,-0.0005369187465324044,0.0005899796281187012,0.00043045061104273223,0.016002157607243953,0.5149164677804295,0.5209158391601543,0.05799372408542773,0.5531626862668639,0.5086515513126492,0.15363961813842483
industry_id,42,120,3256,0.022595377719907887,0.014830323184408554,-0.00147340461863799,0.1069454607464406,0.13284289650934433,-0.0008691446593229222,0.0015621443443393464,0.0006042599593150678,0.022660792008970712,0.543918918918919,0.5505915790865226,0.11069450488079567,0.5734557094699867,0.5162776412776413,0.2966830466830467
industry_id,42,240,3120,0.033068354959117856,0.02314741256606316,-0.003238798001429225,0.15660915055107136,0.17008351177947487,-0.0018678634476180797,0.0030998830767740297,0.001370934553811145,0.03325211000058272,0.5556268034626483,0.5811876422194994,0.1779822842410056,0.612007493352671,0.5578711125360692,0.28855402372555305
industry_id,42,480,2954,0.054195175866067924,0.03618119782059942,-0.0134325851981001,0.16812849979999217,0.18483476219981598,-0.0011052351409924699,0.005625809302464367,0.01232735005710763,0.05315627604525495,0.5903859174001355,0.5992560907031577,0.19374595384202692,0.6341744837858324,0.6103588354773188,0.481719702098849
industry_id,43,5,24260,0.0045349109926479374,0.0027445296025548358,-0.00016858953836015368,0.0005797211000627341,0.028328694219001808,-0.00015964959041157753,3.8085954979768934e-05,8.939947948576157e-06,0.00453163820808855,0.5237014728330377,0.5,0.0,0.5079112784568341,0.47629852716696236,0.0
industry_id,43,15,24144,0.008087376330995547,0.004935179662057569,-0.0002934453856232805,0.008438587869573607,0.038533777699957805,-0.0002671306675267075,0.00016740227658035067,2.6314718096573076e-05,0.008081729724068292,0.5275303475991217,0.4999741637811459,-0.0006117278706303721,0.5168071232290741,0.4723453618925301,0.0017814972863239012
industry_id,43,30,23982,0.01131928857731573,0.007088065639022301,-0.0003974257051435926,0.01572598905111323,0.0462682347091743,-0.00033606400337540235,0.00026130787837781597,6.13617017681902e-05,0.01131340115875081,0.5269216332318472,0.5029265880530901,0.020475292524219608,0.5218631332269353,0.4749551653668099,0.02081161112733036
industry_id,43,60,23700,0.015148888376391735,0.010053916567458845,-0.0005220757341560531,0.029396713888689856,0.05866585410669609,-0.00044666376406349485,0.0004964420174670439,7.541197009255822e-05,0.015146348925510589,0.5246254484068369,0.5075287699553986,0.023713062753248644,0.5258777016095494,0.4778645283815151,0.11348385735387212
industry_id,43,120,23216,0.02035564499938994,0.014491035816440814,-0.0007031371712384031,0.0472509494627191,0.0701544935639617,-0.0006198362333177636,0.0014406279487756003,8.330093792063949e-05,0.020360609229547393,0.5200516907172087,0.5152940259877884,0.03211889865336622,0.5305525773819013,0.48442817144087874,0.3467585612750377
industry_id,43,240,22791,0.02867432591499961,0.02079520554068419,-0.0008324890201790102,0.02204361527031064,0.049549051903002336,-0.0013390889910684675,0.002894715664749753,-0.0005065999708894573,0.028579570932465957,0.5199877133704858,0.5141677466285167,0.029803733965283977,0.5285541581508412,0.48128483040063186,0.3439817455790074
industry_id,43,480,21255,0.040316446304265036,0.02968668120575319,0.00013850628669911027,0.03705896009459443,0.055734740705170094,-0.0003899851650229875,0.0052475206485574,-0.0005284914517220977,0.04016818406454823,0.5122088920254058,0.5136502754041319,0.02728206701064457,0.533947124539179,0.4702422959303693,0.5234062573512115
industry_id,44,5,4724,0.0031537340021867296,0.002061792552441616,-0.00021457049635080353,0.0007048127601064467,0.0283085395814177,-0.00013281812289702162,3.690143228248104e-05,8.175237345378191e-05,0.00314623578285514,0.5092180546726002,0.5,0.0,0.5141339768869799,0.4907819453273999,0.0
industry_id,44,15,4712,0.005616311337872802,0.0036382616446928944,-0.00036637907746432777,0.03135204803081748,0.042939043817366095,-0.0002216507322858076,0.00014675763840240846,0.0001447283451785202,0.005607029445838949,0.5029723991507431,0.5000151465182212,0.0003004546399630903,0.5210121877180129,0.4970276008492569,0.0025477707006369425
industry_id,44,30,4694,0.007709162598017535,0.0051375314531068505,-0.0005207068660196026,0.05048435811397728,0.060525562494802815,-0.0002788831957450341,0.0002234485199147169,0.00024182367027456847,0.007699599738909599,0.5006391137622497,0.5043387421460379,0.021379479895713753,0.5216591249749457,0.504047720494248,0.043033659991478485
industry_id,44,60,4658,0.010526717842678324,0.007396886603827216,-0.0006789805744117753,0.0790651320660521,0.07312829258755411,-0.0003586903452208828,0.0004304855857145699,0.00032029022919089254,0.010530064913173917,0.5079433233147274,0.5109712840033475,0.0309394519020803,0.5369907598692514,0.504293688278231,0.14748819235723487
industry_id,44,120,4595,0.014127469070562051,0.010479402479029048,-0.0008588114320536345,0.12780175580991385,0.10396354357985318,-0.0005232519667263227,0.001213639901748118,0.0003355594653273118,0.014204979370655792,0.5273122959738846,0.5256332283305235,0.05428258400408767,0.5484651817730886,0.494885745375408,0.335582154515778
industry_id,44,240,4554,0.019320503888304353,0.014416601221163781,-0.0014943716143170013,0.09744382344144982,0.06793266264792147,-0.0011166312758030422,0.00243050736764107,0.00037774033851395916,0.019346977912438817,0.5160298638559508,0.5179988456540728,0.03784355764070423,0.5267589693295843,0.5063680281071585,0.3456302151954326
industry_id,44,480,4319,0.026300100434464128,0.020461392014781275,-0.0018562709485066143,0.12914805815079414,0.07943450954316937,-6.458565127427971e-05,0.004684346681526585,0.0017916852972323346,0.02642497487933783,0.5096087057189164,0.5066250086159361,0.01327427159230669,0.5252832488971602,0.5334568187080343,0.5450335725862469
industry_id,45,5,736,0.004948324274458927,0.0034224915068645973,-0.000271196201242921,0.007425116722901162,0.008511903095960387,-0.0001754062911221927,2.3700093150416952e-05,9.57899101207283e-05,0.004941006278870957,0.5502717391304348,0.5,0.0,0.5032076386557757,0.44972826086956524,0.0
industry_id,45,15,734,0.011257302114832652,0.00684329324580751,-0.0008014376149651805,0.08480170577717949,0.05767141068130406,-0.0003531912434259328,0.00014945643349892676,0.00044824637153924763,0.011240424249576914,0.5449591280653951,0.5,0.0,0.519000748502994,0.4550408719346049,0.0
industry_id,45,30,731,0.01702413106522705,0.010567233224006071,-0.0014988715051130405,0.13559135812380835,0.1041873349812838,-0.0004544463931126125,0.00022830609458547281,0.001044425112000428,0.01698746709947612,0.5348837209302325,0.5,0.0,0.5438355649165036,0.46511627906976744,0.0
industry_id,45,60,725,0.023746235890760976,0.01584711786322918,-0.0028527365007050384,0.1976457534091976,0.16802750099742134,-0.0007846266168555052,0.00043966008757392134,0.0020681098838495333,0.02365721437444629,0.5324137931034483,0.49870801033591733,-0.03473230327480943,0.5440843692185374,0.46620689655172415,0.001379310344827586
industry_id,45,120,713,0.03347779300066568,0.02401644238188059,-0.004869348141203315,0.24197414177460672,0.20984407021318063,-0.0011809877331644886,0.0014643451799890245,0.003688360408038826,0.033445621319434564,0.5483870967741935,0.5431719795356159,0.10539404386520909,0.5718772136953955,0.4908835904628331,0.2131837307152875
industry_id,45,240,705,0.045659755876774684,0.03616351179047058,-0.009623630832903853,0.2761396009695359,0.2988073347981969,-0.0026873648693415183,0.0029641760932851546,0.006936265963562335,0.045361569428076,0.4921985815602837,0.552809755123769,0.13731739099893292,0.6363746007452755,0.5900709219858156,0.17304964539007092
industry_id,45,480,658,0.06588088101970441,0.05579356857181646,-0.01477660542546126,0.28500995594089906,0.27784701180802096,-0.0018232207162175496,0.005408560712836147,0.01295338470924371,0.06553419706048827,0.5759878419452887,0.5736316568047337,0.1495504691476215,0.6551775147928994,0.48632218844984804,0.41185410334346506
industry_id,46,5,11916,0.0036963525023250253,0.0021232678843728023,-0.00018476985716145685,0.003955582524461963,0.02953667547030267,-0.00013430290984231498,4.549097492628654e-05,5.046694731914187e-05,0.00369163121955288,0.5156632609980579,0.5013006086813807,0.020462399730779283,0.51517126567194,0.4855188719074559,0.004053027104618762
industry_id,46,15,11868,0.00665577920361832,0.003776121169487553,-0.0002767408411182393,0.007596297749242519,0.04472975535984457,-0.00019536647473413938,0.00015498745315244906,8.137436638409987e-05,0.006649394504614412,0.5120074412311856,0.5023644875362826,0.018424822067188665,0.5261323112151783,0.4900219854557754,0.0167427701674277
industry_id,46,30,11808,0.009329770704982006,0.005392512755282834,-0.00042456846922682174,0.009527439309575786,0.05891907347276091,-0.0002357980519002683,0.0002310013293492008,0.0001887704173265534,0.009319443267873167,0.5153754672103296,0.509181982288262,0.04016817873272846,0.5350911702523728,0.4930343187223921,0.05530071355759429
industry_id,46,60,11684,0.012873631597790761,0.007788603739623218,-0.0005550832441330017,0.014073273815179017,0.06627775894944754,-0.00024628274990639063,0.00041526394916601605,0.0003088004942266111,0.012860798931195945,0.5177852061369675,0.5177623402271696,0.04200303410181691,0.5365740131523848,0.4999571440815977,0.23322190794548728
industry_id,46,120,11508,0.01752171443237966,0.011186442468473494,-0.0005344130170358312,0.029127058058879152,0.060830507664744474,-0.00020008754626988458,0.0010892931708655668,0.0003343254707659466,0.017511411152703275,0.5199130434782608,0.5199191252832212,0.03986261082769937,0.5315219244185315,0.5001739130434782,0.4825217391304348
industry_id,46,240,11316,0.023033119905070246,0.015768955396987652,-0.0011372973706947568,0.07788686862028153,0.08159603472660207,-0.00042803939570892224,0.0022744585524976852,0.0007092579749858345,0.023070149118428643,0.5296666371916173,0.531201825582966,0.06234645409799643,0.5463231410456191,0.5311698647095234,0.4773189495092404
industry_id,46,480,10773,0.03454851020272226,0.023210380464256306,-0.0026254554008658454,0.020932660731519215,0.0917581677994613,0.0011314487213048515,0.004088766510528095,0.003756904122170697,0.03429079092535892,0.5444836552748885,0.5294675472202424,0.062074681676898814,0.5671061487938792,0.5468053491827637,0.663168647845468
industry_id,47,5,5712,0.004601413561276535,0.002938660448690606,-0.0002554346595710056,0.010056981836711202,0.01626230539056283,-0.00014841393796269185,3.8726003048279126e-05,0.00010702072160831371,0.004594544486401316,0.5218229623137599,0.5,0.0,0.5085070585141017,0.47817703768624015,0.0
industry_id,47,15,5688,0.008449516308632374,0.005303276210861446,-0.0006052532019839729,-0.0043798170516405315,0.019278826748406686,-0.00025946801129968266,0.00017358642469098693,0.0003457851906842903,0.008425262672540117,0.5255012310939149,0.5000719458014911,0.0019169201934095235,0.5058374094351212,0.4744987689060851,0.0014069644741470278
industry_id,47,30,5658,0.012049271345370673,0.0075575687285951475,-0.001069228055307224,-0.01326843897378275,0.026618574976537527,-0.0003549153243338078,0.00027191688811030126,0.0007143127309734163,0.011995048909821787,0.5214007782101168,0.4998614732724902,-0.0019715102642422952,0.5063772440076221,0.4782454899186417,0.004952246197382384
industry_id,47,60,5606,0.016661404945033143,0.010833748054776446,-0.0018364649006717374,-0.015376088220681225,0.025692365106852633,-0.0004432362574773558,0.00047818179978103404,0.0013932286431943815,0.016545629269694048,0.523197715917202,0.5010105132973334,0.003924289684583428,0.5086034431652201,0.47412562455389007,0.07119914346895075
industry_id,47,120,5518,0.02288737041878991,0.015290195464561764,-0.0034326896707249778,-0.017397662006886454,0.005776214106838877,-0.0007729673498577579,0.0012489000325239647,0.0026597223208672197,0.02257227761665952,0.49601304820587166,0.4959205631049595,-0.009487296254791791,0.49174575148973737,0.4998187749184487,0.24483508517578834
industry_id,47,240,5445,0.030787276361782627,0.02152983183115144,-0.006599309412562137,-0.015685954368288735,-0.00577394824401626,-0.0015569589127503384,0.0026479295621535713,0.005042350499811798,0.02991335904353792,0.48218221895664953,0.4976635751694437,-0.005195314350258389,0.5048337789576095,0.5350844966936077,0.27920646583394565
industry_id,47,480,5160,0.0502400930252382,0.033824640564908824,-0.013530733141189443,-0.01911668943430047,0.03825632284377032,-0.0007978718938660634,0.004588380855906011,0.01273286124732338,0.048078047698909734,0.5269379844961241,0.5328906656444238,0.064527312504762,0.5349723642366232,0.5998062015503876,0.47674418604651164
industry_id,48,5,5188,0.004474010745942229,0.0027377138604555706,-0.00018185369273965331,0.0027574808088460783,0.00819776258173734,-0.00012934038821981017,4.689650053858958e-05,5.251330451984315e-05,0.004470196667393438,0.5289799072642968,0.5004282048666303,0.006725133519762366,0.48980629740531967,0.4712132921174652,0.004057187017001545
industry_id,48,15,5155,0.008243725997804667,0.004973157921508544,-0.0003377049956576138,0.0011742902057602443,0.01313844296841968,-0.00024245530849891316,0.00014140892967027957,9.524968715870064e-05,0.008235758153141289,0.5227537922987164,0.5,0.0,0.5071201476209881,0.47724620770128356,0.0
industry_id,48,30,5106,0.011698522095447346,0.00730218901337889,-0.00044527800602891143,-0.005937538035694668,0.011445711955341461,-0.0002991424609245415,0.00020652613388332124,0.00014613554510436994,0.0116869941028323,0.5116689546969994,0.49774087178850707,-0.012139444438901132,0.5014624817796097,0.484997058246715,0.03588939007648559
industry_id,48,60,5030,0.016375427813486217,0.010746868811779487,-0.0003915660166088671,-0.0283316560362388,-0.0018289007880813457,-0.00040154621964616787,0.0003966747435137778,-9.980203037300757e-06,0.016354704465143245,0.5085589171974523,0.49267403803486276,-0.02195304082669826,0.4939255671214434,0.47870222929936307,0.12738853503184713
industry_id,48,120,4898,0.022437242484758067,0.015193313093852518,0.00010876965590338412,-0.028274766069761828,0.013750334942652624,-0.0006674813606935352,0.0010661824875058583,-0.0007762510165969193,0.02238150678291122,0.5182764958137636,0.5003085879505896,0.000680553421760728,0.506826227523223,0.45803553195834185,0.28588931999183176
industry_id,48,240,4766,0.03207905609291837,0.02310207404360885,-0.00035534862186170586,-0.023459831671250365,0.01301022462750494,-0.0013983535636492906,0.0022966244045403554,-0.0010430049417875847,0.03194093344495801,0.5241393786733837,0.503955885622424,0.008552854174688913,0.5017116161875281,0.44836272040302266,0.30415617128463474
industry_id,48,480,4472,0.05029986460132682,0.036725268502738044,-0.003410318164036383,0.05777101804192167,0.0745611522636761,-0.0008287602413507355,0.004016463697465067,0.0025815579226856475,0.05025570927842275,0.5317531305903399,0.5259731904893195,0.05208167214893696,0.5371906468680662,0.45058139534883723,0.438953488372093
industry_id,49,5,8696,0.00445572641673732,0.0026717755285544324,-0.0001941954099100119,-0.005568897076253524,0.03005493659366264,-0.00014617403888649515,4.769873461930108e-05,4.8021371023516726e-05,0.004450971383538763,0.5256912442396313,0.5011298938894987,0.01755962323245972,0.5058252868975153,0.47523041474654376,0.004147465437788019
industry_id,49,15,8653,0.008110527713246505,0.004833647847557508,-0.0004464369806914933,0.007015394588432162,0.03904809083983652,-0.00025056102617542896,0.00017979719402545641,0.00019587595451606436,0.008097496792567604,0.5209490740740741,0.5001624861857219,0.002005337355879426,0.5110533817846705,0.4789351851851852,0.006597222222222222
industry_id,49,30,8600,0.011490665029080483,0.00698482047143084,-0.0006765832025459648,0.019499617282296777,0.05487309934512276,-0.0003180540744455526,0.0002723575179504582,0.0003585291281004123,0.011472807000709483,0.5182124985453276,0.503739679179529,0.02059664835096167,0.5273977624011161,0.48446409868497614,0.03409752123821715
industry_id,49,60,8503,0.016126159107777725,0.010290150697419809,-0.0010218085237964126,0.039317604115801714,0.07242645832034934,-0.0003929324121713134,0.0004997148142731724,0.0006288761116250994,0.016105653496306133,0.512998470768145,0.5085049388462636,0.022462927550402398,0.5376063868186416,0.4931184566521586,0.1733913657216798
industry_id,49,120,8382,0.022337322854242884,0.0153666244830366,-0.0016065749610913878,0.06682521410114907,0.09591718067219551,-0.0005786436111262933,0.00129608763536624,0.0010279313499650944,0.022328521493460703,0.5331663087568599,0.5348138761493683,0.0729721313115582,0.5523155053433862,0.5054879503698402,0.350274397518492
industry_id,49,240,8226,0.03012694688793284,0.02190696332980333,-0.00291606468351973,0.13136741701418517,0.13802104881491215,-0.001260470869503347,0.0027680448577720174,0.0016555938140163826,0.030223296853200996,0.543044747081712,0.5452817090337201,0.09412976044293743,0.5670310762713444,0.508146887159533,0.3634484435797665
industry_id,49,480,7714,0.043302714072945385,0.03140254153776158,-0.004589115619446831,0.18481226693974104,0.20296810301938667,-0.00032108032640450266,0.004847729358910819,0.004268035293042328,0.04369039678988844,0.5665024630541872,0.5658844957739773,0.13201082154734256,0.6023627194087031,0.5101114856105782,0.5318900700025927
industry_id,5,5,865,0.0037994105312965385,0.0023769540538447643,-8.935956472742805e-05,0.07156552286105801,0.06378636015344592,-0.0001392218385499396,2.4336834539822466e-05,-4.986227382251155e-05,0.003800023659059223,0.5262543757292882,0.5,0.0,0.5333085753607201,0.47374562427071176,0.0
industry_id,5,15,861,0.006704466367481551,0.004363558054493665,-0.0002855219636045523,0.027046390640942726,0.0216621129985929,-0.00025306569837618123,0.00011852420841499912,3.245626522837105e-05,0.006700541597715068,0.514585764294049,0.5,0.0,0.4894579626722484,0.485414235705951,0.0
industry_id,5,30,857,0.009265057811811977,0.006215123969659576,-0.0004575587342309181,0.026039106301277433,0.029271621554577326,-0.0003231623336310632,0.0001573390710467662,0.00013439640059985486,0.00925651273241302,0.5309941520467836,0.5042287765361901,0.03746762107028321,0.5109684748962701,0.47251461988304094,0.012865497076023392
industry_id,5,60,847,0.012648776234251332,0.008847907644765573,-0.0005196264497239359,-0.00836942230291127,0.026302595535631367,-0.0004066560972207627,0.00029193596572160414,0.00011297035250317316,0.012632282935444017,0.5319905213270142,0.49140989729225026,-0.04480351175973077,0.5072234954587895,0.4561611374407583,0.037914691943127965
industry_id,5,120,825,0.017070247752709898,0.01273155693112406,-0.0005982321977077818,-0.06246050667845423,-0.004602967340049616,-0.0008179003875843729,0.0009478168576793814,-0.00021966818987659116,0.01697431362340349,0.5309090909090909,0.5019681761963657,0.004638896335169747,0.48011606888022074,0.44606060606060605,0.2315151515151515
industry_id,5,240,796,0.023642984276498195,0.01877677795911308,-0.0005758899211148665,-0.05366957056940147,-0.04110413466974495,-0.0017233981541621185,0.002098079267785916,-0.001147508233047252,0.02343033221409103,0.5527638190954773,0.5018144734053825,0.0040199636428378885,0.4714584657766476,0.39195979899497485,0.2638190954773869
industry_id,5,480,749,0.03270166431262201,0.026851410683390687,0.0006627079183163102,0.01465046185431207,-0.022654958808684702,-0.0013887947557359756,0.003682267720185256,-0.0020515026740522855,0.03254092095449387,0.5300400534045394,0.48968459965392486,-0.02032938944051535,0.4654239421110587,0.3471295060080107,0.3711615487316422
industry_id,50,5,4248,0.004566699531231818,0.00269471913412524,-0.000205501831347661,-0.006386139447802255,0.01385027986687944,-0.0001431025059373462,4.398140840330163e-05,6.23993254103148e-05,0.004561580516279794,0.5095767320879641,0.5,0.0,0.49913088129017535,0.49042326791203594,0.0
industry_id,50,15,4222,0.008306965026175787,0.0048823868445522535,-0.00032133860991411314,0.0019983059611999618,0.030594802353750027,-0.00023574057249504542,0.00015707363422634771,8.559803741906773e-05,0.008299575138414419,0.5100926145808596,0.5,0.0,0.5134940482799272,0.48990738541914036,0.0
industry_id,50,30,4189,0.011505693043191132,0.00710496664831724,-0.0003545520127534097,0.019421228212488355,0.024722887983675335,-0.00028425384501136344,0.00023964057746715458,7.02981677420463e-05,0.011502386905151065,0.5046639559913896,0.49992734171363706,-0.0005623340101915666,0.5101223863040847,0.4950968667782827,0.01698158335326477
industry_id,50,60,4115,0.015616298087055154,0.010030317963126874,-0.0004852032252796604,0.012878779415845552,0.01825300264240594,-0.00034232788844705124,0.0004270760450504189,0.00014287533683260913,0.015608415973833566,0.5068126520681265,0.496486637444729,-0.010762543890100179,0.5094328310531391,0.486374695863747,0.12116788321167883
industry_id,50,120,4017,0.020466368884280512,0.013794379134190137,-0.0005912062030345915,0.05933333981265438,0.06101122514127772,-0.00046673614829328893,0.0012238221005074668,0.0001244700547413025,0.020493932281487937,0.5275355095938201,0.5269467941992354,0.055644755442438236,0.526031482739983,0.4976326937453277,0.3755295290306504
industry_id,50,240,3899,0.027745567109613272,0.019455032729387107,-0.0005807422517067916,0.12180780961378164,0.11395328070348988,-0.0009095621447308907,0.0023616397943497097,-0.00032881989302409916,0.027927938274362164,0.5428424833247819,0.5388913705476736,0.08014715141256955,0.557167272147487,0.4835813237557722,0.3783991790661878
industry_id,50,480,3671,0.03855949315900433,0.0278403395659035,-0.0036986993336540143,-0.00456425593265973,0.03071659101593251,-0.00010344455323647074,0.004756559719357997,0.0035952547804175435,0.03806411065558047,0.4967284623773173,0.49216214320989127,-0.015825899873592716,0.5297106887460892,0.5302617230098147,0.5749727371864777
industry_id,51,5,2210,0.004639312691673809,0.002946054049183035,-0.0001522540840031428,0.05422712631539896,0.028448914054912695,-0.00015028447277353534,2.8834162845667874e-05,1.9696112296074566e-06,0.004638287866476083,0.5368945224083296,0.5,0.0,0.5138257678784253,0.4631054775916704,0.0
industry_id,51,15,2196,0.007930275366074362,0.005100253633166742,-0.00019560992027530663,0.03545489118451685,0.027978241256326655,-0.00028116714742769107,0.00015261982721273448,-8.555722715238445e-05,0.007931806303143862,0.5198177676537585,0.5,0.0,0.5020800522861034,0.48018223234624147,0.0
industry_id,51,30,2178,0.010879874000872945,0.007280922356358759,-0.00014742833066990887,0.03778715249792043,0.06144774472613243,-0.0003668436271936399,0.00022411000991731618,-0.00021941529652373106,0.01088503823161106,0.5234159779614325,0.5014814758490289,0.030925398419105923,0.5369490299649295,0.47796143250688705,0.002295684113865932
industry_id,51,60,2141,0.015102774460530228,0.010463141233097719,-0.00013205644902959654,0.04944444258558858,0.08032621786768239,-0.0005050386015185717,0.0004217247554536026,-0.0003729821524889751,0.015117174031786817,0.5483418963101354,0.5249415657746146,0.0895114053940618,0.5343803345851826,0.4717421765530126,0.08453993460999533
industry_id,51,120,2086,0.02095817313139823,0.015107846813949761,0.00021347627979832165,0.07570837481153656,0.13025676732148025,-0.0008805913880857178,0.001229925622370365,-0.0010940676678840393,0.02101428682209924,0.5862895493767977,0.5642151670091092,0.14783708814626262,0.5885285904803742,0.4549376797698945,0.24928092042186
industry_id,51,240,2039,0.027367664265728345,0.020922432219454473,0.0013698598473302092,0.17282766163321428,0.21613228996832232,-0.00195924123454416,0.002756728083404054,-0.0033291010818743694,0.027674600122987197,0.6194212849435998,0.5940981833066936,0.21163273138435074,0.6360263732408094,0.44335458558116725,0.26581657675331044
industry_id,51,480,1943,0.04112245363873637,0.03116737426273355,0.0012140510727431859,0.23088793181096431,0.27880852819428886,-0.001787545730121869,0.005069840356278181,-0.003001596802865055,0.0419780301334972,0.6325270200720535,0.6230306671429654,0.24687239974146843,0.6805123458794747,0.4271744724652599,0.4168811116829645
industry_id,52,5,10542,0.0038891805871774086,0.0024451397023070817,-0.0001572507330449315,0.003331302359037673,0.010971758503941798,-0.00013983679148548483,3.8769978912163435e-05,1.7413941559446683e-05,0.003885935988636649,0.5189199467579387,0.5,0.0,0.5027293402584161,0.4810800532420612,0.0
industry_id,52,15,10506,0.007027241939169703,0.004333397856486379,-0.0003091016434928965,0.014474437564708658,0.02733719869707688,-0.00022359840829352007,0.00014455373411448875,8.550323519937645e-05,0.007021044822898841,0.5277804250452682,0.5003551057428014,0.01007969631739191,0.5086644708049878,0.47250547984370533,0.001238921185552273
industry_id,52,30,10458,0.009696874956374594,0.006239935660161533,-0.00042785301120419134,0.03765987540562272,0.04485917300417934,-0.00028467723983384495,0.00022056452573033922,0.00014317577137034642,0.009693230077439132,0.5240785064624223,0.5033607898823198,0.025321884274171397,0.5145538479757609,0.47850646242221156,0.017903303015797033
industry_id,52,60,10356,0.013589641939207748,0.009113446962772052,-0.0006112718202192684,0.054277062118669415,0.059246356747916125,-0.00033251728204557136,0.0003910223174025001,0.0002787545381736971,0.013591494976290803,0.5221341581287454,0.5075204574297807,0.021253650566457886,0.5193780760169159,0.4793156775565436,0.14643340421418907
industry_id,52,120,10204,0.018447235837547635,0.013046360289398283,-0.00097815348048814,0.08251268295563881,0.08473751707390682,-0.0004366670504819738,0.0010824340396042595,0.0005414864300061663,0.018478986623287105,0.5207843137254902,0.5168442739171354,0.03539402324271538,0.5304212248612012,0.48715686274509806,0.3461764705882353
industry_id,52,240,10074,0.024512505889298118,0.018150519816687877,-0.0019520846967331711,0.1243097293585793,0.14021720934652948,-0.0009049843719569034,0.0023366437127079467,0.0010471003247762678,0.024614874587905927,0.5416087388282026,0.538248945766503,0.07871181612195713,0.5659303497851936,0.48570009930486596,0.3814299900695134
industry_id,52,480,9502,0.03476055019503244,0.026226151804808053,-0.0033449561482545302,0.09287437356253667,0.1258749247959333,0.00020142506285729538,0.004267376875278395,0.0035463812111118254,0.03473368119528895,0.5469950531522998,0.5442351879536982,0.08950982470591955,0.5751976520551794,0.5180507315019471,0.5780444163772235
industry_id,53,5,6344,0.003324050894681891,0.0021521308885437416,-0.0001481070013363857,0.017383026822409758,0.0071046062423979015,-0.00015400011761927183,2.1833785133596713e-05,-5.8931162828861345e-06,0.003321057494627993,0.5130146710837672,0.5,0.0,0.5065532919663501,0.48698532891623286,0.0
industry_id,53,15,6324,0.00560807498628175,0.0036791034895570364,-0.0001507878580744377,0.03856236372144451,0.024835619822312468,-0.00022751320559418937,9.526499118428085e-05,-7.672534751975167e-05,0.005608912813045811,0.5294954926458959,0.5,0.0,0.5076019798600444,0.47050450735410404,0.0
industry_id,53,30,6294,0.007658714323514534,0.005193316759630325,-0.00012459519529585178,0.06179675903061294,0.048087074067695884,-0.00026493499844720776,0.00014237306411200688,-0.00014033980315135598,0.007665180397388115,0.516369993642721,0.5006563833278634,0.026028242996748035,0.5287853924873944,0.48426573426573427,0.0006357279084551812
industry_id,53,60,6236,0.010582731353338952,0.00758117898523834,-6.209946216855937e-05,0.10468727087078245,0.06927202845644595,-0.00030399983153891894,0.0002626492981161764,-0.00024190036937035955,0.010606821060733096,0.527421423989737,0.5091884625629944,0.03547790992930112,0.5337150738826915,0.47867222578576013,0.07216164207825529
industry_id,53,120,6160,0.013889126478848324,0.010598609947909177,0.00030363681065870605,0.15880226038114564,0.11002994616704695,-0.0003701134593395725,0.0008273264040427084,-0.0006737502699982785,0.01399314277481842,0.5342643715492043,0.5236902653518077,0.05050829962793516,0.545292660708977,0.4696329977265346,0.32445599220526145
industry_id,53,240,6062,0.019136009575728034,0.015002464180269655,0.0006833109258268231,0.21142967244533592,0.1486228022269997,-0.0008041239055905999,0.0017927917716151606,-0.0014874348314174231,0.019422408449290912,0.5443747937974266,0.5361644777550211,0.07681388655122286,0.5596221605604853,0.47558561530847904,0.3300890795117123
industry_id,53,480,5641,0.027185393446293216,0.021182313112928917,0.0024449832359895573,0.17043540360774598,0.13481921493143306,0.0003912540614656791,0.0035148274177254023,-0.0020537291745238782,0.02745184463031323,0.5360751639780181,0.5407511681571491,0.081650682741958,0.5654861820296878,0.45772026236482893,0.5518525084204928
industry_id,54,5,6865,0.0032410002472620246,0.0018422285910141588,-0.00016354735880153546,-0.006813158796363304,0.008441734438723708,-0.00012200768969049887,3.787372531826878e-05,4.153966911103658e-05,0.00323639154152832,0.5103326982265866,0.49960749355493417,-0.008378493602073177,0.5058675673282655,0.4892276124871757,0.0021984464311886266
industry_id,54,15,6843,0.005533620461520893,0.0031479832448973945,-0.00013880709630120016,0.039802718267652464,0.039178314335012704,-0.00016458598392292607,0.00012926206125125098,-2.577888762172592e-05,0.005535516197928576,0.5176004693458492,0.5021896957682075,0.023242608415905322,0.5149269171164579,0.48430624816661777,0.008946905250806688
industry_id,54,30,6813,0.007562775970078954,0.004436502753996634,-0.000102396250560751,0.059831548153368296,0.05199903013201618,-0.00019437548205096595,0.00018723353723482775,-9.197923149021494e-05,0.00757097525201328,0.5164139555424702,0.5084002215618375,0.04168365690611016,0.5307981099263033,0.4912409833652289,0.042396584719564256
industry_id,54,60,6752,0.01056837380724255,0.00642660993335047,0.00014428109532397664,0.08632521755412802,0.07063359035231401,-0.0001674379571780639,0.0003372367762109776,-0.00031171905250204054,0.010591158561483516,0.5251670378619153,0.5225804624353347,0.04628432581251873,0.5450332970522694,0.488195991091314,0.3899034892353378
industry_id,54,120,6645,0.014951694467870758,0.009307043917449636,0.0007099026846202849,0.14241701280554403,0.0953526851477731,-5.4614564045272805e-05,0.0008832339791365526,-0.0007645172486655577,0.015035010391312456,0.5339864355689525,0.539212213253037,0.07984181417384416,0.5421252394910926,0.4737000753579503,0.5972871137905049
industry_id,54,240,6565,0.020810402721678115,0.013502562319468853,0.0014015578922302084,0.22647300221628575,0.12139088678429354,-0.0001401280950856312,0.0019259314395872907,-0.0015416859873158396,0.02111440956644835,0.526917797773372,0.5322538756220019,0.06601460280771558,0.5456764340547436,0.4758273600732042,0.6088150068628946
industry_id,54,480,6143,0.028923660515720408,0.01993787191107117,0.0031040329515168172,0.2229063378751774,0.12603901391191957,0.0014104554503179762,0.003517695099783993,-0.0016935775011988408,0.02933553991178805,0.5014657980456027,0.5184652246963485,0.04135861703073622,0.5300418247640328,0.46286644951140066,0.7275244299674267
industry_id,56,5,4618,0.0025668929522859,0.0015523778987960302,-0.00016038624955202902,-0.0028458238512612155,0.008982522911855957,-0.00012986339931198555,3.1582844538588534e-05,3.052285024004346e-05,0.002561592812195614,0.5196269789633485,0.5,0.0,0.5041035284541203,0.48037302103665147,0.0
industry_id,56,15,4612,0.004352694505769305,0.00278185460284527,-0.0003085180395112869,0.00521791292368606,0.03526743190263317,-0.00015109004816906443,0.00010291823001040914,0.00015742799134222245,0.004341063968649787,0.5051053660656094,0.5,0.0,0.526235992711962,0.4948946339343906,0.0
industry_id,56,30,4599,0.00615463787117998,0.003929545267230521,-0.0005107534124589393,0.007053896307007916,0.05063464921153569,-0.00014138155703694697,0.00015018835587948175,0.00036937185542199226,0.006132628776403534,0.49445290406787035,0.5000043540814781,3.231827567817431e-05,0.5359558155383917,0.5057646291059387,0.018490319773765498
industry_id,56,60,4576,0.00866752008366245,0.005516279973896762,-0.0008854493461128762,0.018776536856886728,0.06223620155317323,-0.00010891676430327499,0.00029074167390600035,0.0007765325818096012,0.008622731482382863,0.5379400830964356,0.542140845879784,0.08631459604523277,0.5488154618243114,0.5189153728405861,0.3905532473212333
industry_id,56,120,4558,0.011658558302809421,0.007747491276516358,-0.0012133221751417507,0.001065041680437488,0.022462792635257852,0.00024098585931203782,0.0007731673472748642,0.0014543080344537884,0.011570267864345403,0.5526777875329236,0.5170763244088039,0.042141140358733536,0.5232703236567006,0.560359964881475,0.7969710272168569
industry_id,56,240,4558,0.01710217634495726,0.011359570360146298,-0.0028009393573966757,0.001779163382668936,0.020142734816351548,0.0004138378228107692,0.0015190375816299497,0.003214777180207445,0.016805431756867183,0.5687006145741879,0.5175828270090566,0.04247329799206333,0.5201465912275338,0.5891132572431957,0.7899473222124671
industry_id,56,480,4437,0.023698442345668074,0.01431469890046516,-0.0038209350142199916,0.04624133092534229,0.06145014702328177,0.0024096519258585904,0.003055286249874065,0.006230586940078582,0.023329678708115854,0.6251972053189092,0.5272589808327286,0.072296814056912,0.5470379264642479,0.644805048456164,0.8460671624971828
industry_id,58,5,1599,0.0037854398196028234,0.0024893147570540183,-0.00013311607535830227,-0.015021393063008827,-0.02954513945332022,-0.00014774653394626825,3.1147900994392035e-05,-1.4630458587965998e-05,0.003782502477892801,0.5128205128205128,0.5,0.0,0.4735041798428254,0.48717948717948717,0.0
industry_id,58,15,1591,0.007108925592735503,0.004465329613696844,-0.0002531906495571492,0.003021238203795521,-0.02376189208753226,-0.00021121779920347153,8.835205265466517e-05,4.197285035367766e-05,0.007104132891641374,0.5216844751728472,0.5,0.0,0.47565821762740845,0.4783155248271527,0.0
industry_id,58,30,1579,0.009812462680329908,0.00635375667589749,-0.00029010598263170655,-0.008042793156895354,-0.020854711254099337,-0.0002649881497825873,0.00014230679119131443,2.5117832849119253e-05,0.009805996347063835,0.5199493350221659,0.49939172749391725,-0.024157863973612873,0.47714357802440804,0.47941735275490815,0.0006333122229259025
industry_id,58,60,1556,0.013733946570330384,0.009286353613302068,-9.780097650403694e-05,-0.0019281245481771972,-0.0018996044997462561,-0.0002835691607393238,0.00020253711982289724,-0.00018576818423528689,0.013731714283028893,0.5269922879177378,0.4948388595705135,-0.03744942328159869,0.4718344452188921,0.4665809768637532,0.019280205655526992
industry_id,58,120,1530,0.020158661789169727,0.014500309841077027,0.0001169366442167409,0.033330696194668004,0.03358025031444238,-0.0002897541569408906,0.000691684831121981,-0.00040669080115763147,0.020169519896669617,0.5084967320261438,0.4940999024044007,-0.011973204800345005,0.4917730911014037,0.43333333333333335,0.39281045751633986
industry_id,58,240,1484,0.026362538882248404,0.01982920477706953,0.0007930041341680256,-0.009901325689387796,-0.031478935952480185,-0.0007361226573629139,0.0016620897210229582,-0.0015291267915309395,0.026281686186325207,0.47911051212938005,0.46694074168660693,-0.06646847043989612,0.4551884566485862,0.43194070080862534,0.41509433962264153
industry_id,58,480,1343,0.03329380708896815,0.02605341817820518,0.00316180148905141,-0.03753021552315841,-0.004759971254306771,0.00019509290526700793,0.0031012014798720688,-0.002966708583784402,0.03288174296819319,0.4854802680565897,0.48701980026707953,-0.026477798999642303,0.5145418609500402,0.49218168279970215,0.5986597170513775
industry_id,59,5,920,0.002174640938344049,0.0013708498959302865,-0.00019428967544706172,0.0020701067274069814,0.011187294443790198,-0.00011006955242603157,1.866805689109671e-05,8.422012302103015e-05,0.0021659024997515994,0.5326797385620915,0.5,0.0,0.5020330725852198,0.4673202614379085,0.0
industry_id,59,15,918,0.003955960397813654,0.0024744103070778087,-0.0003358869100066575,0.010966202869805796,0.020677608303846046,-0.00011571628692565477,4.609726529651155e-05,0.00022017062308100273,0.0039419110925180585,0.5070883315158125,0.5,0.0,0.5018507945570463,0.49291166848418755,0.0
industry_id,59,30,915,0.005531726467674669,0.00355535215291882,-0.0005762334993508132,0.019011247519759057,0.07889528676122214,-0.00010944867972284555,5.6847374877120245e-05,0.00046678481962796764,0.005502418959563089,0.48577680525164113,0.5011120484699747,0.006238053379051729,0.5585047741391211,0.5164113785557987,0.03282275711159737
industry_id,59,60,909,0.007744825443610333,0.005108024315195828,-0.0009605693572402352,0.0379747490966277,0.06942040241345411,-9.793625232416264e-05,0.0001320189031605071,0.0008626331049160726,0.007688907176620955,0.4834801762114537,0.5051165601122719,0.013500314657870108,0.5474061476687978,0.5330396475770925,0.17290748898678415
industry_id,59,120,904,0.009789167409415838,0.006696838814915267,-0.0013455277247021815,0.007212733995376463,-0.003147019857907781,0.00027771702536435355,0.0004138357358627752,0.001623244750066535,0.009690404698614524,0.5758582502768549,0.528502420300458,0.07517515156817879,0.5036154177649051,0.5725359911406424,0.8305647840531561
industry_id,59,240,893,0.012742161374684306,0.009788484423935236,-0.0019226496549937576,-0.013567757296396867,-0.0225241867874003,0.0006103267258842458,0.0009151613310958751,0.0025329763808780033,0.012550573749960678,0.5717488789237668,0.5087146877931825,0.023132800213304553,0.482143229438132,0.594170403587444,0.8363228699551569
industry_id,59,480,846,0.017179443998158753,0.014151998967042558,-0.0012348937849051371,0.018879289974881017,0.05154498819591355,0.0027932160002527313,0.0020587027328096276,0.004028109785157869,0.01704979236787873,0.5538461538461539,0.4862106017191977,-0.042790990321652775,0.5115219752287642,0.58698224852071,0.8863905325443787
industry_id,60,5,2620,0.0020493452968372698,0.0013465434219610353,-7.38831448783226e-05,-0.00011011544633934957,0.0038315996024822344,-0.00011230628067533794,2.861823221819227e-05,-3.8423135797015344e-05,0.002047809931803047,0.5198928844682479,0.49936024225180653,-0.011572253774488193,0.5028232022719317,0.47934200459066567,0.00306044376434583
industry_id,60,15,2616,0.003836124075641316,0.0023346889517842726,-7.022120192763137e-05,0.015903774191419202,0.04317308635799042,-0.00012076121102511208,5.288445269241351e-05,-5.054000909748071e-05,0.00383595785964582,0.5380497131931167,0.5,0.0,0.5273328838306104,0.4619502868068834,0.0
industry_id,60,30,2610,0.005395987569596151,0.003394622973978197,-4.311942796157016e-05,0.03290042981895084,0.04853703989166885,-0.00011445434994962588,6.332438362998533e-05,-7.133492198805572e-05,0.005397527489517625,0.5285550019164431,0.5012298295571789,0.008472082769603439,0.5269692896348833,0.47144499808355694,0.021464162514373324
industry_id,60,60,2598,0.007604798376722905,0.004917377590198639,9.491510690146366e-05,0.06295999745940305,0.08164440257480789,-4.364172960298166e-05,0.00016837078235007428,-0.00013855683650444532,0.007612949808719862,0.538135593220339,0.5357924394113464,0.07196869123582188,0.5466768708211133,0.47842835130970723,0.44414483821263484
industry_id,60,120,2582,0.010500804152676327,0.007208966473996468,0.000783798949255579,0.019619498398681632,-0.0007205956499202529,0.000469484695151436,0.0005407967014995997,-0.000314314254104143,0.010468152823721348,0.49806351665375675,0.5215538625035188,0.05913074140212387,0.4848059329558627,0.4659178931061193,0.843144848954299
industry_id,60,240,2583,0.015195023275589676,0.010868663979609807,0.0014227291403312813,0.019784555672529205,-7.910306721003575e-05,0.000923786064345055,0.0010622041485995241,-0.0004989430759862262,0.01511196411801078,0.49206349206349204,0.5218894760879493,0.05955624385309282,0.483245495119965,0.4564459930313589,0.840495547812621
industry_id,60,480,2442,0.022169309255946467,0.01603450015976348,0.004973968759566226,0.010690723553269298,0.018275718723429587,0.00306975087914162,0.0022375288625283672,-0.001904217880424606,0.021511869621763866,0.45614754098360655,0.4815182186234818,-0.05850421371847508,0.5182246963562753,0.4672131147540984,0.8881147540983606
industry_id,61,5,828,0.0036055030431324897,0.0018129840049363165,-0.00022701061901016047,0.03934738546955894,0.06459518499082768,-0.00011948230297089294,1.67431433672873e-05,0.00010752831603926754,0.003598969301646522,0.5217917675544794,0.5,0.0,0.5274839202326059,0.4782082324455206,0.0
industry_id,61,15,826,0.005627096070747642,0.003014806940999674,-0.00035639688185289126,0.05165076139703282,0.07829212082247655,-0.00013041093485655666,4.944300529780552e-05,0.00022598594699633457,0.005618135071191674,0.5254854368932039,0.5,0.0,0.5669834556977726,0.47451456310679613,0.0
industry_id,61,30,823,0.007510240001985626,0.00441673376256634,-0.0005715350751200057,0.1406740830173815,0.19147144684780365,-0.00015164047720381493,6.87327857301952e-05,0.00041989459791619065,0.007497821019256046,0.5249088699878494,0.5027634771288242,0.032451122196815285,0.6034499082785963,0.4775212636695018,0.007290400972053463
industry_id,61,60,817,0.010101884504237203,0.006378713965811096,-0.0009385876164826004,0.16139920119149467,0.14582158867491404,-0.00010343858655291351,0.00012127410645513684,0.0008351490299296869,0.010077048353115287,0.5165238678090576,0.49806201550387597,-0.0054299732074923,0.5610600324499729,0.47368421052631576,0.14932680538555693
industry_id,61,120,807,0.013042676859786072,0.00908489391620396,-0.0015932142790400091,0.18827688052271555,0.1252359719755351,5.506257898903589e-05,0.00045296504910740927,0.001648276858029045,0.013022638981208477,0.5588599752168525,0.5650727062470782,0.13719224896230103,0.5503561498905101,0.48079306071871125,0.6592317224287485
industry_id,61,240,799,0.016058844035399342,0.012418283888817744,-0.003063168458379351,0.13332770575131989,0.046937083318505136,0.00011338805415561523,0.0010044509175855198,0.0031765565125349664,0.01586645062066348,0.5757196495619524,0.5672592341238422,0.14186238420309866,0.5064723698927974,0.5269086357947435,0.6608260325406758
industry_id,61,480,752,0.02109179206941584,0.01512623430454959,-0.004973128202632711,0.11175110371514928,0.07008997702413919,0.0023346573249542184,0.0022685136486281054,0.00730778552758693,0.02062627997646739,0.574468085106383,0.5531754819294211,0.1563366492237328,0.5413721148113448,0.5292553191489362,0.8670212765957447
industry_id,62,5,58452,0.004059751467383456,0.002500599218882262,-0.00013464204199673007,0.006164070390086032,0.02905668407086219,-0.00014348247949175515,4.4881272494217714e-05,-8.840437495025067e-06,0.0040575465764528425,0.5261868877166541,0.5001728290505751,0.004238002098259737,0.5118254206227709,0.47389874631773654,0.0016613002671781872
industry_id,62,15,58233,0.007410236715828998,0.004508776910969727,-0.0002476990533216425,0.014754772389281664,0.04002835442634275,-0.00024096092425917099,0.00017105698992748213,6.738129062471515e-06,0.0074066443300614595,0.5288456581140766,0.5003582400438394,0.004672058007945122,0.5169899787255278,0.47117152726460326,0.005894584887177989
industry_id,62,30,57918,0.010386102999208013,0.006504972663972607,-0.0003467589028041728,0.015435294535034614,0.0515156837497963,-0.00030625275817468885,0.0002748206143978325,4.050614462948393e-05,0.010380917001781733,0.528575623067756,0.5049141164597456,0.0213004155373381,0.5264406598505109,0.47332423703345483,0.05623585899583758
industry_id,62,60,57338,0.014526674818812644,0.009530132852565352,-0.00044162749921302253,0.028601973887744814,0.06521707877683623,-0.00037878404225087805,0.0005393863991060956,6.284345696214446e-05,0.014525373992659896,0.5347486306388026,0.5151487372452072,0.03730616124023465,0.532797291718985,0.4664375675958553,0.20699159194780728
industry_id,62,120,56514,0.020224956632526672,0.01415617709100885,-0.0004660920620993554,0.025954236897872945,0.06165440141577208,-0.0004628461976429614,0.0016093860859890121,3.2458644563940287e-06,0.02019724731508121,0.523598010936311,0.5200568564211192,0.04023507357380664,0.5292798128335209,0.4650940558141181,0.44787555964536624
industry_id,62,240,55615,0.02819275543225632,0.02044025602000044,-0.0008183320249970503,0.007153617301510034,0.038248466683437614,-0.001010619816795654,0.003264660302075425,-0.00019228779179860365,0.028014501482527057,0.5176320379794638,0.5149049548774658,0.02987317830793535,0.5210856348298137,0.4689888327429013,0.4551061878472909
industry_id,62,480,52345,0.041938493165814675,0.030545511514578634,-1.2483412600658669e-05,0.003870236434691554,0.03683208406794295,0.0002790799885975781,0.006026061054610328,0.0002915634011982368,0.04152662558667253,0.5042318641218165,0.5140480605699791,0.028659530286181935,0.511316220925904,0.45509256605720183,0.6080319443648383
industry_id,63,5,2703,0.0032081851554511477,0.0018215072234682409,-0.00012956949986271075,0.024704430725096663,0.01989444271333554,-0.00012185797327063455,3.352222247864566e-05,7.71152659207619e-06,0.0032062205856106425,0.5361512791991101,0.5,0.0,0.516092243770682,0.4638487208008899,0.0
industry_id,63,15,2697,0.0055306044230117365,0.0032403197141178757,-0.00021929614716368088,-0.0096680609768639,-0.00027890631246270235,-0.0001483662964314166,0.00010993217238265286,7.092985073226428e-05,0.00552409875318545,0.5399183067211288,0.5073648965423224,0.04650175574691358,0.49342645577238314,0.4656516895655403,0.025621982918678055
industry_id,63,30,2685,0.007098724265266803,0.004534485477617867,-0.00024149638441035363,-0.015201394838032296,-0.004166679422021851,-0.00016006662967650383,0.00017881317054374,8.142975473384981e-05,0.0070896438038056285,0.526669153301007,0.5051677695636192,0.014432664729286927,0.5005337589253095,0.46922790003729953,0.15031704587840358
industry_id,63,60,2662,0.009733089573927219,0.006542320465266202,-0.00018269463313531318,-0.020215573400443446,0.0018447360926392407,-8.903902909303172e-05,0.00038092635973544176,9.365560404228145e-05,0.009716218818759285,0.5039488529522377,0.4988617711149005,-0.0022866504802563302,0.50303166993014,0.4591951861602106,0.43775855584806317
industry_id,63,120,2627,0.013325949137360685,0.00933088299386722,7.749136982797607e-05,-0.03621440015718453,-0.0045391983257755,0.00017731686554874672,0.0013308827536754853,9.982549572077067e-05,0.013210987980959842,0.48551829268292684,0.4978736494562601,-0.00436048358103354,0.4939171228164106,0.4489329268292683,0.6211890243902439
industry_id,63,240,2578,0.01886942297184156,0.013765198158909614,0.0005092306821589526,-0.031113627822705263,-0.02459250979235948,0.00025910169919472276,0.002618355334066874,-0.0002501289829642299,0.018598647479750145,0.48389600310438496,0.5043874719663634,0.009028963114188037,0.5005803778706382,0.42607683352735737,0.6379511059371362
industry_id,63,480,2437,0.029958241006887616,0.023164411340249352,0.001075221371222439,-0.019174327524853856,-0.012863219267270245,0.0023581406019324612,0.004884631394510433,0.0012829192307100225,0.029444269509397585,0.43660237997537954,0.4712336720881175,-0.06578068949892692,0.4778940171644919,0.4296265900697579,0.7501025851456709
industry_id,65,5,1106,0.005255831471438613,0.00325076932221488,-0.0001130043094143488,-0.009685621838123243,-0.015129987099447725,-0.0001638602230119846,2.9251192642986763e-05,-5.08559135976358e-05,0.005254251766223516,0.527124773960217,0.5,0.0,0.4917893535448281,0.472875226039783,0.0
industry_id,65,15,1102,0.009090523834584283,0.005736870567302429,-0.0003270769870283475,0.03858447028356626,0.030292489012127347,-0.0002691824449783089,0.00015574832510296038,5.789454205003861e-05,0.009089314085790718,0.5290381125226861,0.5,0.0,0.5089101286614647,0.470961887477314,0.0
industry_id,65,30,1096,0.012667173766877638,0.008245846419107075,-0.0007296021964376669,0.0322786704358074,0.005795397837953497,-0.0003536916464705481,0.0002516415729467446,0.00037591054996711885,0.0126517658950501,0.5072992700729927,0.5064118573574024,0.0551867992940811,0.5121860254476313,0.4990875912408759,0.013686131386861315
industry_id,65,60,1084,0.017268505489870856,0.011806464446659712,-0.0014039419616541152,0.04038330579468494,0.02545921878403639,-0.00043587057563008883,0.000496912139686259,0.0009680713860240265,0.01722424405901559,0.5009225092250923,0.5077503541462351,0.023036234757126007,0.5220643320257164,0.5092250922509225,0.13007380073800737
industry_id,65,120,1070,0.022532069104402672,0.016819929401675853,-0.00268127838289474,0.036177010897932314,0.05252967154560278,-0.0006189497450212121,0.0015342153585833906,0.0020623286378735274,0.022374870436211076,0.5532710280373832,0.5576634260928622,0.11736352037708013,0.5509436406218821,0.5224299065420561,0.4046728971962617
industry_id,65,240,1040,0.02990978848094914,0.022908776071059397,-0.005295323187434064,0.0021242981043159124,0.01096961328803464,-0.0012357591867979724,0.002898982623659634,0.004059564000636092,0.029300371673651567,0.4951923076923077,0.5023219095384044,0.004740568747318049,0.5083607318658865,0.5336538461538461,0.3942307692307692
industry_id,65,480,993,0.04804271615348218,0.03586249749683292,-0.0049506506385619915,0.10964821621835782,0.023017770853878353,-0.00019482895855023737,0.005483599001900574,0.004755821680011754,0.048076368717984784,0.5468277945619335,0.532764993291309,0.06505142157572466,0.5233095364674312,0.5981873111782477,0.5780463242698892
industry_id,66,5,920,0.0028848325896639678,0.0018751735458391503,-8.160588353689491e-05,-0.0402542193417112,-0.04063586831225616,-0.00011051379572207858,2.0038441919111643e-05,-2.8907912185183663e-05,0.00288280198613875,0.5119565217391304,0.5,0.0,0.4862917831084883,0.4880434782608696,0.0
industry_id,66,15,918,0.005391439567072024,0.0033767529773933726,-3.191575822410273e-08,-0.014171157936846939,0.01452636001228953,-0.00015129781030001797,9.382053361301083e-05,-0.00015126589454179387,0.005389293802357088,0.4983642311886587,0.4978284860766237,-0.02335096111619808,0.5066073008533836,0.4994547437295529,0.008724100327153763
industry_id,66,30,914,0.008114526354880464,0.004827639990109088,0.00010160876169563501,-0.038206432984304727,0.053060330369138015,-0.00017975123691004732,0.0001450560192503241,-0.0002813599986056823,0.00810705326315332,0.5065645514223195,0.507503064429633,0.02919263574580822,0.5341396613805256,0.5010940919037199,0.0711159737417943
industry_id,66,60,908,0.012140628826210111,0.007125753942552008,0.000416391286107442,-0.04817704603995172,0.0551483788824394,-0.00017420549733135522,0.00031348457233562816,-0.0005905967834387972,0.01211434249081791,0.51431718061674,0.5192588637852792,0.04440268969227958,0.5257165044773946,0.5099118942731278,0.2511013215859031
industry_id,66,120,898,0.01700731111343342,0.010534189438082582,0.0011904590155421817,-0.022428952489059194,0.07368947695189987,-0.00011981036849807375,0.001053721404656352,-0.0013102693840402555,0.016909223788800092,0.5111358574610245,0.5126293615266523,0.025306861139420978,0.5401585874193275,0.5200445434298441,0.46325167037861914
industry_id,66,240,893,0.022978510242751705,0.014423991765142023,0.002582358378152441,0.01542184338216614,0.06004619688797645,-0.00023471484193317635,0.0022055515958458918,-0.0028170732200856175,0.022760211269449316,0.5218365061590146,0.5221251819505095,0.04424570039279229,0.5293956733423681,0.48712206047032475,0.5106382978723404
industry_id,66,480,846,0.030346310195604506,0.02165110394771524,0.006980043502774802,0.008309927614889056,0.03749070414634841,0.0015863956083091147,0.0045219696079565564,-0.005393647894465687,0.029222003533964563,0.5449172576832151,0.5322222222222223,0.07023469918892727,0.5255443322109988,0.5319148936170213,0.7009456264775413
industry_id,67,5,2894,0.0031990139850593268,0.002036482633964965,-0.00010044577976300238,0.03315538862552162,0.03069460572700465,-0.00011923355683297773,4.142439340910536e-05,-1.8787777069975354e-05,0.0031985420373393404,0.5159279778393352,0.5,0.0,0.5159801634165778,0.4840720221606648,0.0
industry_id,67,15,2885,0.006097566122065998,0.0037373125742282357,-6.284025334627626e-05,0.09678575214632086,0.061869108378917265,-0.00017391803994794188,0.00010698696609584958,-0.0001110777866016656,0.006106667201548941,0.5209705372616984,0.5,0.0,0.5311704136348625,0.47902946273830155,0.0
industry_id,67,30,2870,0.008537009683453951,0.005493928067659761,6.596176325208671e-05,0.11863740453262202,0.08101999515703573,-0.00019948985184241048,0.0001607946317717095,-0.0002654516150944972,0.008554337962678923,0.5236933797909408,0.5033188940522617,0.023368246168472284,0.5341668028862994,0.47874564459930313,0.020557491289198607
industry_id,67,60,2840,0.012493936165197245,0.008264866375727273,0.00033742017871499946,0.15211591743548458,0.07550562991603008,-0.00016616542443828198,0.0003146203037049343,-0.0005035856031532814,0.012533366076553667,0.5292253521126761,0.521440369855689,0.048608119436954804,0.5233694321938684,0.48345070422535213,0.2640845070422535
industry_id,67,120,2782,0.017569678435212104,0.012020666469437903,0.0009574095305831141,0.2043491282751668,0.07399583056224604,-0.00011540724648836275,0.0008653088211441146,-0.001072816777071477,0.017699937699763715,0.5068296189791517,0.5067303000984065,0.013470964150067719,0.5207999971056919,0.5025161754133717,0.5197699496764917
industry_id,67,240,2725,0.023955465574161585,0.016219213023029682,0.002583299770785326,0.2553417120043828,0.0852924040681732,-0.00013155498789674646,0.0017890746469022877,-0.002714854758682072,0.024209694567990346,0.5211009174311927,0.5203500117985137,0.04105928348726493,0.535781551865512,0.5056880733944954,0.5662385321100918
industry_id,67,480,2537,0.0298960154137238,0.022444154940114928,0.004846102567749218,0.22923820751189253,0.12991500621057409,0.0016521233744544127,0.0029280276549725425,-0.0031939791932948055,0.03003384873530362,0.4883720930232558,0.5084797075639704,0.020162167609255984,0.5513672009247977,0.4631454473787939,0.7721718565234529
industry_id,68,5,7296,0.003426117329379802,0.0021794032451599916,-0.00014426506122312417,0.026340656557833436,0.04327110052981349,-0.00013703273429412053,3.7081095118463934e-05,7.232326929003653e-06,0.003423854695152981,0.5145564405383136,0.5,0.0,0.5218544283800449,0.4854435594616863,0.0
industry_id,68,15,7276,0.006153556751904115,0.0038830799893010857,-0.0001958087048128401,0.025165539515918406,0.060257743501470576,-0.00020632386643210028,0.0001264939749410836,-1.0515161619260203e-05,0.006152323802859934,0.5197468006054768,0.5012771198824754,0.018701909110219277,0.535019063313441,0.4813540663272327,0.004678684464015412
industry_id,68,30,7246,0.008768192955421514,0.005637952313120813,-0.00022853972379701838,0.024163517511001736,0.05383963092633884,-0.00024114591400924027,0.00018476717953102903,-1.2606190212221878e-05,0.008767732184535654,0.5185696534585117,0.5045202842906737,0.02609922464376827,0.5294047616322064,0.4850200193290073,0.03092641170785586
industry_id,68,60,7185,0.012126417172393933,0.00818570880097935,-0.0002031173797552209,0.04236184620566503,0.0709055849257394,-0.00027556514398489087,0.0003316401132210085,-7.244776422966999e-05,0.012134236550025386,0.5312151616499443,0.5187376148890195,0.04878923995052763,0.539703343917728,0.48049052396878483,0.1794871794871795
industry_id,68,120,7095,0.016692025458527684,0.011877322030763495,-1.795442080623721e-06,0.07076543319639682,0.07403304131336494,-0.000279306694171165,0.00096362839918422,-0.0002775112520905413,0.016732518182701134,0.5347427766032418,0.5337027956197891,0.06762395574916791,0.5394258976049926,0.4873854827343199,0.45792811839323466
industry_id,68,240,6999,0.022621407364399056,0.016709400935199587,0.0001067759354455723,0.06245305912701612,0.05245178314559525,-0.0006073462232154415,0.0019831179169446695,-0.0007141221586610138,0.022658253317655506,0.5237891127303901,0.5227581946415832,0.0456373447315562,0.5279148147875763,0.48649807115302185,0.4612087441063009
industry_id,68,480,6576,0.03289865115080583,0.024530107115710978,0.001989669050340961,0.07320757461146876,0.07678358434969638,0.000660634033296327,0.0036637054633413906,-0.001329035017044634,0.032902727442606715,0.511864922421661,0.5234251596315633,0.04922531013901646,0.5323371620344111,0.46364466078491023,0.6572862792820201
industry_id,69,5,7957,0.0036518951634883557,0.0021719015805968444,-0.00014412991003168844,0.028257389843600576,0.038905050573242395,-0.0001332311929402604,3.650884589648285e-05,1.089871709142804e-05,0.0036498990062989426,0.5209120685311162,0.5,0.0,0.5142040538860525,0.47908793146888384,0.0
industry_id,69,15,7929,0.006386890122758563,0.003927445241821631,-0.00024854677353525846,0.042102818512666625,0.0532855029769402,-0.0001908852734306128,0.00011690544607189748,5.7661500104645666e-05,0.0063859053025417285,0.523346794548208,0.5003931318750596,0.007146605353039695,0.5211854860410413,0.4769056032306916,0.003028773346794548
industry_id,69,30,7899,0.008821346013369728,0.005702920080255937,-0.00037300265814286756,0.06436741119485337,0.09074049049848709,-0.00023810827017408997,0.00016966752031752878,0.00013489438796877756,0.008822750988561464,0.5344565492779326,0.5056483304386368,0.04038283083023429,0.5463332590332572,0.46997719787180137,0.01988852292880669
industry_id,69,60,7836,0.012504504048030041,0.008488180740785752,-0.0005031636600640426,0.10166509393408359,0.1211343456278489,-0.00025202208195709955,0.0003088327481521683,0.0002511415781069431,0.012521996213203917,0.5467194281337758,0.5251716392398138,0.06862094300544909,0.5526416396743435,0.46821547102374267,0.15943323972427878
industry_id,69,120,7731,0.0173931421161594,0.012438825837914265,-0.0006452619417477583,0.1467009781833462,0.15439295208244308,-0.0002914813442803284,0.0009021193331725591,0.0003537805974674299,0.017490588380859366,0.5474188122654936,0.5436189750444016,0.08785866263667912,0.5653623390002036,0.4701772544960538,0.4336912925346099
industry_id,69,240,7640,0.025166519266504112,0.018350187951446405,-0.0011350927450037474,0.16649487471467403,0.16029833944192518,-0.0005852192614476821,0.0018896269712914814,0.0005498734835560654,0.025386381149691776,0.5579264301610158,0.5555706096488358,0.11143552372886951,0.581684778333767,0.4723131299908365,0.4543788453986124
industry_id,69,480,7271,0.039341030928765605,0.02821888771215854,-0.0005515828130888028,0.17089972194666578,0.1759546142445127,0.000705616070811828,0.0034397046876978275,0.0012571988839006308,0.03977874229144444,0.5472424700866456,0.5529042288896445,0.11109720024720375,0.5762038286261154,0.4817769220189795,0.6534176867005914
industry_id,7,5,1974,0.0035022843233330782,0.0023003022908856413,-0.00016131088460920453,0.039841923670735184,0.04545694230965536,-0.00013810288915180934,2.2014096100348202e-05,2.320799545739521e-05,0.003499375394472097,0.5241484494153533,0.5,0.0,0.5165655284471967,0.4758515505846467,0.0
industry_id,7,15,1968,0.00688059596436093,0.004104645206632149,-0.00039171033924984136,0.02689305120996578,0.030183773390762877,-0.0002372544833330418,0.00010419278069817049,0.00015445585591679955,0.006871449348619079,0.5205897305541434,0.5,0.0,0.5070280396672853,0.47941026944585663,0.0
industry_id,7,30,1959,0.009612141160785815,0.005906252857446012,-0.0006487839185092131,0.06025891078961696,0.04272007893565789,-0.00030316089968339193,0.00013380411784078193,0.00034562301882582115,0.009597353718725731,0.5171005615109749,0.5005279831045406,0.023361941011820438,0.49816301530524937,0.4834099030117407,0.0005104645227156713
industry_id,7,60,1941,0.013597710463506496,0.008821975758896787,-0.001168162257928341,0.06327452873872404,0.045537605443297,-0.0004180807508939675,0.0002681006240999882,0.0007500815070343735,0.013561761341091093,0.5,0.4950599450030241,-0.020119272165748953,0.49083844346015376,0.4943298969072165,0.06443298969072164
industry_id,7,120,1912,0.018969412731725536,0.013160759834232202,-0.0021545930061397695,0.09110757256263434,0.10861073553899843,-0.0007517369796237499,0.0008460905629041302,0.0014028560265160195,0.01890489504130719,0.5387029288702929,0.5267138422686379,0.06526318376294815,0.5476430832500306,0.4790794979079498,0.21234309623430964
industry_id,7,240,1876,0.028037036389464268,0.021339434831485468,-0.0045393211090488045,0.1010425093285105,0.13127650580725111,-0.0015431555568986236,0.001846286928720711,0.002996165552150181,0.02779263975229866,0.5394456289978679,0.5369070988436658,0.08703170763839285,0.5643065234614322,0.4952025586353945,0.23507462686567165
industry_id,7,480,1782,0.04093106124767112,0.031010384889668785,-0.005109405066403833,0.07749762030387505,0.09389570047069264,-0.0012356101541597538,0.003481110916096053,0.0038737949122440787,0.04073211093289919,0.5505050505050505,0.5497779793284583,0.10197477673500466,0.5293848295322134,0.49663299663299665,0.39169472502805835
industry_id,70,5,1819,0.004122905000701485,0.002643533760655625,-1.0079909461680225e-05,0.041918930423769055,0.019932464401571308,-0.00012434453323361292,3.809569733450016e-05,-0.0001142646237719327,0.0041243139122306436,0.5447513812154696,0.5,0.0,0.4971598741605782,0.4552486187845304,0.0
industry_id,70,15,1814,0.007762933153165475,0.004806250001855039,0.00012647657822295892,0.05825152603072936,0.026344923502077223,-0.00020312852498031346,0.00012649538230853088,-0.0003296051032032724,0.007768244017032263,0.550828729281768,0.5028818621414775,0.03534299776560265,0.5102177913694516,0.45138121546961324,0.0066298342541436465
industry_id,70,30,1806,0.010848681254627032,0.006989174117575228,0.00028355131864497997,0.0768501895208136,0.04997388210131602,-0.0002495373867402252,0.00016959599585934112,-0.0005330887053852052,0.010856690187035447,0.520509977827051,0.5045505837126513,0.02458568947119145,0.5126900742392416,0.48281596452328157,0.03547671840354767
industry_id,70,60,1795,0.015537225444799376,0.009695856322357935,0.0009325132898712407,0.09882004763803912,0.044096614887399056,-0.000342615662806753,0.0003632588256005177,-0.0012751289526779937,0.01554090048325519,0.5267558528428093,0.5011531964656964,0.0032517490941342438,0.51009140612506,0.463768115942029,0.14659977703455965
industry_id,70,120,1773,0.022911270527867587,0.013732072328055882,0.0025862196198293275,0.1873834508798913,0.10971478183237163,-0.0003876708761394419,0.0009261146359406703,-0.0029738904959687694,0.02292019133412696,0.5400677200902935,0.5257959455225526,0.053203916170181866,0.5328725210711371,0.4452595936794582,0.36681715575620766
industry_id,70,240,1760,0.03366027979418527,0.021406085638318473,0.005178073389348273,0.23820662090186392,0.15402206419348913,-0.0008024536417823666,0.0019168416144755332,-0.00598052703113064,0.033664076377890866,0.5477272727272727,0.5356104888909826,0.07251584879819162,0.5360881131747097,0.4426136363636364,0.39034090909090907
industry_id,70,480,1667,0.05130827821057045,0.033344297417913185,0.012415319707965234,0.3793310081792023,0.34760779446583473,0.0001786927163660142,0.0034346271517262,-0.01223662699159922,0.05098484958527846,0.6028794241151769,0.6087869521780056,0.22194263143301995,0.6586489319311862,0.47270545890821836,0.6022795440911818
industry_id,71,5,6648,0.0035188344085664595,0.002130904166075032,-0.00022588813726291698,-0.00010988151501282046,0.04082187666044768,-0.00012706693619528528,4.099954170435097e-05,9.88212010676317e-05,0.003511332730486091,0.5083031400966184,0.5,0.0,0.5175097496251932,0.49169685990338163,0.0
industry_id,71,15,6629,0.005901941752689847,0.0036911352348227566,-0.0003271704519878182,0.02892386327941605,0.046224129549821844,-0.00018875806573069608,0.0001387853374939874,0.00013841238625712213,0.005895247584208086,0.514881402024475,0.5,0.0,0.5187181625515577,0.485118597975525,0.0
industry_id,71,30,6603,0.007993367380839094,0.005257664006745079,-0.0005179406967404825,0.05154514122775303,0.060182078010950234,-0.00023667337161507307,0.0002121114067645326,0.00028126732512540937,0.007984689504336482,0.5028805336567617,0.501290742775164,0.008547659498157894,0.5283480726614906,0.49833232261976956,0.023347483323226198
industry_id,71,60,6547,0.010832352821785032,0.007559235943741416,-0.0007879730352330664,0.08992044011538414,0.09884345339148004,-0.00026264567395996676,0.00036923770871096363,0.0005253273612730997,0.010830596704873744,0.519486474094452,0.5251058167234163,0.06695380078239534,0.5485226501247893,0.5084823475469968,0.16918844566712518
industry_id,71,120,6456,0.014722162918877344,0.010771632382099666,-0.001311191571110923,0.12518769324495743,0.13928479581147224,-0.0003278619030437431,0.001018615624366068,0.00098332966806718,0.014756309640633814,0.5529211219587788,0.5548248574857486,0.1102804880850539,0.5700325320993638,0.5165039516503952,0.44413451108011776
industry_id,71,240,6374,0.020142916144344603,0.015255249930639186,-0.0024166619529343383,0.13942199980667025,0.15505968666749276,-0.000647916308836354,0.002154358628555182,0.0017687456440979845,0.020183668884505453,0.5647261886081908,0.5688940106325575,0.13795039190416855,0.5890921231930342,0.5399340969715989,0.45331868821591087
industry_id,71,480,5956,0.027878839028884304,0.02123802113939932,-0.002385730781533955,0.15941427163783933,0.22290903252444982,0.0005820835156554183,0.003946109321257743,0.0029678142971893734,0.028131100607518996,0.600671704450042,0.5800956471564848,0.16638498939234816,0.629135245139206,0.5731318219983207,0.6523929471032746
industry_id,72,5,9382,0.003916272346989893,0.002366670388205964,-0.00023940481947311003,0.004565273457006199,0.011811232682494757,-0.0001248330733170828,3.6854274791384576e-05,0.00011457174615602724,0.003908942510265867,0.5045586184704495,0.5,0.0,0.4978968395108639,0.4954413815295506,0.0
industry_id,72,15,9354,0.006786367719214966,0.00413336593247191,-0.0004300741163392047,0.006574099570258377,0.015255457503331495,-0.0001940599759871606,0.00014120476843061287,0.00023601414035204414,0.0067721826203984755,0.5016094420600858,0.499896018225638,-0.0033477356600805307,0.5053907504297422,0.4982832618025751,0.0009656652360515021
industry_id,72,30,9313,0.009465715068008097,0.005875131661019397,-0.0006881332610463446,0.016201811044061376,0.0346092039060061,-0.00024627140508926156,0.00020332507561976793,0.0004418618559570831,0.009441774203675443,0.4988164407144394,0.5043095031842036,0.023151131161860707,0.5151587303645717,0.5059177964278029,0.0359371637615666
industry_id,72,60,9227,0.01310834774877102,0.008516045760331162,-0.0011631971431978524,0.021757620906042822,0.04280679560770694,-0.000271170702116921,0.0003834202378586031,0.0008920264410809313,0.013059350381452612,0.5087890625,0.5152707406485215,0.036341039293138845,0.5276132805291824,0.5119357638888888,0.22884114583333334
industry_id,72,120,9129,0.018239323825796457,0.012395027946540167,-0.002134682610771712,0.031886494861306104,0.0841857425987699,-0.00041532215563610896,0.0010079309682889711,0.001719360455135603,0.018118077898109878,0.5363716038562665,0.5396222858545429,0.08068992289051553,0.5413226286337657,0.5167616126205083,0.4043602103418054
industry_id,72,240,9076,0.02475333991486225,0.017166500579762507,-0.004052621111131668,-0.030922308174955854,0.04759693027399755,-0.0007933462731728089,0.002092672684313701,0.003259274837958859,0.024264880921438078,0.5390892049840115,0.5471685681536904,0.0953084060854588,0.540806430066087,0.5455948836696438,0.41570184143786526
industry_id,72,480,8625,0.03829053532806132,0.02620509846195343,-0.006982497309261382,-0.0037135237866106766,0.04976804140278111,0.00040097844565584173,0.003738474835130128,0.007383475754917223,0.03744854927594535,0.5688775510204082,0.5453938676354674,0.09157500024610887,0.5592855769457815,0.6041280148423006,0.6222170686456401
industry_id,73,5,13027,0.0033553862161104136,0.002032848150477349,-0.0001567160155143886,0.016599424793538386,0.03600164811228578,-0.00012325946715080024,3.359870864229883e-05,3.3456548363588356e-05,0.003352113803740908,0.5159500693481276,0.5,0.0,0.514059556290431,0.4840499306518724,0.0
industry_id,73,15,12991,0.005718771712544061,0.003575970333025768,-0.00025697630288442556,0.03565473978155549,0.04580877418974965,-0.00016919211521837746,0.00010716296523651508,8.778418766604813e-05,0.005715812094686668,0.5091835159746875,0.5000255223137944,0.000685143216735385,0.5237889173582236,0.4908164840253125,0.001389103256675413
industry_id,73,30,12943,0.008139172037324423,0.005252891545549383,-0.0003478123553405269,0.057434033784856224,0.07312705902137677,-0.00020607476979773103,0.0001517488951842243,0.00014173758554279585,0.008139041267420538,0.5137664346481052,0.5037886711408316,0.021366489382677906,0.5373261661671236,0.48932714617169376,0.03248259860788863
industry_id,73,60,12846,0.011560682274894778,0.00770466459201524,-0.00043405213256401823,0.08823824729710672,0.08760083207441702,-0.00021219076643531968,0.000277372644603973,0.00022186136612869855,0.011573701553273641,0.5241024842302001,0.5221994450511726,0.054945300460347,0.542637728863991,0.49676816447317185,0.20543571372946032
industry_id,73,120,12684,0.01602292627478999,0.01122155452142975,-0.0004223488201066208,0.12858546791279618,0.1088611685375454,-0.00017690661948032747,0.0007997633761825988,0.00024544220062629337,0.016100548473741975,0.5474688534931399,0.5478106487557619,0.09564831349105357,0.5598461023272626,0.510250749093203,0.4843084686957893
industry_id,73,240,12589,0.022559347035492568,0.016038634638045356,-0.0007458296177277015,0.1320384045721051,0.11899434520038221,-0.00035008323582654807,0.001696060149967653,0.00039574638190115343,0.022708193078227572,0.535234766028442,0.535283274494058,0.0705598210785339,0.5505406773840008,0.5074282990386907,0.49725907682529596
industry_id,73,480,11984,0.03232267160361515,0.02433212388990844,-0.0003525339719266458,0.18288813475002522,0.17833988087285166,0.0011162599633356978,0.0031464440928994294,0.0014687939352623436,0.03274782439566622,0.5413885180240321,0.5374617737003058,0.08260972190301322,0.5842908436310303,0.5093457943925234,0.710781041388518
industry_id,74,5,14373,0.0028930636864504798,0.001805653357672971,-0.0001461801973406078,0.025198758769144815,0.026455457199070442,-0.00011422494026432455,2.788115401595729e-05,3.1955257076283256e-05,0.002889936375243246,0.5145155648828261,0.5,0.0,0.5087264931813329,0.4854844351171738,0.0
industry_id,74,15,14326,0.004853821912240429,0.003062042937315587,-0.00016425604117266713,0.02878539760721279,0.02384742485398131,-0.00014841089880344673,9.99326604533558e-05,1.58451423692204e-05,0.004852889884531829,0.5142497024017926,0.5002995858619264,0.0029374562941687165,0.510436295551969,0.4857502975982074,0.010503466143827463
industry_id,74,30,14264,0.006805827055013989,0.004405183042308154,-0.00022239111640641037,0.04643940535557783,0.04955489564357051,-0.00017544908222376875,0.00015600912277770597,4.6942034182641634e-05,0.006807652145268774,0.512471018056629,0.5030741079015459,0.012284151578877012,0.5197487087397563,0.4891449448464835,0.06709759010749666
industry_id,74,60,14135,0.009333597424442685,0.006332639714560366,-0.0002259128534142176,0.05403558245059781,0.057063268085723616,-0.00016383694711813012,0.0003210364640847546,6.207590629608746e-05,0.00934270211935647,0.51890667044328,0.5185216095439813,0.042616021746343324,0.5245048197265813,0.4992210735023368,0.2527970542416088
industry_id,74,120,13926,0.012636883845137765,0.008894432766638549,-0.00014453045692584137,0.056129203757797806,0.07220607937472479,-0.000152254536191085,0.001030810953769085,-7.72407926524361e-06,0.01265193342146329,0.5269396551724138,0.5272316853199397,0.05461496295374305,0.5338314310933798,0.5038793103448276,0.4625718390804598
industry_id,74,240,13782,0.017891578100922834,0.012776771054119852,-0.00023888455498166135,0.05667179567654382,0.06975228381837628,-0.0003029856524981157,0.0021021000540847913,-6.410109751645432e-05,0.017885583240048422,0.5197096188747732,0.5200235460972447,0.04005752979744966,0.5318517736357353,0.5100544464609801,0.4847912885662432
industry_id,74,480,12942,0.02550785658623972,0.019122636501899194,0.0009662614001506835,0.04966674423406495,0.0629250167381145,0.0010586352643017255,0.004243781095295104,9.237386415104202e-05,0.025345448739954195,0.49435857805255023,0.4903754251299471,-0.020452235619770054,0.5242528669531253,0.5117465224111283,0.6693199381761978
industry_id,75,5,2937,0.005373171511585406,0.0032178184891367653,-0.00020952959358454783,-0.012770880721482891,0.01639143282397546,-0.00013442173251352203,4.0705145890614934e-05,7.510786107102579e-05,0.005368410481545715,0.5262978142076503,0.5,0.0,0.5086454502198265,0.47370218579234974,0.0
industry_id,75,15,2920,0.00969274100389161,0.0056411618267228755,-0.0004281835248435786,0.015394769254412459,0.041848315503607146,-0.0002504909689751875,0.00015459086238159788,0.0001776925558683911,0.009684424838222941,0.5200686106346484,0.5,0.0,0.5112457824190291,0.4799313893653516,0.0
industry_id,75,30,2883,0.013792785449039198,0.0081256617329433,-0.0006707789229038301,0.0010133122368575585,0.04274448342147024,-0.00032905662406913994,0.00023515528136102643,0.00034172229883469015,0.013774696101923084,0.5173731758165393,0.5010153653792317,0.0060283432768866215,0.5127242204774055,0.48262682418346076,0.029186935371785964
industry_id,75,60,2829,0.018397885517415627,0.011501684034491151,-0.0007159252811506144,-0.023755250702065134,0.02239772304992682,-0.00039326230469327676,0.00044954208179847174,0.0003226629764573376,0.018367777654949617,0.5238938053097345,0.5096559758978328,0.02863279515842846,0.5181810332970918,0.4807079646017699,0.13061946902654867
industry_id,75,120,2736,0.024668046814848257,0.016348170729558572,-0.0006632484518257,0.05061847545308386,0.0885130962919159,-0.0008546904360596193,0.0012825446969723785,-0.0001914419842339193,0.024690759101188314,0.536745886654479,0.5207066926427756,0.047667640518319114,0.534950414128483,0.4676416819012797,0.25082266910420475
industry_id,75,240,2650,0.034523900301117905,0.024173482857382144,-0.0009721462995603703,0.09822390819175543,0.16125420169217236,-0.0016620754939284316,0.0025843165717233016,-0.0006899291943680613,0.034668088244339514,0.5555555555555556,0.5318729384769827,0.07052650271056848,0.5712439802371359,0.4452003023431595,0.2804232804232804
industry_id,75,480,2505,0.05661275059559939,0.03889239480662393,-0.0033242166202752943,0.1583636596072328,0.22920979778565426,-0.00150625965167153,0.00495262274594538,0.0018179569686037644,0.05708742188270688,0.5632734530938124,0.5579641659977072,0.11687982697631037,0.6008979018181165,0.46187624750499,0.42594810379241516
industry_id,76,5,3869,0.003599473884628513,0.0023440341501242586,-0.0001200486761054949,0.00792597509182602,0.01961991250534182,-0.0001102794369544229,4.779072390585478e-05,9.769239151071995e-06,0.0035975327675100534,0.5225974025974026,0.5008882219338092,0.009773845691671834,0.5039239941596366,0.4779220779220779,0.008311688311688312
industry_id,76,15,3850,0.0067301062721138605,0.004265526024284152,-0.0002786930378146304,0.015752637729063473,0.02045490058109289,-0.000209045464499149,0.00015255500785904923,6.96475733154814e-05,0.006725006312880272,0.5269601458713207,0.501323561351682,0.010835197541927296,0.508686977059903,0.4735608231310237,0.015108101067986456
industry_id,76,30,3827,0.009455209641937485,0.006219866094163346,-0.00036261804165626225,0.039903300252894784,0.04866251005716437,-0.000253336551647389,0.0002363537897169139,0.00010928149000887325,0.009454732951784471,0.5175209205020921,0.5067512696607532,0.028047223035604963,0.5254357765835006,0.4877092050209205,0.06171548117154812
industry_id,76,60,3775,0.01306587336174694,0.008955856348822563,-0.000364340473598947,0.08191321467806327,0.08101202846567625,-0.00030465465906347514,0.000407429203334591,5.968581453547186e-05,0.013087852683370371,0.5190779014308426,0.5174657257249161,0.047414741910147176,0.5366561181434599,0.49761526232114467,0.16189719130895602
industry_id,76,120,3691,0.01758372960936084,0.012439346923585715,-8.500827618290041e-05,0.1125626614846492,0.0981403189016895,-0.0004308637288455561,0.0012401086702582514,-0.0003458554526626557,0.01767988458229676,0.5231644540774858,0.5188200599161457,0.03898077513857791,0.547234227921206,0.4833378488214576,0.3690056895150366
industry_id,76,240,3639,0.026760083712827055,0.01833308878382187,-0.0001627920818917563,0.15523302776324266,0.08418733094622545,-0.0008710454416657842,0.002549330209499594,-0.0007082533597740279,0.0270365567677418,0.49986237269474265,0.4982899207934598,-0.0035020991568732638,0.5250776757594037,0.49270575282135975,0.3922378199834847
industry_id,76,480,3405,0.04584506854891667,0.02997582115339243,0.00013178662229533576,0.1710135751569777,0.116334412439493,-0.0003449849972416607,0.004723427954299995,-0.0004767716195369965,0.04641582511375853,0.4988249118683901,0.4993835283189951,-0.0012330890972261006,0.5453775336156755,0.48413631022326675,0.517626321974148
industry_id,77,5,364,0.0017756428714653248,0.001159653433777468,9.498174280102895e-06,-0.008948015528020182,0.02050093717695519,-8.878984612398039e-05,1.9777893329367152e-05,-9.828802040408328e-05,0.00177533035120143,0.5316804407713499,0.5,0.0,0.5196434014020116,0.46831955922865015,0.0
industry_id,77,15,362,0.003302937006008657,0.0020062969958846567,0.0001776174063614044,-0.07500423022405342,-0.05319899574927908,-0.00012905116971483768,8.383725946637775e-05,-0.00030666857607624206,0.003290809935169696,0.5348189415041783,0.5,0.0,0.4946201347305389,0.46518105849582175,0.0
industry_id,77,30,360,0.004957635581057836,0.0031636851633872237,0.0004707889740630991,-0.057742267352699383,-0.0546120596139233,-0.00011415222583713735,0.0001266605456175277,-0.0005849411999002364,0.004926297474092522,0.5236768802228412,0.5057051361770923,0.02239431587950114,0.4594888695435891,0.479108635097493,0.06963788300835655
industry_id,77,60,354,0.007305361930539774,0.00483922495984425,0.001183113488062288,-0.03054827153045345,-0.035185705645844806,-0.0001308452566535775,0.0002633176329878347,-0.0013139587447158654,0.007196071865302508,0.5225988700564972,0.5129421915444349,0.03150157186264704,0.4644808743169399,0.4830508474576271,0.21468926553672316
industry_id,77,120,343,0.009669990527862637,0.006825650517464477,0.0029555079188777087,0.042299642380757035,0.11597845579334913,3.232894342802682e-05,0.000931178110255044,-0.0029231789754496818,0.009199527611976325,0.49122807017543857,0.5142045454545454,0.029280596641050077,0.5702511223344556,0.42105263157894735,0.6432748538011696
industry_id,77,240,325,0.013059886645239844,0.009266912196964348,0.006375114304134443,-0.07225264404674267,0.008034296164327635,-0.00010579976235301449,0.0019194524677189448,-0.006480914066487458,0.011097572432896632,0.49538461538461537,0.509830866807611,0.018671874180523337,0.5124312896405919,0.3384615384615385,0.5415384615384615
industry_id,77,480,280,0.024291368500204406,0.0188752834148415,0.017244031548813966,-0.05419552087074559,0.12425274217104496,0.0014266230716852338,0.003923041578619056,-0.015817408477128734,0.016441784771117154,0.42142857142857143,0.5714648387915715,0.1624030946508801,0.6413112465092663,0.2785714285714286,0.8071428571428572
industry_id,78,5,6790,0.004299856877304755,0.0026472943652997394,-0.000192435618533246,0.001150501280568525,0.009681771521511976,-0.00013920358212353797,4.341114316040845e-05,5.323203640970802e-05,0.004295379172140163,0.5192878338278932,0.5,0.0,0.501143430335097,0.4807121661721068,0.0
industry_id,78,15,6761,0.007520023082958039,0.004677222497132296,-0.0003766804338530352,0.014572518370512795,0.02566447604641964,-0.0002540747137892932,0.00018406339272000337,0.00012260572006374197,0.007511010102381905,0.521493380931132,0.5018813387154246,0.024145832161062565,0.5028256865445946,0.48014279339580546,0.006098467945857504
industry_id,78,30,6720,0.010619582537505617,0.006777532475340733,-0.0005559280586079278,0.02353151867689894,0.04893893559644232,-0.0003439005426766276,0.0002762080085979295,0.00021202751593130015,0.010607925377516578,0.5270612792604741,0.5078500534846249,0.036849422063736106,0.5230724155452474,0.47875354107648727,0.04756224839719696
industry_id,78,60,6655,0.014713955421767183,0.009932546534587751,-0.0008395433394425989,0.02056070496181564,0.0482161148242747,-0.0004556574441825273,0.0005285852816210957,0.00038388589526007163,0.01469134378847502,0.5316684218444411,0.5172800357512978,0.048843635749671335,0.523906776024431,0.4796148638483526,0.14638182638784414
industry_id,78,120,6556,0.019454594769449707,0.013815237134845107,-0.0014089266937483997,0.018560477595869766,0.04583773476265528,-0.0008283669995896199,0.0014300339600952596,0.0005805596941587797,0.019377301544677133,0.5244274809160305,0.5146195620437957,0.0323456227114749,0.5136207883211679,0.4770992366412214,0.2851908396946565
industry_id,78,240,6525,0.02558109918985044,0.01866293994177063,-0.002150141480497529,0.010812396300100346,0.005701371260252274,-0.0017275424265138577,0.00298866121784097,0.0004225990539836711,0.025347102278362343,0.5072063784115302,0.4994574448364573,-0.0011721045595785768,0.4948486930448949,0.479607482367372,0.31002759889604414
industry_id,78,480,6156,0.03476098574079174,0.026007599407497084,-0.0029581831463182584,-0.033506382379379945,-0.017506776125878424,-0.0013871319195759575,0.0054636382277970675,0.0015710512267423009,0.03401865035284849,0.4843165935316106,0.48236552596347704,-0.03539400706776162,0.4826865703233727,0.47944092312692993,0.4532748252884772
industry_id,79,5,4224,0.0038375932362388065,0.002215540664279701,-0.00017163752960458467,0.008902370745702923,0.00977702769836073,-0.00012285052812899266,3.649773009713222e-05,4.878700147559201e-05,0.0038339042394280386,0.5045066413662239,0.5,0.0,0.5008112208417927,0.4954933586337761,0.0
industry_id,79,15,4205,0.00719403976809902,0.0039910089453121895,-0.00038945445889292503,0.03254111272017983,0.009065084158261901,-0.0001833273366572724,0.00014927061204171696,0.00020612712223565263,0.007186798345552996,0.4878571428571429,0.5001143558317844,0.0016207968707162973,0.5056348609215265,0.5123809523809524,0.005
industry_id,79,30,4173,0.00989863879647278,0.005857924877255741,-0.0007452234789383835,0.018476369507959275,0.0023901201564935984,-0.00022931010352777152,0.0002236617822542836,0.000515913375410612,0.009872145655629293,0.49328537170263786,0.5116765115459659,0.04740758351243496,0.5054974316053003,0.5211031175059953,0.06474820143884892
industry_id,79,60,4110,0.013499020051553949,0.008621165886301267,-0.001443921268168066,-0.003855561367924633,-0.017818412383036022,-0.0002502729291993662,0.0004217784968361231,0.0011936483389686997,0.01341331843122282,0.4936739659367397,0.5221239574345701,0.051303694259136084,0.5049721982552008,0.5547445255474452,0.24257907542579074
industry_id,79,120,4020,0.0188793839782784,0.012967766197326439,-0.002529412546719762,-0.004379255212768342,-0.010955099475949135,-0.0003278752543835493,0.0012359282023701411,0.0022015372923362125,0.018662895521713702,0.5001244090569793,0.5087420150690755,0.017470214583984994,0.5204754327077494,0.5665588454839512,0.4364269718835531
industry_id,79,240,3973,0.027117264085252703,0.020130883448837105,-0.004892875512305772,0.045001255467531504,0.03432146327304012,-0.0006612076698413286,0.002550480987061273,0.004231667842464443,0.026664991431087658,0.5149760885980368,0.5277195061412077,0.05429774333065665,0.558982950875676,0.6123835892272842,0.4495343569091367
industry_id,79,480,3751,0.03791877077203602,0.026751718001058418,-0.00993457637976057,-0.025451076956471905,-0.08169930781119676,0.0005913724388750441,0.004837056104957808,0.010525948818635614,0.03615023471984788,0.5235937083444415,0.47250093261855936,-0.052354195341907335,0.487860109218142,0.6923487070114636,0.6222340709144228
industry_id,8,5,2723,0.00389125617141585,0.0023643788442624042,-0.0002650437180091362,0.035327918101963,0.029425165447784903,-0.00013438338486209374,2.8839413074569456e-05,0.00013066033314704245,0.0038831311152486146,0.5007347538574578,0.5,0.0,0.5131608142666725,0.49926524614254225,0.0
industry_id,8,15,2713,0.007639431708176457,0.004237629804921708,-0.0006675191898260582,0.04566190233398825,0.041602684340450675,-0.00022612017974375643,0.00011596382012011783,0.0004413990100823017,0.007614625939279178,0.488020641356432,0.5,0.0,0.5104565652874659,0.511979358643568,0.0
industry_id,8,30,2695,0.010213006015682912,0.00612123916384554,-0.0012018598527579925,0.06596279678170552,0.06402455314251655,-0.000273798978638037,0.0001566862922306877,0.0009280608741199555,0.010151172758820654,0.4623376623376623,0.5008593578585534,0.014850759401081916,0.5200184393485059,0.5387755102040817,0.003339517625231911
industry_id,8,60,2662,0.013746080519048546,0.009068494963176837,-0.0021249702447458806,0.08985977110047605,0.10700837044787777,-0.00039555637181997523,0.0002884147914310628,0.0017294138729259053,0.013603719348813726,0.45543437382474616,0.5040978498865202,0.027228425310327656,0.5488486230927104,0.5509590071455435,0.022940955246333206
industry_id,8,120,2641,0.018641307017697388,0.013369490534800719,-0.0042292328999318654,0.11991327629130974,0.1479240996169901,-0.0007006166358823955,0.0009217494142369061,0.0035286162640494703,0.01824267027684414,0.5092767890950397,0.5336574716631968,0.07894588427404232,0.5807431182049503,0.5456266565694813,0.235895494131011
industry_id,8,240,2622,0.03131263895675637,0.022997238531125192,-0.010064086857995574,0.15921708187076608,0.17765917736076642,-0.0013757661066865542,0.0019204214012414939,0.00868832075130902,0.029896319603550648,0.5301296720061022,0.5571722717913521,0.12896682948470062,0.5986623699117182,0.5556826849733029,0.2635392829900839
industry_id,8,480,2482,0.047712349063616634,0.03384737384734804,-0.016728397887925926,0.24846005282312422,0.24773100883216817,-0.0006733597232087753,0.003392548341058164,0.01605503816471715,0.0454055661048377,0.6039484286865431,0.6066861950697806,0.211916693802651,0.6323751771517684,0.5592264302981467,0.4895245769540693
industry_id,80,5,9246,0.0027338191846988102,0.0017298353007190771,-0.00018883897870703776,0.02480292074196265,0.03328349797628532,-0.00013363691299751818,3.167072537899041e-05,5.520206570951956e-05,0.0027278910904463545,0.5124959428756897,0.5,0.0,0.5150477945058782,0.4875040571243103,0.0
industry_id,80,15,9223,0.005075792569601259,0.003080364931359472,-0.00028253507397868135,0.04576945185695538,0.04872093292151398,-0.00018978134840637485,0.00010272978931698564,9.275372557230651e-05,0.00507158582400324,0.5078641935133963,0.5004533301121632,0.012571894518093433,0.5217330833725388,0.49256969302527387,0.0013016596160104132
industry_id,80,30,9190,0.007164726420673674,0.004460395828041751,-0.0004477097510917549,0.062119150460495196,0.07300131074401724,-0.00022502137603371488,0.0001402848974877607,0.00022268837505804004,0.007158067968302111,0.49804049640757675,0.5028488703505856,0.02975255461924111,0.5392665575151998,0.5048987589810582,0.009253211408665361
industry_id,80,60,9123,0.010097978622109793,0.006617887151590668,-0.0007122555091870108,0.0700135114374144,0.07594637825508592,-0.0002838192062929071,0.0002880990920986218,0.0004284363028941037,0.010088898162645646,0.5082218811664109,0.5143427575959342,0.05183167442944394,0.543598249120406,0.5073448805086603,0.0835343126507345
industry_id,80,120,9033,0.013932146995220608,0.009732348767500848,-0.001270068519298704,0.09117471070216418,0.06792273577770477,-0.0003577000758678765,0.0008989003403174494,0.0009123684434308274,0.013927185072562763,0.5284543844109831,0.5348140207222729,0.07116391907276992,0.5405828767178217,0.529118689105403,0.3928255093002657
industry_id,80,240,8930,0.019433155973203352,0.014308306733916958,-0.0026508186207228105,0.1239704777959399,0.12541131404823402,-0.0007259604548211527,0.0018340991374314439,0.0019248581659016576,0.01939266806731631,0.5361702127659574,0.5473107570984722,0.09595525627943069,0.5684802336365009,0.5537513997760358,0.40145576707726766
industry_id,80,480,8413,0.025448736305318083,0.020045327554014628,-0.00216002200443898,0.11651875785624737,0.11184747810738141,0.00015815258312338964,0.0034500041934686725,0.00231817458756237,0.025526312117782793,0.5548555806489956,0.5459790530568519,0.09354810473332555,0.5757510071741571,0.5453464875787472,0.6020444550101034
industry_id,81,5,1835,0.0023505759262328054,0.0016260362290624498,-0.00019109554076689094,-0.00816993595174643,-0.0007680827994855793,-0.00011449781313612461,1.859141920996318e-05,7.659772763076635e-05,0.0023425696167496367,0.5099118942731278,0.5,0.0,0.4995310262819424,0.4900881057268722,0.0
industry_id,81,15,1831,0.004462114250216051,0.00285732830195504,-0.0003991577190885405,0.0101820423872962,0.015271767595062264,-0.00012724908788472054,7.304840992519448e-05,0.00027190863120381996,0.004444368561428074,0.5010989010989011,0.5,0.0,0.5111001623000232,0.4989010989010989,0.0
industry_id,81,30,1824,0.006171742240247007,0.004068208653356015,-0.0007119924943171092,0.030100342315927366,0.049052705774544625,-0.00017842838134017432,0.00010445395344909634,0.0005335641129769348,0.0061327907637200784,0.4799119427627958,0.5000279163480562,0.00017755586377629648,0.5246628797533651,0.5211887727022565,0.02531645569620253
industry_id,81,60,1812,0.008861442478654663,0.0061014301917446225,-0.0012516008410963456,0.03432900019020218,0.06211588654442353,-0.00016506929220063776,0.00021066216449801628,0.001086531548895708,0.008777313456724509,0.48396017699115046,0.5147839174053078,0.04253062011682588,0.5366282215788001,0.5425884955752213,0.13938053097345132
industry_id,81,120,1791,0.012542754754261504,0.008995891728017758,-0.0023612983943417263,0.052885353965191326,0.08591749679806374,-0.00019374646701174515,0.0006614251437975515,0.0021675519273299812,0.012335740129637545,0.5147962032384142,0.5278279672000719,0.05545632154284213,0.5509457569263542,0.5840312674483529,0.4271356783919598
industry_id,81,240,1780,0.016628317295349644,0.012270276042713807,-0.004933975508926492,0.06868346804375135,0.11731247392401367,-0.0003885767717251889,0.0014413849591839655,0.0045453987372013034,0.015913202807573208,0.5536818437324339,0.5676723565796808,0.13271312431700377,0.5701452122434894,0.6093310848791456,0.4508150646430579
industry_id,81,480,1686,0.01927870856116434,0.01541376856479545,-0.007591075148964241,0.03751158779920068,0.004085783809046813,0.0006263234258244368,0.002935227884863724,0.008217398574788677,0.017586968113905487,0.5460487225193108,0.4911998775635139,-0.018089742904815055,0.5312815946424762,0.6470588235294118,0.6838978015448604
industry_id,82,5,2752,0.002588017807605632,0.0015709987104114342,-0.00021984075397761118,0.025483912474818043,0.04183431385422458,-0.00011703723536552495,2.3167774389972567e-05,0.00010280351861208624,0.0025791500457570072,0.5165876777251185,0.5,0.0,0.5210410965319845,0.4834123222748815,0.0
industry_id,82,15,2746,0.0044148156505954324,0.0026879097829815043,-0.0003151060129479111,0.052109629176022576,0.05214632025971321,-0.00014581571524722916,9.545865081709734e-05,0.00016929029770068195,0.004407498343125359,0.5113056163384391,0.5015024652564889,0.03214800165631086,0.5268179137713741,0.49015317286652077,0.002188183807439825
industry_id,82,30,2737,0.006088983915692102,0.003955576666003599,-0.00048705698681104887,0.08271115019729251,0.08700468348479817,-0.0001828485881395663,0.0001297559852645893,0.00030420839867148253,0.006078827452509168,0.5058479532163743,0.504093995989097,0.02916962549502279,0.5410059533001781,0.49817251461988304,0.02010233918128655
industry_id,82,60,2720,0.008771480423949485,0.005965874954553636,-0.0006813469181248125,0.11148975492662418,0.08658535535044454,-0.0002178377309546169,0.00028034003126324657,0.00046350918717019554,0.008771794015001878,0.5009201324990799,0.5197498196859495,0.0629431444410966,0.537524874649148,0.5241074714758925,0.1104158998895841
industry_id,82,120,2692,0.012447071697435827,0.008474730347594906,-0.0012923649654489311,0.1524219874594034,0.1525963056636334,-0.00028669298108624584,0.0008696392936878657,0.0010056719843626854,0.01248247863546809,0.5551839464882943,0.5563513805781847,0.11253127698602011,0.5782989413441436,0.5314009661835749,0.48494983277591974
industry_id,82,240,2671,0.017496231900537968,0.012280728873861292,-0.0026792370960501684,0.21871559539303917,0.2159112433250354,-0.0005389988453862111,0.0018252059020579397,0.0021402382506639575,0.01759710215097216,0.5585922875327592,0.5572150771643649,0.11409249955771497,0.5898845076915775,0.5436166229876451,0.5207787345563459
industry_id,82,480,2531,0.020807626258017686,0.016033049335830937,-0.0029103334095389854,0.19939607045400456,0.1542355656652036,0.0005434774464584669,0.003399762204496905,0.003453810855997452,0.021009855210863192,0.5800079020150138,0.5466845727715293,0.09946449425189258,0.5679665810100593,0.5906756222836823,0.692216515211379
industry_id,83,5,899,0.004235743060777209,0.002639633222339652,-0.00016675079654342517,0.08389221340931743,0.088161947104429,-0.00013096258743916424,2.3495900383073154e-05,3.578820910426093e-05,0.004234365868002021,0.5161290322580645,0.5,0.0,0.5393034086405073,0.4838709677419355,0.0
industry_id,83,15,895,0.00670554340701745,0.004472154952025844,-0.00032457701350422567,0.06511172652822975,0.08663669883291301,-0.00021165785308655444,0.00011404763125973605,0.00011291916041767123,0.0067041422295577,0.4960893854748603,0.5,0.0,0.5459539361978386,0.5039106145251396,0.0
industry_id,83,30,889,0.009833958482504505,0.006733495835936771,-0.0005559562333508149,0.09817785442781746,0.12716587460950626,-0.00028972307058246086,0.00015995883234903884,0.00026623316276835413,0.009832644462793678,0.48931383577052867,0.4985949936205116,-0.011702453072150266,0.5681491382627539,0.5095613048368954,0.014623172103487065
industry_id,83,60,877,0.013955312621447172,0.009506831654620714,-0.0007673407700160185,0.14584458484183424,0.17122148017632519,-0.00036107480198494294,0.00030116541505414686,0.00040626596803107566,0.013974937922408675,0.5039908779931584,0.5159816995096967,0.05894680076906675,0.5890066935240416,0.5142531356898518,0.07981755986316989
industry_id,83,120,858,0.018268626270951938,0.01346404334323497,-0.0008845741568559244,0.187868224981256,0.21267289043154208,-0.0007114163406222021,0.0008865181928992312,0.00017315781623372222,0.018392959609666925,0.5536130536130536,0.5576145552560646,0.1582173002410959,0.6014313972698027,0.5058275058275058,0.15734265734265734
industry_id,83,240,854,0.02600692393342119,0.018342456379365695,-0.0027513878077249994,0.2897253718639152,0.38070705006651095,-0.0014345110626482302,0.0019358540832216291,0.0013168767450767692,0.026355380912576134,0.5796252927400468,0.6068260253971063,0.26029694287572025,0.7140447325339587,0.5456674473067916,0.21194379391100704
industry_id,83,480,807,0.03962384906050062,0.028954687675003445,-0.005881624785717144,0.3181339273252152,0.401105649840984,-0.0010314720619038265,0.003657896222929529,0.004850152723813317,0.040194841013308946,0.6332094175960347,0.6490559549859332,0.3015417891011874,0.7368052516411379,0.5662949194547707,0.40024783147459725
industry_id,84,5,3745,0.004221397301592166,0.00268381358907469,-6.952966010422935e-05,0.025157020332119084,0.011030261578903315,-0.00015485228815938045,4.114128112224356e-05,-8.53226280551511e-05,0.004221659267013968,0.5275106837606838,0.5,0.0,0.49567616689683797,0.4724893162393162,0.0
industry_id,84,15,3729,0.007568196656082136,0.004858526666687637,-5.796644478404322e-05,0.07570995055611707,0.050572728814132446,-0.0002988579973290958,0.00016713669835141434,-0.0002408915525450526,0.0075787933469667135,0.5349959774738536,0.5,0.0,0.5220669898506358,0.4650040225261464,0.0
industry_id,84,30,3711,0.010619272362584963,0.007054715657810687,2.4775165411312058e-05,0.10549406337939012,0.05642687200631777,-0.00039036975988686063,0.00026756031903947574,-0.00041514492529817266,0.010644135778361773,0.5459444893559687,0.5,0.0,0.5345837934741535,0.45405551064403127,0.0
industry_id,84,60,3675,0.01503684101807271,0.01046394619677463,0.00017966937591176073,0.13297193927989157,0.06894523526222456,-0.0005588504526412533,0.00048568562728047975,-0.000738519828553014,0.015092642550857445,0.5504761904761905,0.4973058161350844,-0.013568334807410001,0.5342739212007505,0.4421768707482993,0.04054421768707483
industry_id,84,120,3615,0.02140501969788361,0.015677501435119482,0.0003090699267931807,0.14925020860797664,0.08958179985440187,-0.0010622659960264447,0.0013791527596156118,-0.0013713359228196252,0.02156513778014956,0.5427385892116182,0.5150647004918114,0.036692288989047854,0.5307182894674236,0.4517289073305671,0.21189488243430152
industry_id,84,240,3565,0.029853794988418562,0.021930818960945123,0.0007283242665708849,0.18370278032459966,0.0940434035905359,-0.002118721209024961,0.00284002913913053,-0.0028470454755958456,0.030235775945851705,0.5307152875175316,0.5095593910609325,0.02289755853636266,0.5349998132127596,0.46171107994389904,0.22300140252454417
industry_id,84,480,3330,0.047770073670012375,0.03391085860408189,0.0031701021367449254,0.25117772771702196,0.16419727224763578,-0.0022090571570838034,0.004949398577812613,-0.005379159293828728,0.04866658364675885,0.5423423423423424,0.5295199778674271,0.06011155840670462,0.5695500002927589,0.4402402402402402,0.3891891891891892
industry_id,86,5,8454,0.006106206802707828,0.00372052789115994,-0.0003799293444306871,0.03126414216121929,0.04947125662224949,-0.00018716527012912207,5.3500797825870344e-05,0.000192764074301565,0.006095813750508619,0.5128356796403644,0.5,0.0,0.5184796205143201,0.48716432035963564,0.0
industry_id,86,15,8365,0.010112216442432686,0.006334923991414506,-0.0007603474045251708,0.039448620792865347,0.0603086137163254,-0.00042378652628845335,0.00023127495819247126,0.0003365608782367174,0.010090065315800503,0.5282161645145863,0.49960068367681726,-0.006781986880572166,0.5178862504096857,0.47118603538976567,0.0034672405547584886
industry_id,86,30,8248,0.013896831442168644,0.008941482308199307,-0.0012282041561506203,0.07655757008988391,0.0920390734950717,-0.0005856939183576208,0.0003921761084094187,0.0006425102377929995,0.013866950660481717,0.524612027158099,0.500355742308642,0.0027700424347885458,0.5402717682609129,0.47490300678952474,0.01673132880698351
industry_id,86,60,8055,0.019082730530002433,0.012895067074502331,-0.002245146327974181,0.09079904437370254,0.10784135500831121,-0.0009020018460177588,0.0007509383741357929,0.0013431444819564224,0.01900361854909321,0.5016759776536313,0.5026473914416926,0.013554315486270943,0.5585552989010821,0.5010552451893234,0.03972687771570453
industry_id,86,120,7724,0.026508699225653923,0.019092794086503582,-0.0046387103628709745,0.10152632561697993,0.13259569152466177,-0.0018363346595109797,0.0020484665040291835,0.002802375703359995,0.02622797594201365,0.49443293630243396,0.517814577059505,0.055024128735832234,0.5762510912322667,0.5305541170378042,0.11846193682030036
industry_id,86,240,7325,0.037291969293607785,0.028040908883456585,-0.009517510328362953,0.1527614741099629,0.1549859185382852,-0.0037262296560061493,0.003922847362028043,0.005791280672356803,0.036447249457023476,0.46989761092150173,0.5390697715238839,0.11913572240330399,0.597464373791231,0.5889419795221843,0.11808873720136519
industry_id,86,480,6757,0.06083287530851371,0.044131197138280925,-0.02025575762458646,0.09031511758266603,0.11725358298091727,-0.004714299049334215,0.006865401619201804,0.015541458575252246,0.05757260633126974,0.4768388338019831,0.5468655182702978,0.10906654189201291,0.5968221386293374,0.6217256178777564,0.22376794435400327
industry_id,87,5,4160,0.00437665797919701,0.0024113808322083078,-0.00015806925742111429,0.018242764750489325,0.037830266686989786,-0.00015524416890264967,4.801184553146616e-05,2.8250885184646165e-06,0.0043744150313765285,0.5367788461538462,0.5,0.0,0.5136779277483964,0.46322115384615387,0.0
industry_id,87,15,4145,0.007738866570364939,0.004360830301439256,-9.093565612230824e-05,0.03988708361039487,0.05273634528507875,-0.0002808377211914871,0.0002009178032698746,-0.00018990206506917884,0.007743741706650728,0.5527141133896261,0.4994953777306718,-0.00762992256054553,0.5118816463522345,0.44632086851628466,0.004342581423401689
industry_id,87,30,4122,0.010726399652840316,0.0064470654988452065,9.042818887502916e-05,0.08115541194990833,0.0775534418386222,-0.0003623184818247006,0.00033114226099958244,-0.00045274667069972977,0.010747813277042911,0.5577389616690926,0.5040946797788658,0.02345054046403076,0.5174243951312313,0.44274623968947113,0.031052886948083454
industry_id,87,60,4076,0.014948036458267864,0.009591207612869473,0.0003432295486056646,0.11894157703239149,0.10339938787118694,-0.0005245762675595826,0.0006601457464798567,-0.0008678058161652473,0.015008232779656835,0.5547105004906772,0.5104197031187026,0.037569514955234834,0.5370407575574933,0.44676153091265947,0.08292443572129539
industry_id,87,120,4013,0.02115920844954652,0.01403597855363372,0.0008113859868230647,0.14889486569189828,0.1681209520431489,-0.0008819552141334212,0.0018658393947142233,-0.001693341200956486,0.021340804646030328,0.5720338983050848,0.5503712844793391,0.10857038881679101,0.5679480189136608,0.44242273180458624,0.30608175473579263
industry_id,87,240,3961,0.031141202505047334,0.021296211507839332,0.0015111231270382704,0.2212413700688891,0.2253269869903505,-0.0018144777344494619,0.003563924176431921,-0.003325600861487732,0.031698213401478506,0.5728351426407473,0.554888343932192,0.11811491572889098,0.6000020847682201,0.45140116132289826,0.3100227215349659
industry_id,87,480,3746,0.04710130584090725,0.03258680994124518,0.003787633118530914,0.2688005078754174,0.16480922716859528,-0.0019252367676742916,0.006240543602333626,-0.005712869886205205,0.048239853187093014,0.5640683395621997,0.5549931959831047,0.11103242094071496,0.5783456209693596,0.4444741057127603,0.41217298451681794
industry_id,88,5,9403,0.004034922280169008,0.0024943571991086232,-0.00027816376012562043,0.024615068884343807,0.04447031557616587,-0.00014969937052927997,4.45884254607684e-05,0.0001284643895963405,0.004026173423030571,0.5096870342771982,0.5,0.0,0.5193050517812842,0.4903129657228018,0.0
industry_id,88,15,9371,0.0069558553217162035,0.004303963168441691,-0.0005970555714206794,0.017196175278315715,0.025489601946695327,-0.0002896607960657314,0.00019180098480873489,0.00030739477535494795,0.006930828190016766,0.5088618407004057,0.4989001057538864,-0.018022683597583272,0.5017444168101739,0.48996369848387783,0.0037369207772795215
industry_id,88,30,9330,0.009587196749988012,0.006158956550790978,-0.0009630579294017897,0.0324201050608911,0.04364211314204272,-0.00037036996241771226,0.00031215005731130585,0.0005926879669840775,0.009543719766807348,0.49919605531139455,0.49964605373585436,-0.0019655907669720546,0.5174683580956303,0.5004823668131633,0.03355129167113303
industry_id,88,60,9254,0.013422612741552313,0.008988096386788137,-0.0018005492802029971,0.043961322949947715,0.059571965721170655,-0.0005605602678541678,0.0006139145471124123,0.0012399890123488294,0.01331413989869714,0.4834107856911272,0.4999322788008084,-0.00028621063373878764,0.5297682508047009,0.5187506754566087,0.05944018156273641
industry_id,88,120,9132,0.018800153349336535,0.013279719482725626,-0.0034406790552972306,0.04510359041494725,0.06381700189228964,-0.0009923150170073262,0.0017417437789371078,0.0024483640382899044,0.018479102197220175,0.49715224534501645,0.5230921262500838,0.054015073071657656,0.5418301322091672,0.548959474260679,0.23734939759036144
industry_id,88,240,9025,0.027227241326708874,0.01964524111020704,-0.007359614426874294,0.08084138433683298,0.08435252003723279,-0.0021540873720751782,0.0034574231629709642,0.0052055270547991155,0.026265712538316357,0.477947695035461,0.5362735420522122,0.08275995949687627,0.5770551948246224,0.6092641843971631,0.24102393617021275
industry_id,88,480,8426,0.042607967699137245,0.03059252445926266,-0.011432636876673253,0.10317952940078992,0.13139863749626718,-0.002050555633724093,0.006007847169134753,0.00938208124294916,0.04122806037541443,0.5493709945407074,0.577995012573533,0.15410682350397387,0.5906664647303775,0.6231901258010919,0.4030382150486589
industry_id,89,5,2056,0.0029823663418088735,0.002047439896033558,-0.00022945495337045466,0.04202272202137909,0.05009878334200379,-0.0001461318803824367,3.149642773939805e-05,8.332307298801796e-05,0.0029746834745511047,0.5107317073170732,0.5,0.0,0.5178204641091053,0.4892682926829268,0.0
industry_id,89,15,2053,0.005126859256777946,0.0035560466871114174,-0.00041091623786144587,0.04608626744797059,0.06892736567650037,-0.00021967417616017786,0.00014563832222251136,0.000191242061701268,0.005115005987637637,0.5105031753786028,0.49774561780579835,-0.026423618387777136,0.5373649519988537,0.4870542256961407,0.0073277967757694185
industry_id,89,30,2049,0.007458002655669553,0.005207570335150753,-0.0006936010154435713,0.08006058982191411,0.1188170937105241,-0.0002932626834837379,0.0002487674960341232,0.00040033833195983335,0.007441454900721151,0.52685546875,0.5126008064516129,0.06177374206550207,0.5651342367729717,0.484375,0.04345703125
industry_id,89,60,2038,0.010707794393577302,0.007524056467832496,-0.0012864207728898959,0.11106614018344767,0.1690841024604986,-0.0003638944979147004,0.0005296932959501477,0.0009225262749751955,0.010676027817075925,0.5191364082433758,0.5175148914859704,0.062193996500647504,0.5789804929960659,0.49803729146221787,0.08684985279685967
industry_id,89,120,2026,0.014434248304254337,0.01047435292118481,-0.0024025028597030886,0.13354010814701833,0.19945286928298303,-0.0005685249950586444,0.0015107043085860873,0.001833977864644444,0.014355678131625652,0.5656465942744324,0.5786244225197714,0.16978281340295573,0.5897555986218777,0.5330700888450148,0.3089832181638697
industry_id,89,240,2007,0.018980486148265644,0.014459338357572646,-0.004718270191670347,0.18650818619056936,0.27675215089052785,-0.001218044592465975,0.002821108790873946,0.0035002255992043724,0.018700729211021925,0.591429995017439,0.6274427254705606,0.2723943961704649,0.6639287976947129,0.5839561534628799,0.30692575984055803
industry_id,89,480,1914,0.028540694557940394,0.022365520503258823,-0.007603272405501107,0.13388818200345332,0.22055541258178224,-0.0005755355494238471,0.005074172606619285,0.00702773685607726,0.02772518127124092,0.6206896551724138,0.6223841638791463,0.24099112486531266,0.6208497128328119,0.5882967607105538,0.5120167189132706
industry_id,9,5,12560,0.004845338262290099,0.0029117214078502023,-0.0002528229181352859,-0.011764382660353475,0.007749741181853043,-0.0001493451501733179,4.626766950211641e-05,0.00010347776796196798,0.004837972305824141,0.5114814224206665,0.500714275810547,0.012077692980067604,0.5010714391566172,0.48915643438048156,0.0035082124063147823
industry_id,9,15,12511,0.008690567483374144,0.005200940015687353,-0.0006027103050906991,-0.029824183285625087,-0.007155847303819131,-0.00028287413751667455,0.00018303707395596572,0.00031983616757402464,0.008662253033325705,0.501960156812545,0.5005705789623214,0.009322251926543677,0.49424141431583374,0.49859988799103927,0.003760300824065925
industry_id,9,30,12446,0.012125544062799738,0.00742339378079273,-0.0009713143743542688,-0.04093162388408942,-0.011625802068495505,-0.0003749534571500122,0.0002818698674195374,0.0005963609172042565,0.012071758917735721,0.4914790996784566,0.5001337131408796,0.001098710526295504,0.4950326014175325,0.5089228295819935,0.015032154340836013
industry_id,9,60,12308,0.01720820596785253,0.010966529469246032,-0.0016569931405934892,-0.049700255616723144,-0.019852136168579913,-0.0005180908257323805,0.0005108419750938859,0.0011389023148611088,0.017095253868685465,0.47638403381838873,0.49573762575175556,-0.016122351027934374,0.49117858901609723,0.5228030241443785,0.07544102105519876
industry_id,9,120,12135,0.024402724264753796,0.016403671694473165,-0.0028225669512278334,-0.057820182470569616,-0.027382769896983572,-0.0008348091535662966,0.0013888458818324281,0.001987757797661537,0.0241189450769168,0.47218330173905876,0.4857317789060087,-0.031648680658430656,0.4952189439146996,0.5311959119756037,0.28195829555757024
industry_id,9,240,11940,0.03204196581720127,0.02348535598200266,-0.0048910209038228476,-0.03423657393850963,-0.030931102440132918,-0.0016889269472931713,0.0029066104608972605,0.0032020939565296763,0.031433438735346035,0.4737812028815547,0.48717220733354494,-0.02767456077607132,0.4867056603423379,0.5353493047411627,0.3096833640475792
industry_id,9,480,11431,0.051299277025252374,0.036895113783145216,-0.011518474254986847,-0.08170643846792522,-0.08838908192645475,-0.0009350021875328343,0.005090699356589012,0.010583472067454011,0.049315318509225325,0.4723996150817951,0.47387749758323805,-0.05151360060583186,0.4657604544646762,0.5843758201382206,0.48683404776484995
industry_id,90,5,1831,0.003977988456996047,0.002300437274933464,-0.00029558042946509075,-0.010159562619069931,0.01846805009189523,-0.00012602545928615597,3.446827083440809e-05,0.00016955497017893479,0.003966491941179859,0.5114754098360655,0.5,0.0,0.5088875982332358,0.4885245901639344,0.0
industry_id,90,15,1825,0.006557229253622378,0.003945983164705019,-0.0005074466215830074,0.0038271293071369065,0.04999388151032917,-0.0001775898677033806,0.0001271391279541987,0.0003298567538796268,0.0065368150036662345,0.51947339550192,0.5026902776438832,0.022675849621777017,0.5281114431697677,0.4827207899067471,0.01426220515633571
industry_id,90,30,1816,0.008984206531992332,0.005773709587242117,-0.0008548785713089969,0.007602801252175444,0.06009977698387041,-0.0002297000994340805,0.00019513033833005279,0.0006251784718749164,0.008942796415598177,0.5110132158590308,0.5013591177384281,0.00564837784355562,0.5131785880708295,0.4889867841409692,0.06167400881057269
industry_id,90,60,1800,0.012430267173906119,0.008642910294477259,-0.001589120351064063,0.013100547381828642,0.06645410234350398,-0.00027202842506489507,0.0003775178279109117,0.001317091925999168,0.012327435019624739,0.5,0.5095043553135319,0.028407685080140077,0.5270565591602416,0.5127777777777778,0.12833333333333333
industry_id,90,120,1784,0.015639858367167518,0.011474733102349777,-0.002776605369055561,0.02647324141171815,0.06452491637077139,-0.00026450836413366105,0.001196083055008029,0.0025120970049218997,0.015376566290830371,0.5406618059450364,0.5477517721890199,0.09729853084128268,0.5533148277361486,0.5339315759955132,0.3987661245092541
industry_id,90,240,1768,0.023499547251378806,0.017188689159392777,-0.005917961892686748,0.048868770198089446,0.09216121648662665,-0.0004038982147591113,0.002355811695112987,0.005514063677927636,0.022735246159872033,0.580316742081448,0.5882061531628486,0.17450480174327823,0.5914124311602915,0.5808823529411765,0.4654977375565611
industry_id,90,480,1674,0.03688087766000781,0.02644426928447573,-0.010996757459028277,-0.0284299454931447,0.05597660682580941,0.0013444201121987995,0.003909312505060927,0.012341177571227076,0.03487457112159085,0.5878136200716846,0.5423296643110884,0.08893720882291241,0.5767117243897429,0.6242532855436081,0.6935483870967742
industry_id,91,5,1888,0.004484597761752745,0.0022591947882626153,-0.0002593747368658523,-0.020426783401825174,0.024920660336431477,-0.0001414995256139156,3.734160701078232e-05,0.00011787521125193671,0.0044761723452860485,0.5143008474576272,0.5,0.0,0.5106002086686201,0.4856991525423729,0.0
industry_id,91,15,1882,0.008132827249837046,0.004206839957618934,-0.00035855293872887967,0.04800924099332558,0.09369229980705417,-0.00022345742372084952,0.00012130006356802231,0.00013509551500803015,0.00812983971511979,0.502125398512221,0.4994883991977015,-0.008404174263349714,0.5357798693554507,0.4973432518597237,0.0037194473963868225
industry_id,91,30,1874,0.01174365155853044,0.006458727916010828,-0.0005214124761103938,0.0809635997936637,0.11683124109277034,-0.0002831907767025712,0.00019632491655885206,0.0002382216994078226,0.011746333788733234,0.5058697972251868,0.5053646602154065,0.03329002643867857,0.548811004501303,0.4994663820704376,0.026680896478121666
industry_id,91,60,1853,0.0157327857091632,0.00943739491384874,-0.0009448939653782252,0.09956613313577588,0.14193876597586585,-0.0003490284489963055,0.00038638691086725305,0.0005958655163819198,0.015738149605964757,0.49595250944414465,0.4970526423701881,-0.010183466130656278,0.5715910838354326,0.5013491635186185,0.09228278467350243
industry_id,91,120,1809,0.02133217052338505,0.014165755642977384,-0.001419459571491886,0.1064881024615654,0.11159560629205935,-0.0003283420805971207,0.0011920834024438372,0.0010911174908947653,0.021378805803104473,0.5229408512990602,0.5261642629087306,0.05371237236017932,0.5537836250871592,0.5140961857379768,0.3864013266998342
industry_id,91,240,1753,0.026997563783659813,0.019261548905145094,-0.0010445398719687593,0.03646835587202062,0.04048585145543238,-0.0005481594066636045,0.0023310285656558917,0.0004963804653051548,0.026961595598057945,0.4945807187678266,0.49902156471370984,-0.001990037769736341,0.5193508408020561,0.5236737022247575,0.40616086708499716
industry_id,91,480,1698,0.03908202412750222,0.027804227846909283,-0.001085634177762169,0.06324782598978897,0.11180037497944409,0.0004836853523450729,0.0044509047909311915,0.001569319530107242,0.039095099202757694,0.5971731448763251,0.5937159850723059,0.19405293941711058,0.585596135904214,0.5135453474676089,0.6301531213191991
industry_id,92,5,16003,0.0038827923631930402,0.0022160849185198926,-0.00018230818137333245,0.00771442727589482,0.027528477465695204,-0.0001269195246557358,4.739392733277465e-05,5.5388656717596664e-05,0.003878586112542606,0.5120376175548589,0.5,0.0,0.5136927155710626,0.48796238244514106,0.0
industry_id,92,15,15943,0.006332713923112871,0.0037354960003260925,-0.0002577561522913758,0.026464627207907706,0.04820018488540722,-0.00019084108447212688,0.00017804994123587573,6.69150678192489e-05,0.006329674303432171,0.5201382343700911,0.5036419199681238,0.022524813188079005,0.519275616335256,0.4825636192271442,0.026830034558592522
industry_id,92,30,15852,0.008495440344655325,0.005337732972973839,-0.00033701862857689086,0.03817374264027258,0.07193855083488732,-0.0002457823794015932,0.0002849067944814959,9.123624917529763e-05,0.008494853298230028,0.519398458233287,0.5084964026485589,0.0318791213924807,0.5325701414452751,0.48710981928472136,0.07689877416908884
industry_id,92,60,15684,0.01143308916272718,0.007570055255596691,-0.00032051496039708693,0.0580469513530289,0.07590795845149867,-0.0003114346778153275,0.0005443535248248163,9.08028258175946e-06,0.011447266051816184,0.5261948822666072,0.5218115456210695,0.058809803119727506,0.5358198497296242,0.4934592559504818,0.16463531363665368
industry_id,92,120,15489,0.015694740666904627,0.010807446855155665,-0.00026330032461180836,0.1009446995737023,0.12844977372832986,-0.00033314454186412747,0.0015025588277791343,-6.984421725231914e-05,0.015772843036966862,0.5524480041338329,0.5521229553440246,0.10443921942496984,0.5620946170944909,0.49463893553804417,0.46912543599018214
industry_id,92,240,15219,0.022143845944660647,0.01599568537699395,-0.000358193880932087,0.16286728465900144,0.20004127969741944,-0.0006150786226719769,0.0030472058419602098,-0.00025688474173988986,0.02243216146715744,0.5791376363875378,0.5798299528882772,0.15941261591960043,0.6027913411804035,0.47121072696200866,0.5074273695280662
industry_id,92,480,14321,0.03296389142109267,0.02367958456084401,0.0002869406642128651,0.18296726642949626,0.19811699924748646,0.0006543783662044017,0.005429760984865691,0.0003674377019915366,0.03352100267713861,0.5601816276632903,0.5620269215001074,0.13087234560646668,0.5997116432071531,0.49423681453021306,0.6593782745371988
industry_id,94,5,1830,0.0032667976797025023,0.0020704753317447974,-3.117743659294931e-05,0.018198445439035937,0.04189093651754136,-0.00010059067332650193,3.247188577547773e-05,-6.941323673355264e-05,0.0032670784968870624,0.5359297860669227,0.5,0.0,0.5107139141144673,0.46407021393307735,0.0
industry_id,94,15,1826,0.005980907512794036,0.003806665134162664,9.99282026374265e-05,0.014369246680460872,0.015285111943153304,-0.0001413258158971978,7.98082865875467e-05,-0.0002412540185346243,0.005980686983285208,0.5391780821917809,0.5018714826637155,0.014439645874137414,0.5088856160427988,0.46136986301369864,0.016986301369863014
industry_id,94,30,1819,0.00857468667729013,0.005538380583961485,0.0002766462523575692,0.014410792239344852,0.02794811535729661,-0.000168018013385402,0.000126520835700888,-0.0004446642657429712,0.00857111228307863,0.550357732526142,0.5045728118194126,0.01661723746600384,0.5050173396511468,0.4452394056136489,0.08145294441386902
industry_id,94,60,1805,0.011569416703513982,0.007868670157817823,0.0006304763026049705,0.029684122143649388,0.05638694215040309,-0.0002055565477671344,0.0002904215197926338,-0.0008360328503721049,0.011557197969665046,0.5684210526315789,0.5249505286933578,0.0665323051232043,0.5351108856863019,0.4343490304709141,0.16565096952908587
industry_id,94,120,1780,0.01492187933737419,0.011253168085907258,0.0017213923441132142,0.05395019865104737,0.09412729025390215,2.7558529992153598e-05,0.0010066969178749573,-0.0016938338141210608,0.014842441955631927,0.5230337078651686,0.522480289231807,0.04401515544105314,0.5299172832869551,0.39775280898876403,0.4926966292134832
industry_id,94,240,1776,0.020265008904776644,0.01640245775416892,0.0037433710749633373,0.09280808030993869,0.11071584469760652,0.0001119484643552553,0.00195466503245071,-0.003631422610608082,0.020002356028662852,0.5078828828828829,0.5122840105018215,0.023761155229688514,0.5368968067135675,0.3721846846846847,0.5140765765765766
industry_id,94,480,1683,0.02919903273458366,0.024712843604979724,0.009733936298622223,0.15429536518305445,0.18281135672061935,0.0016900030643592322,0.0037387768556744914,-0.00804393323426299,0.027856691376676124,0.43731431966726086,0.5140849244874167,0.028414570160200023,0.5829000059277213,0.3113487819370172,0.6981580510992276
industry_id,96,5,3653,0.003956602851412534,0.0021987682227592987,-0.0002220276644872795,0.021627915572193516,0.03407379055763748,-0.00014982559801678905,3.480098104461846e-05,7.220206647049047e-05,0.003950967767866784,0.5216319824753559,0.5,0.0,0.5037633318159214,0.47836801752464403,0.0
industry_id,96,15,3643,0.006490443101309907,0.003775487735182356,-0.00036223250314217927,0.050888637173002294,0.05781386663703769,-0.00031448091646482743,0.0001730637002088798,4.775158667735182e-05,0.006486828725078164,0.5317046390337634,0.5,0.0,0.5132790763686851,0.46829536096623664,0.0
industry_id,96,30,3628,0.009130642213020224,0.0055389160407920005,-0.0004687408843255974,0.07303305806252997,0.0824603268924893,-0.0003946651191040699,0.0002619208803742196,7.40757652215275e-05,0.009133988869289192,0.5283902976846747,0.5012868832097098,0.022379678511290295,0.5381406031160131,0.4727122381477398,0.0033076074972436605
industry_id,96,60,3598,0.012877688673590123,0.00826028398316121,-0.0007602892416642699,0.08296079671287715,0.072739555120616,-0.000748244249676714,0.0005970122115738352,1.204499198755585e-05,0.01289097928008969,0.5180655919955531,0.5025430292173086,0.025538547833395733,0.5255530825646304,0.4841578654808227,0.010005558643690939
industry_id,96,120,3560,0.017465461271852,0.012022127948926684,-0.0012333325857749001,0.08138818822460989,0.08244662231847946,-0.0014130915322516301,0.0018906335794871057,-0.0001797589464767301,0.017473529118932737,0.525,0.5198268172740692,0.04664856173533317,0.5334397373053273,0.4901685393258427,0.23651685393258426
industry_id,96,240,3518,0.024946701859088153,0.01798954407716573,-0.0027855140952687506,0.1230344221968518,0.11718721855591305,-0.0029520212354543795,0.003703577745162754,-0.00016650714018562917,0.024972396319758915,0.5511654349061967,0.54212749188568,0.10168862568091772,0.5562618738255589,0.48379761227970436,0.2197271176805003
industry_id,96,480,3330,0.03860167827685384,0.028531963010020985,-0.0032582756449473153,0.1409914957795836,0.11374682059713022,-0.0035712416456486506,0.006433515183184121,-0.00031296600070133507,0.03883998362567465,0.5225225225225225,0.5167844009347479,0.03570742023098781,0.5459931045914378,0.4831831831831832,0.32882882882882886
industry_id,97,5,917,0.001820897491922013,0.001228320427830835,-0.00015978330637664116,0.015336647173351259,0.003218194413816567,-0.0001277229543796902,1.8117496854753903e-05,3.206035199695097e-05,0.0018140608708964666,0.49612403100775193,0.5,0.0,0.49407623626373626,0.5038759689922481,0.0
industry_id,97,15,915,0.0032096360103177663,0.0020857639131461173,-0.00035314863998717584,0.0002883127226729925,0.026733219003725873,-0.00017107659465788553,9.27759566026481e-05,0.00018207204532929032,0.003188826205870014,0.4714285714285714,0.5,0.0,0.5098425483040868,0.5285714285714286,0.0
industry_id,97,30,911,0.004700469911622153,0.003041502467033509,-0.0006278396067141175,0.01119627340114605,0.031265076110472655,-0.0002228569969018353,0.00013391485329693848,0.00040498260981228223,0.004657925431595557,0.45434543454345433,0.4972112428634168,-0.020503904599212024,0.4960449909725272,0.5445544554455446,0.0187018701870187
industry_id,97,60,903,0.006670328514158807,0.004535443639969942,-0.0011649519434947773,0.03153788653864438,0.06732362478715867,-0.0002699782874949322,0.00031188527991527404,0.0008949736559998452,0.00657024730090939,0.46068660022148394,0.5267945807916017,0.07739691881910644,0.5225994568631822,0.5891472868217055,0.13399778516057587
industry_id,97,120,892,0.00840436864843542,0.006191623721133612,-0.0021608327026911467,0.05405493489827951,0.11362878631000563,-0.00038337134200173344,0.0010434221720479295,0.0017774613606894132,0.00811113152206994,0.48709315375982043,0.5158747779751331,0.03132297909048883,0.5505729324611186,0.6318742985409652,0.3950617283950617
industry_id,97,240,891,0.012168821499410452,0.009373477666524785,-0.00476450265355335,0.0739690463967249,0.16161230854019004,-0.0009855153040404356,0.0021895073372775395,0.0037789873495129144,0.011144306084762481,0.5421822272215973,0.581722761783219,0.16427555423027526,0.6043428651770457,0.6265466816647919,0.3644544431946007
industry_id,97,480,844,0.01700211722322751,0.01254442729627501,-0.006214403665285641,0.15843817771895846,0.1826580494758484,-8.266420689548291e-06,0.004063173872199702,0.006206137244596092,0.01595252486370685,0.5492289442467378,0.5480427046263345,0.09065968278232492,0.5872456022593432,0.6666666666666666,0.5195729537366548
industry_id,98,5,5780,0.004123482917486436,0.0023482892509768096,-0.0002490633192237931,0.011921135719595884,0.05179795047732069,-0.0001367564010657922,3.351638397368944e-05,0.00011230691815800091,0.004116217290515745,0.5172713070647457,0.5,0.0,0.5239665612051094,0.4827286929352543,0.0
industry_id,98,15,5750,0.007521931373985973,0.004269480386525115,-0.0005508044161519256,0.030337574671227045,0.04872029698868304,-0.00018844662055388377,0.00011993169610507788,0.0003623577955980419,0.007504418110699519,0.502527453372843,0.500540400283903,0.00820413549877223,0.5281907498152686,0.4979954680146418,0.004357678229039568
industry_id,98,30,5709,0.01064891941947188,0.006216599974383069,-0.0009746315707606906,0.0504358869400473,0.04881994229559015,-0.00023983909365001062,0.00016781731560400434,0.0007347924771106799,0.010611363952994992,0.4941258986498334,0.5029096504359586,0.019419111948444905,0.5335225242781513,0.5092056812204103,0.02297036647378573
industry_id,98,60,5639,0.014931399956988044,0.00908150639800357,-0.0017319824861708947,0.0661915975101559,0.05608967819148826,-0.00024124693493911243,0.0002933616954278822,0.0014907355512317824,0.01484713730107071,0.49192833067234343,0.5062774500891418,0.01669095967637846,0.5438345069250149,0.5217314174206138,0.1701259535213766
industry_id,98,120,5534,0.020435581570494372,0.013002404453665727,-0.0031136582428299233,0.07873448521504185,0.014903599613201816,-0.0003047732438727285,0.000782919635941272,0.002808884998957195,0.020243539690957477,0.49611141255199853,0.5120666676641843,0.024478182743877985,0.5315444458219688,0.5717127871224453,0.3904865255923313
industry_id,98,240,5410,0.028394130218684414,0.01914552268959994,-0.00648910538303983,0.10445248922295178,0.06606924053781674,-0.0005940227928444874,0.0016457156082404373,0.0058950825901953425,0.02776608890849587,0.5320880340299612,0.5491235204528454,0.09772897617857364,0.5685932893603189,0.5949694840022194,0.41964120584427594
industry_id,98,480,5072,0.04082439811891938,0.02603049800877663,-0.01241265449890048,0.09880651273822581,0.0864597652338907,0.0004951780352333659,0.003035217569982515,0.012907832534133846,0.03907405152932559,0.6121080654703215,0.5796731539120971,0.15657846325028504,0.5996753789976076,0.6566752119897457,0.628475645829225
industry_id,99,5,6531,0.0035039755538591065,0.002171169872583286,-0.0001332752344454791,0.016917790513453115,0.036228427914979405,-0.00013081781268288882,4.154088515955967e-05,2.4574217625902675e-06,0.0035018964682491526,0.529601226993865,0.5,0.0,0.512263616191758,0.470398773006135,0.0
industry_id,99,15,6511,0.0062987871673015035,0.0038861020690569804,-0.00023408496054525948,0.029651600669118726,0.06309355172365293,-0.00020194368906719613,0.00014275572519789888,3.214127147806334e-05,0.006297051281369276,0.5296381832178599,0.5004358720094813,0.009382198202325056,0.5255252966565258,0.4706697459584296,0.002155504234026174
industry_id,99,30,6488,0.009069549490034393,0.005741837903394611,-0.0003792065733974796,0.026605483104783792,0.057591840213358614,-0.0002564483187436455,0.00020078397080001083,0.0001227582546538341,0.009064737335053795,0.5269248572751118,0.5029468987349023,0.02364816763150746,0.5268274800765245,0.4752353031939516,0.015738311988890603
industry_id,99,60,6434,0.012602508172497216,0.008417892406715454,-0.0005449345301458665,0.010318752722711207,0.040338498718954056,-0.00029020981048939466,0.00035803779217446406,0.00025472471965647185,0.012589324451301795,0.5121306376360809,0.5054305491352082,0.014182029325997257,0.515287701892499,0.4895800933125972,0.17838258164852255
industry_id,99,120,6335,0.017192233865270027,0.012247929430937814,-0.0008152664094034748,-0.016392635906536397,0.016223089005413,-0.00038494863819816806,0.0009946599842133922,0.00043031777120530675,0.017127765693342546,0.5026045777426993,0.49817333431597,-0.0037270735881957794,0.49959251534421145,0.4781373322809787,0.39873717442778217
industry_id,99,240,6273,0.02367134919421008,0.01798819617644248,-0.0016541279888772904,0.019829977904893114,0.04202556093519681,-0.0008223487271110144,0.0021504661533445113,0.000831779261766276,0.0235580417809398,0.5169829373305693,0.5134678348807278,0.027285065185592865,0.5078176795298611,0.4785520650613937,0.4174772763514591
industry_id,99,480,5902,0.03445184552653343,0.026060441218693817,-0.0011854835785074143,0.03614685094428203,0.03563938620403383,-1.5905204555934963e-05,0.003883002563245324,0.0011695783739514793,0.034352436305246245,0.5297407219115404,0.5271512545752114,0.055416978360577254,0.5200991471100159,0.5129639044229791,0.6005761735299102
turnover_band,10-12.5,5,136969,0.004705346110385628,0.002782462566879965,-0.00022526929704947513,-0.0030598816938131605,0.029082642435801352,-0.00014698415748104534,5.1492399807205295e-05,7.828513956842981e-05,0.004699510972331977,0.5182741005459209,0.4999652074479204,-0.002205995216897666,0.5097813318725164,0.48168205038258316,0.00024847807181016274
turnover_band,10-12.5,15,136299,0.008361512824550272,0.004959953605712472,-0.00042187439574837925,0.007730065650987017,0.04025972332078014,-0.0002901026296915082,0.00019841145556051914,0.00013177176605687108,0.008350039824847352,0.5200372923411222,0.5002862948570819,0.004725770808896311,0.5162493089460541,0.4801021868874843,0.0036778470279912787
turnover_band,10-12.5,30,135402,0.011662747681554104,0.007155143205257949,-0.0005860928196937663,0.015117803622260702,0.05252872712612906,-0.0003706884465141783,0.0003090692182898652,0.0002154043731795878,0.01164858402162934,0.5180905376550644,0.5026271327819604,0.018558289884174888,0.5246324559100772,0.48387478111816296,0.020436359874987993
turnover_band,10-12.5,60,133724,0.016325478932254275,0.010486447703883888,-0.0008809435899241037,0.0299951346228837,0.06535529418994347,-0.0005667282880121232,0.0005693952614488721,0.00031421530191198045,0.01630883410318193,0.5196451678048124,0.5076455400848564,0.0305166872808558,0.5314128274396038,0.48612908292631846,0.0672415985399822
turnover_band,10-12.5,120,131267,0.02244459315762951,0.0152890132773561,-0.0012990433895394263,0.04793518360111849,0.08112375491485427,-0.0009280791884433002,0.0015711985057376729,0.0003709642010961261,0.022427256454519404,0.5303488575847384,0.5263094912066381,0.05794009618267199,0.5404263401628542,0.49033575352171693,0.2905064110866468
turnover_band,10-12.5,240,128596,0.03127689438035267,0.021998652646651008,-0.002646638940133701,0.05452864246148352,0.08815465493625109,-0.0019048853614753555,0.0031941290194073243,0.0007417535786583454,0.031175256982945754,0.532574797209541,0.5303993247716291,0.06624350659217274,0.5480786038826553,0.4945131862405799,0.301420894222319
turnover_band,10-12.5,480,121274,0.046895540013627335,0.032789842151688724,-0.005208773918622596,0.039114764378144956,0.09410728149344624,-0.001412216622636321,0.005699087462559751,0.003796557295986275,0.04647905797111932,0.539141549499031,0.5393011914370367,0.078748682618087,0.5540468769550838,0.5025934935884221,0.46942646270564464
turnover_band,12.5-15,5,77014,0.004938185234054746,0.002899239706103533,-0.00022388818836251812,-0.0014677367055813012,0.03172553332097026,-0.000146577681117713,5.867779112191501e-05,7.731050724480515e-05,0.004932672172699249,0.5217747174223724,0.5001888072825502,0.0037427932273234772,0.5095423162719676,0.47830323502663374,0.002546446667532805
turnover_band,12.5-15,15,76570,0.008857176846659228,0.005195720022929412,-0.00042074921923046174,0.009607899680667017,0.040687534639212285,-0.00031135519720219937,0.0002093758604915031,0.00010939402202826237,0.008846711633621244,0.522035094137476,0.5002855643023617,0.005030097606871739,0.5162254302609065,0.47810862719991637,0.0032271973032650873
turnover_band,12.5-15,30,75998,0.012363784429154206,0.007502208929982915,-0.0005806275945363793,0.015852252848666273,0.04691354218731601,-0.0003979001263312295,0.0003276606379709284,0.00018272746820514988,0.012350991115844418,0.5189771800068433,0.5026688352866799,0.017963203327365188,0.5217127044641166,0.48291790593003975,0.02255678677651146
turnover_band,12.5-15,60,74980,0.01705874180991766,0.010910332420715142,-0.0009401150316379226,0.02840905454496974,0.05913020937306508,-0.0006486704233535836,0.0005998037136738908,0.0002914446082843389,0.01703930121401947,0.5179202625015006,0.5075668927713256,0.03248435068924457,0.5305272662538697,0.4882954742500433,0.05754224966987235
turnover_band,12.5-15,120,73498,0.023611414193071913,0.01596514190069736,-0.0013976922919196318,0.04548741466847936,0.06936629213825371,-0.0010405946736408783,0.001659206554074182,0.0003570976182787536,0.02358713110867217,0.5231039268511716,0.5201566779271328,0.04562296754935988,0.5343246028205155,0.4937001659999456,0.2658312243176314
turnover_band,12.5-15,240,71978,0.033026003699199884,0.02314658220954003,-0.002570858402600379,0.05213243663271131,0.0752873520689032,-0.0022160208778824525,0.0033775932130624214,0.0003548375247179267,0.03292864658938271,0.5277314660442369,0.5253830984912724,0.057423088103696965,0.5394436991020344,0.49497054573746807,0.26628320551294876
turnover_band,12.5-15,480,67526,0.04873965704600968,0.034440696145201406,-0.002873081208814856,0.06040953201605033,0.08113893100769104,-0.001906350754469516,0.005854702997052529,0.0009667304543453402,0.048656341446940254,0.535091746516002,0.5329819142596188,0.06673752254878008,0.5416175061239251,0.48616027131495937,0.4228633206462983
turnover_band,5-7.5,5,494365,0.003954602967059359,0.0023953584438706865,-0.00018773928705315279,0.006598392019972135,0.026802378531352773,-0.00014659345139423732,3.960941419619733e-05,4.114583565891549e-05,0.003950206896014772,0.5175140509809328,0.500060803706831,0.003025793382941214,0.5099851716483315,0.482532582866319,0.00040348415665728585
turnover_band,5-7.5,15,492445,0.007126515549960996,0.004290743125961148,-0.0003533712458180294,0.014491974458289186,0.038015414193563454,-0.00022583279757784297,0.00015559071991097889,0.0001275384482401865,0.007118303527824355,0.5169071515003609,0.5004495868722711,0.006568405507394996,0.516872929267728,0.4833857010666748,0.00470191065963007
turnover_band,5-7.5,30,489797,0.010075895429240166,0.006215533767189785,-0.0005657490598873348,0.020008955443987366,0.04815864646137009,-0.0002921330820515981,0.00024620350535636257,0.00027361597783573665,0.01006191413438055,0.5138746397989005,0.503293487530716,0.018391547116606163,0.5243822312552422,0.4886656720688316,0.03315076331977683
turnover_band,5-7.5,60,484872,0.01409644707292836,0.009077082683685676,-0.0008575741246298418,0.03025870466116125,0.055902204299539196,-0.00033139981448574026,0.0004636993646021902,0.0005261743101441015,0.014076732192853545,0.5181667915137033,0.5142611690108639,0.037425382000030434,0.5289662180572791,0.49396503870258135,0.1762448074982511
turnover_band,5-7.5,120,477577,0.019437067455207558,0.013269686854109376,-0.0013502789511108497,0.045343584780228485,0.06125110499636321,-0.0004386117358443536,0.001333529424048666,0.0009116672152664962,0.019404760569946142,0.5184608037801292,0.5191082875453011,0.03884620963310759,0.5304838271621785,0.5036025167349469,0.4102721994621359
turnover_band,5-7.5,240,470515,0.026983350495957202,0.01904097786035429,-0.0027372448471312833,0.051335055884201265,0.06567523550163695,-0.0009404171249530368,0.0026753628588640868,0.0017968277221782462,0.02684819893816083,0.5217103850577278,0.5251569149877815,0.05101295770666343,0.5388398489934196,0.5200734698563129,0.41516208649289854
turnover_band,5-7.5,480,443514,0.03947310243147825,0.027697193963063166,-0.004928820839824955,0.04458835961023327,0.05804132700948016,0.00012172940063240136,0.004860194197022062,0.005050550240457356,0.0390787463174937,0.5304604699409191,0.5247262529527088,0.04996035811428334,0.5384440898306342,0.5367338655121093,0.5798674063049655
turnover_band,7.5-10,5,241130,0.004369692226022648,0.0026179076881723737,-0.00020317186838301072,0.001247848428283145,0.027169605682058996,-0.00014809867272555822,4.4765495144989506e-05,5.507319565745249e-05,0.004364792667695355,0.5194044483586603,0.5000668062054945,0.0036855587697654964,0.5084216893707753,0.4806495567427446,0.0003281848469993935
turnover_band,7.5-10,15,240053,0.007745106388880175,0.0046662647543740336,-0.0003955002199770971,0.007206455281737477,0.03576697852366597,-0.00025902998095724087,0.00017525646752950994,0.0001364702390198562,0.007734279162850881,0.5185038467151762,0.5002926167407183,0.005182337233662879,0.5145554816788825,0.48167128828471945,0.0031941288076225423
turnover_band,7.5-10,30,238577,0.010834903413448097,0.0067199510612330916,-0.0005898959392154155,0.012685008733215892,0.04330989466253876,-0.0003284625551357075,0.00027420362622564024,0.00026143338407970797,0.01081883676364564,0.515710055945581,0.502178569901277,0.014684147736687865,0.5212111184047196,0.4858290766043465,0.022499853216241834
turnover_band,7.5-10,60,235857,0.015081390730565367,0.009786672074224087,-0.0009182238262421249,0.02234592459646711,0.04941582364803578,-0.00044581120561785125,0.0005034179346327554,0.0004724126206242738,0.015056245460962944,0.5177586821166211,0.5104557939666142,0.03468472191559851,0.5247436131524069,0.49084284817535584,0.10105525677349303
turnover_band,7.5-10,120,231777,0.020752344197798093,0.014260700694560209,-0.0014408473387451117,0.03781007458553522,0.06232935061648346,-0.0006827307682276114,0.001412178031551193,0.0007581165705175004,0.020707506806715643,0.523074068320301,0.5225279884872209,0.048074002833291524,0.5317023491952475,0.4984335352907669,0.32562615435071546
turnover_band,7.5-10,240,227689,0.028706136904232273,0.020429514188062315,-0.0026766172800532875,0.04615059105101305,0.06831875258692816,-0.0014071161770248346,0.002867636688695875,0.0012695011030284524,0.028569505265451395,0.5246296979600443,0.5274800995731523,0.0579352809193603,0.5392872065233264,0.5089698311457839,0.34160473002653174
turnover_band,7.5-10,480,213612,0.04323214416101511,0.03032214945585117,-0.0046648464395951245,0.038502446508063455,0.06894910554527525,-0.0005899271509664236,0.00514077946218578,0.0040749192886287006,0.04286957492965973,0.5292385340000375,0.5280857829748566,0.05616260550087946,0.5413875038287121,0.5255772796224507,0.5239713841601588
